ranking,ticker,empresa,pais,divisa,sector,industria,precio,cap_meur,vol_meur,per,ev_ebitda,p_fcf,fcf_meur,roe,deuda_neta_ebitda,rent_12m,revision,error,s_per,s_ev_ebitda,s_p_fcf,score_valoracion,score_calidad,score_momentum,puntuacion,indice
1,MU,"Micron Technology, Inc.",United States,USD,Technology,Semiconductors,1088.0,1097054.4768283914,31937.082352839076,14.461507063038122,10.93800014527435,42.06097044731738,26082.481339856025,0.8826,-0.35146955379291417,4.436281,Sube,,0.8762886597938144,0.845360824742268,0.3711340206185567,0.6975945017182131,0.8704081632653061,0.9979591836734694,84.0,S&P 500
2,APA,APA Corporation,United States,USD,Energy,Oil & Gas E&P,43.81,13703.496580476269,217.92897222120286,9.152594060146702,3.2842481799125878,7.149831138368182,1916.6182131126304,0.26659,0.6008741146853148,0.8639053,Sube,,0.8125,0.96875,0.9375,0.90625,0.6224489795918368,0.9602040816326531,83.7,S&P 500
3,WEX,WEX Inc.,United States,USD,Technology,Software - Infrastructure,169.96,5171.553080004153,98.10342710590896,16.516996308982037,5.482309102476108,4.351018361595875,1188.5845221088246,0.3019,-0.8084278714161593,0.09376192,Sube,,0.7938144329896908,0.9896907216494846,1.0,0.9278350515463917,0.7836734693877552,0.7540816326530613,83.2,S&P 400 MidCap
4,NDX1.DE,Nordex SE                     I,Germany,EUR,Industrials,Specialty Industrial Machinery,35.48,8404.22224992,18.25052172,20.969507394684754,8.70352753342731,18.652769461559476,450.561632,0.32355,-1.8424840377461136,0.5137615,Sube,,0.6267605633802817,0.8741258741258742,0.7552447552447552,0.7520437309169704,0.8397959183673469,0.9244897959183673,83.0,MDAX
5,SDF.DE,K+S Aktiengesellschaft        N,Germany,EUR,Basic Materials,Agricultural Inputs,15.15,2713.365,16.1702616,2.5542360145575143,1.9112533563955902,7.9509615964363105,341.262496,0.21958,0.12402842844301185,0.2724979,Sube,,1.0,1.0,0.9655172413793104,0.9885057471264368,0.5928571428571429,0.8326530612244898,82.3,MDAX
6,ANF,Abercrombie & Fitch Company,United States,USD,Consumer Cyclical,Apparel Retail,139.44,5282.741422388496,189.09703330381367,11.039703870044104,7.164379454152339,13.575518827070306,389.1373500845087,0.40609002,0.7085736119712477,0.8383825,Sube,,0.8333333333333334,0.85,0.7166666666666667,0.7999999999999999,0.6989795918367347,0.9591836734693877,81.7,S&P 400 MidCap
7,EXPE,"Expedia Group, Inc.",United States,USD,Consumer Cyclical,Travel Services,258.86,26461.16719561089,423.0735505139309,14.557174039420433,9.758272457203764,8.62992745512462,3066.209691009364,0.89489,-0.49723192236874963,0.19952953,Sube,,0.6166666666666667,0.6333333333333333,0.9166666666666666,0.7222222222222222,0.889795918367347,0.8081632653061224,79.8,S&P 500
8,ULS,UL Solutions Inc.,United States,USD,Industrials,Specialty Business Services,67.13,4663.325070436644,53.376617478851955,10.322645770652173,7.302716726699027,12.42154282984542,375.42237178718295,0.38712,0.05825242718446607,-0.064193785,Sube,,0.9577464788732395,0.9300699300699301,0.8811188811188811,0.9229784300206836,0.7714285714285714,0.6479591836734694,79.5,S&P 400 MidCap
9,THC,Tenet Healthcare Corporation,United States,USD,Healthcare,Medical Care Facilities,259.83,18678.49217657598,226.87667361813118,9.335677093923843,6.605955864342547,9.307123883617674,2006.902713463792,0.37337002,2.2869528370231365,0.32650757,Sube,,0.9830508474576272,0.9830508474576272,0.9830508474576272,0.9830508474576272,0.4683673469387755,0.8571428571428572,79.1,S&P 400 MidCap
10,SNDK,Sandisk Corporation,United States,USD,Technology,Computer Hardware,1692.42,221238.00687040298,19549.335314600296,21.674315320526212,19.278865580904128,32.095124634922726,6893.196689121866,0.9164,-0.36149638544311397,11.804288,Sube,,0.6391752577319587,0.5670103092783505,0.4742268041237113,0.5601374570446734,0.8765306122448979,1.0,78.7,S&P 500
11,JAZZ,Jazz Pharmaceuticals plc,Ireland,USD,Healthcare,Biotechnology,231.19,13398.78521644677,176.44879560590687,15.952770822310237,8.934355105014594,10.49928336612497,1276.1618816458265,0.22114,1.14656101465466,0.67491853,Sube,,0.847457627118644,0.8983050847457628,0.9661016949152542,0.903954802259887,0.4744897959183674,0.9408163265306122,78.6,S&P 400 MidCap
12,BBY.L,BALFOUR BEATTY PLC ORD 50P,United Kingdom,GBp,Industrials,Engineering & Construction,874.5,4830.507154473137,13.652145774628254,15.818325653513513,16.32246742994709,11.7055609836,412.6677193208329,0.23518999,-5.3544973544973535,0.37404585,Sube,,0.8028169014084507,0.4405594405594405,0.9020979020979021,0.7151580813552645,0.7581632653061225,0.8816326530612245,77.8,FTSE 100
13,ADBE,Adobe Inc.,United States,USD,Technology,Software - Application,232.77,80882.39211692575,1043.4327343980342,12.437409003840843,9.250689411739497,9.694260949420997,8343.327308695623,0.61902,0.11545830119458066,-0.3147034,Sube,,0.9484536082474226,0.9072164948453608,0.9587628865979382,0.9381443298969073,0.8081632653061225,0.5336734693877551,77.8,S&P 500
14,MLI,"Mueller Industries, Inc.",United States,USD,Industrials,Metal Fabrication,60.22,11891.687262234627,81.36743741058682,15.660690651020214,10.949384906315085,25.373470646109052,468.66616822315484,0.26325,-1.2771319311820741,0.28915668,Sube,,0.8169014084507042,0.7622377622377623,0.5664335664335665,0.7151909123740111,0.7581632653061224,0.8377551020408163,76.5,S&P 400 MidCap
15,DECK,Deckers Outdoor Corporation,United States,USD,Consumer Cyclical,Footwear & Accessories,80.38,9772.853821475817,200.28336081375832,10.786230012277798,7.39728589518599,12.56144367128575,778.004031798958,0.42558,-0.8517505459378261,-0.17389983,Sube,,0.85,0.8333333333333334,0.7833333333333333,0.8222222222222223,0.8530612244897959,0.5928571428571429,76.3,S&P 500
16,ACS.MC,"ACS,ACTIVIDADES DE CONSTRUCCION",Spain,EUR,Industrials,Engineering & Construction,92.95,24244.3953752,45.056583,23.996891816950246,10.642201442765652,8.151761393816622,2974.129664,0.2408,0.2010636866975218,0.3504213,Sube,,0.5422535211267605,0.7902097902097902,0.972027972027972,0.7681637611215075,0.6244897959183673,0.8704081632653061,75.6,IBEX 35
17,NEM,Newmont Corporation,United States,USD,Basic Materials,Gold,113.54,106811.2095903579,740.9655511077586,13.916042547104785,6.813531539539926,13.570543987098372,7870.812672793678,0.25905,-0.199964846148171,0.36591947,Sube,,0.6896551724137931,0.6896551724137931,0.7241379310344828,0.7011494252873564,0.6938775510204083,0.8765306122448979,75.2,S&P 500
18,CCC.L,COMPUTACENTER PLC ORD 7 5/9P,United Kingdom,GBp,Technology,Information Technology Services,5450.0,6743.816007089973,23.477397563550692,27.99657423886441,15.251706571116571,19.86438042124585,339.492894521752,0.22564,-0.36309036309036313,0.9745455,Sube,,0.5567010309278351,0.7010309278350515,0.6907216494845361,0.6494845360824743,0.6602040816326531,0.9683673469387755,74.8,FTSE 100
19,BBY,"Best Buy Co., Inc.",United States,USD,Consumer Cyclical,Specialty Retail,84.59,15839.04395112969,272.9122225160851,13.947221677531445,7.437687925838065,12.641572122360547,1252.93308441546,0.43126,0.6611918062003633,0.1278745,Sube,,0.65,0.8166666666666667,0.75,0.7388888888888889,0.7193877551020409,0.7744897959183674,74.4,S&P 500
20,FPE3.DE,FUCHS SE                      N,Germany,EUR,Basic Materials,Specialty Chemicals,43.5,2849.25,3.9571515,8.38014705882353,4.984622144112478,13.025202877277716,218.748992,0.17584999,-0.022847100175746926,0.12686956,Sube,,0.896551724137931,0.896551724137931,0.8275862068965517,0.8735632183908045,0.5428571428571429,0.773469387755102,74.4,MDAX
21,NTAP,"NetApp, Inc.",United States,USD,Technology,Software - Infrastructure,235.77,41345.304917460795,542.6376687116228,32.658468835578276,21.607497639126564,39.534487041022466,1045.803499981152,1.14818,-0.4973746253785317,0.8988446,Sube,,0.4329896907216495,0.5257731958762887,0.4020618556701031,0.4536082474226804,0.9061224489795918,0.963265306122449,74.2,S&P 500
22,GMED,"Globus Medical, Inc.",United States,USD,Healthcare,Medical Devices,73.75,7363.453605187877,98.77830540485616,15.403658698358388,7.6852470537772914,14.882123241106088,494.78515168112534,0.118140005,-0.47830586856249,0.28216743,Sube,,0.864406779661017,0.9661016949152542,0.8135593220338984,0.8813559322033898,0.4632653061224489,0.8357142857142856,74.2,S&P 400 MidCap
23,WDC,Western Digital Corporation,United States,USD,Technology,Computer Hardware,405.42,135489.6569582277,2771.476959797624,16.34268210139672,30.261923948721762,66.8906377374012,2025.5399192056145,1.30853,-0.07756897439600731,2.4339182,Sube,,0.8144329896907216,0.30927835051546393,0.23711340206185572,0.4536082474226804,0.8693877551020408,0.9959183673469387,74.1,S&P 500
24,CHRD,Chord Energy Corporation,United States,USD,Energy,Oil & Gas E&P,136.05,6643.900590257633,88.54453367727936,8.85143052877982,3.126609773924202,7.741810723222855,858.1843224774462,0.10312,0.3344024542361758,0.43305194,Sube,,0.875,1.0,0.875,0.9166666666666666,0.3438775510204082,0.9020408163265305,74.0,S&P 400 MidCap
25,ENS,EnerSys,United States,USD,Industrials,Electrical Equipment & Parts,182.49,5876.000905765386,84.26734164939637,18.66844857624781,11.54094859614983,10.707619051616613,548.7682067731239,0.18363,0.9297325790357385,0.6957977,Sube,,0.7183098591549295,0.7272727272727273,0.9300699300699301,0.7918841721658624,0.4459183673469388,0.9469387755102041,73.5,S&P 400 MidCap
26,CF,"CF Industries Holdings, Inc.",United States,USD,Basic Materials,Agricultural Inputs,114.44,15462.523099178723,250.9826147578449,8.251136288293129,4.7643005004170496,13.565017621555391,1139.8822714839762,0.29867,0.29253807248190977,0.3093331,Igual,,0.9310344827586207,0.9310344827586207,0.7586206896551724,0.8735632183908045,0.6846938775510204,0.5948979591836735,73.3,S&P 500
27,FSLR,"First Solar, Inc.",United States,USD,Technology,Solar,180.13,17283.296885394688,364.3553569978399,11.08727275075062,7.471217865527066,12.109036698441118,1427.3056821786402,0.18509,-0.6425055314304132,-0.23260778,Sube,,0.9690721649484536,0.9587628865979382,0.865979381443299,0.9312714776632302,0.6214285714285714,0.5714285714285714,73.0,S&P 500
28,JBL,Jabil Inc.,United States,USD,Technology,Electronic Components,299.47,28016.588238405013,311.705835873627,30.115728927859884,13.373695007845246,24.602578404976473,1138.7663429918375,0.66369003,0.9062375820417979,0.5103805,Sube,,0.4742268041237113,0.7422680412371134,0.5670103092783505,0.5945017182130584,0.7142857142857142,0.9214285714285715,72.9,S&P 500
29,IDR.MC,"INDRA SISTEMAS S.A., SERIE A",Spain,EUR,Technology,Information Technology Services,58.74,10280.51955018,53.0398704,23.34333110869915,13.278736240960495,42.172490347500165,243.77312,0.24458,-1.8386518597000354,0.45365858,Sube,,0.5979381443298969,0.7525773195876289,0.3608247422680413,0.5704467353951891,0.7540816326530613,0.9091836734693878,72.7,IBEX 35
30,FRES.L,FRESNILLO PLC ORD USD0.50,Mexico,GBp,Basic Materials,Other Precious Metals & Mining,2688.0,23354.28071076658,33.58123776315848,11.471991928817673,6.0850188831937455,13.080301767405796,1785.4542751423394,0.52975,-0.40956849520025507,0.12907267,Igual,,0.7931034482758621,0.7586206896551724,0.7931034482758621,0.7816091954022989,0.8489795918367347,0.5255102040816326,72.5,FTSE 100
31,NTNX,"Nutanix, Inc.",United States,USD,Technology,Software - Infrastructure,73.42,17735.705064828297,174.81899276566577,13.183418410649159,51.1718044879395,27.2974604155091,649.719966431446,374.6021,-2.259314369324784,0.067471266,Sube,,0.9175257731958762,0.12371134020618557,0.5360824742268041,0.5257731958762886,0.9806122448979592,0.7336734693877551,72.5,S&P 400 MidCap
32,GHC,Graham Holdings Company,United States,USD,Industrials,Conglomerates,1169.6,3415.563471823749,31.14173731795288,7.081674026406209,6.11781897845772,14.291702950093002,238.98925717606818,0.118710004,0.32019804336737717,0.1400224,Sube,,1.0,0.965034965034965,0.8391608391608392,0.9347319347319347,0.3826530612244898,0.7816326530612245,72.3,S&P 400 MidCap
33,QLYS,"Qualys, Inc.",United States,USD,Technology,Software - Infrastructure,194.75,6123.279154548012,125.66412253719949,33.206058337448674,25.469549788526635,28.064647154496548,218.18479031071422,0.38592,-1.464389283778795,0.5405301,Sube,,0.4226804123711341,0.4329896907216495,0.5154639175257731,0.4570446735395189,0.8642857142857143,0.9275510204081633,72.0,S&P 400 MidCap
34,GEV,GE Vernova Inc.,United States,USD,Industrials,Specialty Industrial Machinery,997.09,237090.65587209733,2082.970037921288,27.868459656088934,65.33194451185271,16.890753954021786,14036.712423701172,0.82577,-2.29182578388672,0.6455512,Sube,,0.3802816901408451,0.006993006993006978,0.7832167832167832,0.39016382678354516,0.9408163265306122,0.936734693877551,71.9,S&P 500
35,DINO,HF Sinclair Corporation,United States,USD,Energy,Oil & Gas Refining & Marketing,115.63,18353.418980121012,285.36852976275134,10.825247902608812,6.748017945141518,10.098690507248447,1817.4058277107952,0.19504999,0.3359325929509134,1.1895299,Sube,,0.65625,0.46875,0.8125,0.6458333333333334,0.5448979591836735,0.9755102040816326,71.4,S&P 400 MidCap
36,RL,Ralph Lauren Corporation,United States,USD,Consumer Cyclical,Apparel Manufacturing,361.14,12155.761940937824,202.24156283364036,13.852198820928233,9.21266989820487,15.47042306982553,785.7420502382495,0.37537,0.6667712176751192,0.14164054,Sube,,0.6833333333333333,0.6666666666666667,0.6666666666666667,0.6722222222222222,0.6938775510204082,0.7826530612244897,71.2,S&P 500
37,GDDY,GoDaddy Inc.,United States,USD,Technology,Software - Infrastructure,97.21,10991.637901437462,186.32912801732445,13.524577472320686,10.841423283530753,10.217372623230872,1075.779293440485,4.42861,1.9136330482432813,-0.26621825,Sube,,0.8969072164948454,0.8556701030927836,0.9381443298969072,0.8969072164948454,0.6224489795918368,0.5479591836734694,71.0,S&P 500
38,G,Genpact Limited,Bermuda,USD,Technology,Information Technology Services,33.65,5023.953740148526,65.73926466468475,9.657856287563972,7.418751422406962,11.737278826565788,428.0339433342477,0.22447,1.0169658759575029,-0.16749626,Sube,,0.9896907216494846,0.9690721649484536,0.8865979381443299,0.9484536082474228,0.5010204081632653,0.5959183673469388,70.8,S&P 400 MidCap
39,BMY,Bristol-Myers Squibb Company,United States,USD,Healthcare,Drug Manufacturers - General,59.7,108877.00981708818,597.9483863262162,13.138339435995201,8.237510192160661,15.028891619914807,7244.5136055685625,0.46598998,1.7953514078079755,0.33370638,Igual,,0.9322033898305084,0.9152542372881356,0.7966101694915254,0.8813559322033898,0.5704081632653062,0.6142857142857143,70.8,S&P 500
40,HRB,"H&R Block, Inc.",United States,USD,Consumer Cyclical,Personal Services,43.16,4720.0552586819085,82.48561313372444,7.216174890313281,6.242389360487717,8.461631206650871,557.818598259391,7.13542,1.1102011037841801,-0.14104372,Igual,,0.9333333333333333,0.95,0.9333333333333333,0.9388888888888888,0.7387755102040816,0.363265306122449,70.6,S&P 400 MidCap
41,PEGA,Pegasystems Inc.,United States,USD,Technology,Software - Application,34.35,5041.917864779811,79.02069976099106,17.42803225798985,25.547894655405347,11.129853723137984,453.0084572718245,0.54693,-1.3824017007988214,-0.38467008,Sube,,0.7525773195876289,0.4226804123711341,0.9072164948453608,0.6941580756013747,0.9020408163265305,0.5244897959183673,70.6,S&P 400 MidCap
42,GOOG,Alphabet Inc.,United States,USD,Communication Services,Internet Content & Information,347.37,1714099.0814582491,5573.188011101251,7.864664486433845,10.384554308564153,84.7083127588802,20235.31133641374,0.48676,-0.7027037421946937,0.4226911,Sube,,0.7777777777777778,0.4736842105263158,0.052631578947368474,0.4346978557504874,0.8663265306122448,0.8969387755102041,70.3,S&P 500
43,ARW,"Arrow Electronics, Inc.",United States,USD,Technology,Electronics & Computer Distribution,232.0,10544.019111442656,116.99776715647207,14.551323539489,9.340594246231735,16.115073392895443,654.2954446668009,0.12036,1.3096606348980873,1.0405738,Sube,,0.865979381443299,0.8865979381443299,0.7422680412371134,0.8316151202749141,0.2540816326530612,0.9704081632653061,70.0,S&P 400 MidCap
44,WMG,Warner Music Group Corp.,United States,USD,Communication Services,Entertainment,28.16,3714.102611088,52.52114419872438,6.25573155031579,5.060443507751196,10.883091314818735,341.2727600687104,0.70074,2.5723684593301432,-0.13987541,Sube,,1.0,0.8421052631578947,0.8947368421052632,0.912280701754386,0.49183673469387756,0.6142857142857143,69.7,S&P 400 MidCap
45,SNA,Snap-On Incorporated,United States,USD,Industrials,Tools & Accessories,359.89,16620.43020418059,100.91697188749639,18.00916632741929,12.915488736887573,16.7791753721299,990.539155564642,0.17932,-0.23610026735767678,0.110973835,Sube,,0.7394366197183099,0.6783216783216783,0.7902097902097902,0.7359893627499261,0.5755102040816327,0.7642857142857142,69.6,S&P 500
46,LEA,Lear Corporation,United States,USD,Consumer Cyclical,Auto Parts,119.63,5268.163774763231,68.62904230239931,10.612808484388488,4.948059221769828,6.869391440425117,766.9040002235201,0.12094,1.4762296634502234,0.23394358,Sube,,0.8666666666666667,0.9833333333333333,0.9666666666666667,0.938888888888889,0.2346938775510204,0.8224489795918367,69.3,S&P 400 MidCap
47,NXT,Nextpower Inc.,United States,USD,Technology,Solar,86.04,11655.331617941476,189.7786353772636,21.9757571743663,15.861899367375752,40.28624279891715,289.31294675746625,0.27224,-1.56958871006404,0.12216556,Sube,,0.6185567010309279,0.6804123711340206,0.3917525773195877,0.5635738831615121,0.786734693877551,0.7693877551020408,69.2,S&P 400 MidCap
48,CTSH,Cognizant Technology Solutions ,United States,USD,Technology,Information Technology Services,57.07,24100.339596870657,394.2731487095958,12.159509009009009,6.946756689791873,12.184206549359237,1977.998279923947,0.14924,0.25842418235877107,-0.1660108,Sube,,0.9587628865979382,0.979381443298969,0.8556701030927836,0.9312714776632302,0.46122448979591835,0.5989795918367347,69.1,S&P 500
49,LNTH,"Lantheus Holdings, Inc.",United States,USD,Healthcare,Drug Manufacturers - Specialty & Generic,100.18,5840.466352203663,119.48490078281314,23.761797524906484,16.75926226929466,14.483902522052182,403.23844649681774,0.22215,0.08071905831028744,0.9078069,Sube,,0.47457627118644063,0.27118644067796616,0.8813559322033898,0.5423728813559322,0.613265306122449,0.9642857142857143,69.0,S&P 400 MidCap
50,ADP,"Automatic Data Processing, Inc.",United States,USD,Technology,Software - Application,264.0,93396.16584368306,531.2756205420835,23.702370215798698,16.517189992513103,19.952205107949627,4680.994673940621,0.72239,0.20036807586723243,-0.08230436,Sube,,0.5876288659793815,0.6494845360824743,0.6804123711340206,0.6391752577319588,0.8081632653061225,0.639795918367347,69.0,S&P 500
51,GOOGL,Alphabet Inc.,United States,USD,Communication Services,Internet Content & Information,350.5,1835987.8016302243,8479.712433078344,8.42391680691107,11.172963630196675,90.73187810687833,20235.31133641374,0.48676,-0.7027037421946937,0.43948996,Sube,,0.7222222222222222,0.42105263157894735,0.0,0.3810916179337232,0.8663265306122448,0.9051020408163265,68.4,S&P 500
52,INCY,Incyte Corporation,United States,USD,Healthcare,Biotechnology,113.44,20529.070500260943,164.62583447132488,14.260899952741747,9.522955251372053,19.475499454842623,1054.0972542378804,0.30667,-2.3155243241542287,0.3301475,Baja,,0.9152542372881356,0.864406779661017,0.6610169491525424,0.8135593220338984,0.8295918367346939,0.35918367346938773,68.2,S&P 500
53,TGT,Target Corporation,United States,USD,Consumer Defensive,Discount Stores,150.92,61211.85196014805,536.2405888549204,15.610579984999998,9.582993535312335,19.971356997461942,3064.982112528816,0.26408002,1.604212699792006,0.7320988,Sube,,0.6842105263157895,0.7105263157894737,0.4736842105263158,0.6228070175438597,0.476530612244898,0.9520408163265306,67.8,S&P 500
54,EXPD,Expeditors International of Was,United States,USD,Industrials,Integrated Freight & Logistics,190.85,22149.21480982414,187.62573302113321,27.001238417466414,19.264284700505286,31.105672967541693,712.0635143607573,0.4267,-0.36730066325890837,0.6503184,Sube,,0.4084507042253521,0.25874125874125875,0.4405594405594405,0.36925046784201715,0.823469387755102,0.9377551020408164,67.6,S&P 500
55,NXPI,NXP Semiconductors N.V.,Netherlands,USD,Technology,Semiconductors,235.22,52955.58611740465,762.142509157728,19.937497725136183,13.233633285807002,16.68468521531931,3173.9038186218004,0.27921,1.529992004799141,0.10369432,Sube,,0.7010309278350515,0.7628865979381443,0.731958762886598,0.731958762886598,0.5061224489795919,0.7612244897959184,67.3,S&P 500
56,MMM,3M Company,United States,USD,Industrials,Conglomerates,162.12,74646.0365986639,458.02362968904873,27.897537547374846,14.097706175715167,13.166499479414348,5669.391223944679,0.81891996,1.211004843403206,0.070382,Sube,,0.37323943661971826,0.5944055944055944,0.8531468531468531,0.6069306280573886,0.6816326530612244,0.7377551020408163,66.9,S&P 500
57,AYI,Acuity Inc.,United States,USD,Industrials,Electrical Equipment & Parts,300.42,8029.1614167641155,82.23336438692081,16.9268530580463,10.746987942603695,14.469921129665044,554.8863290141497,0.18645,0.07252221996523564,-0.15992904,Sube,,0.7676056338028169,0.7832167832167832,0.8321678321678322,0.7943300830624774,0.5663265306122449,0.6010204081632653,66.8,S&P 400 MidCap
58,CCH.L,COCA-COLA HBC AG ORD CHF6.70 (C,Switzerland,GBp,Consumer Defensive,Beverages - Non-Alcoholic,4248.0,18254.597189525128,33.84731506131079,18.361091520343116,10.951375349697422,11.457998481777073,1593.17504,0.25959998,0.7958277199073786,0.26598918,Sube,,0.5,0.4736842105263158,0.868421052631579,0.6140350877192983,0.5724489795918367,0.8316326530612245,66.7,FTSE 100
59,LMT,Lockheed Martin Corporation,United States,USD,Industrials,Aerospace & Defense,499.22,102864.26542126102,504.32786611970687,18.32596763795102,13.632475104200413,20.712408119469174,4966.311248211213,0.89165,1.7300619107438016,0.004647851,Sube,,0.7253521126760563,0.6433566433566433,0.6783216783216783,0.6823434781181259,0.6153061224489795,0.6948979591836735,66.6,S&P 500
60,CPAY,"Corpay, Inc.",United States,USD,Technology,Software - Infrastructure,402.43,23590.802984710994,177.9456585630503,23.31126868216533,12.143851956945312,13.577083554332544,1737.5456879458475,0.29215,2.701121887309566,0.3918295,Sube,,0.6082474226804124,0.7835051546391752,0.7938144329896908,0.7285223367697595,0.36020408163265305,0.8877551020408163,66.6,S&P 500
61,EDV.L,ENDEAVOUR MINING PLC ORD USD0.0,United Kingdom,GBp,Basic Materials,Gold,4104.0,11663.705114429467,35.35302713484475,15.554454482771131,4.499855849847397,7.406106391291124,1574.8767973607391,0.31336,-0.060069842877651,0.32410324,Baja,,0.5517241379310345,0.9655172413793104,1.0,0.8390804597701149,0.736734693877551,0.3551020408163265,66.3,FTSE 100
62,DHL.DE,DHL AG                        N,Germany,EUR,Industrials,Integrated Freight & Logistics,55.56,62185.15435884,86.21228532,16.729931511852467,10.225813037451934,11.46190847631311,5425.375232,0.18090001,2.8201737690278237,0.4448161,Sube,,0.7746478873239436,0.8111888111888113,0.916083916083916,0.8339735381988902,0.19081632653061226,0.9071428571428571,66.3,DAX
63,PTC,PTC Inc.,United States,USD,Technology,Software - Application,193.6,18776.65336040945,351.936716730359,17.184963618524204,17.467111282919248,20.390427070756562,920.8563065036757,0.35053003,0.9845403272955046,-0.04322821,Sube,,0.7731958762886598,0.6185567010309279,0.6597938144329897,0.683848797250859,0.633673469387755,0.6622448979591837,66.2,S&P 500
64,EAT,"Brinker International, Inc.",United States,USD,Consumer Cyclical,Restaurants,185.31,6929.034823533927,199.55681704870975,15.936378420123203,11.116776519262585,21.11410221502328,328.17094248050586,1.19568,1.945166627274876,0.5303761,Sube,,0.5166666666666666,0.5,0.5,0.5055555555555555,0.6020408163265306,0.9255102040816326,66.0,S&P 400 MidCap
65,M,Macy's Inc,United States,USD,Consumer Cyclical,Department Stores,22.79,5314.13783326216,115.18817372100617,7.936287683120001,6.962296927385714,9.838373160892562,540.143959408432,0.15993,2.7107142399999997,0.29976857,Sube,,0.9166666666666666,0.9,0.8833333333333333,0.9,0.15612244897959185,0.8428571428571429,66.0,S&P 400 MidCap
66,TTE.PA,TOTALENERGIES,France,EUR,Energy,Oil & Gas Integrated,75.42,166487.74707798002,267.00135606,10.454572965554444,5.4899930006451525,13.781173825227143,12080.810327870307,0.14479999,0.7868852797717729,0.48064137,Sube,,0.75,0.6875,0.59375,0.6770833333333334,0.37857142857142856,0.9132653061224489,65.8,CAC 40
67,IESC,"IES Holdings, Inc.",United States,USD,Industrials,Engineering & Construction,308.83,10987.222488945214,88.87861187694153,27.09681132751941,21.75315669331205,37.355367329182165,294.1270097044917,0.44522998,-0.5638274336283187,0.7270385,Sube,,0.4014084507042254,0.2027972027972028,0.29370629370629375,0.299303982402574,0.8459183673469388,0.95,65.8,S&P 400 MidCap
68,SHEL.L,SHELL PLC ORD EUR0.07,United Kingdom,GBp,Energy,Oil & Gas Integrated,3648.0,244958.66652926325,430.69131652957606,10.564525598941735,5.486907018706897,12.786210106363882,19158.035453159322,0.14341,0.7239301746671454,0.3149649,Sube,,0.71875,0.71875,0.71875,0.71875,0.38571428571428573,0.85,65.8,FTSE 100
69,TTC,Toro Company (The),United States,USD,Industrials,Tools & Accessories,96.42,8148.98041476323,63.02778136985946,25.123707422956237,14.890354671555821,15.010697891187927,542.8781842013562,0.26447,1.3401128266033253,0.33203125,Sube,,0.4859154929577465,0.5314685314685315,0.8251748251748252,0.6141862832003677,0.5081632653061224,0.860204081632653,65.6,S&P 400 MidCap
70,EXEL,"Exelixis, Inc.",United States,USD,Healthcare,Biotechnology,58.44,12928.066293914359,121.9555259670028,16.825442132374583,13.531923506145453,19.57559251630617,660.4176237907219,0.44393003,-0.6600432767324805,0.5123153,Baja,,0.7966101694915254,0.6101694915254237,0.6440677966101696,0.6836158192090395,0.8510204081632653,0.42244897959183675,65.5,S&P 400 MidCap
71,VNT,Vontier Corporation,United States,USD,Technology,Scientific & Technical Instruments,32.27,3895.200398477497,41.03567690207591,12.537080459770115,8.620340780567576,12.550605107241543,310.3595695342223,0.289,2.381381536113555,-0.17091644,Sube,,0.9381443298969072,0.9175257731958762,0.8144329896907216,0.8900343642611684,0.3989795918367347,0.5938775510204082,65.4,S&P 400 MidCap
72,BF-B,Brown Forman Inc,United States,USD,Consumer Defensive,Beverages - Wineries & Distilleries,25.94,6725.056394711643,53.90025984388448,10.447358961220527,8.155603496661044,10.986392776469023,612.1259754262169,0.18122,1.804384431703204,-0.037618697,Sube,,0.9473684210526316,0.8421052631578947,0.8947368421052632,0.8947368421052632,0.32091836734693874,0.6632653061224489,65.3,S&P 500
73,EOG,"EOG Resources, Inc.",United States,USD,Energy,Oil & Gas E&P,144.21,68576.28453245267,393.1423850252282,11.170790787024078,5.52972492946649,17.14995405952767,3998.627885207369,0.22507,0.2306312636994002,0.2891351,Sube,,0.59375,0.625,0.4375,0.5520833333333334,0.5989795918367347,0.8367346938775511,65.2,S&P 500
74,EME,"EMCOR Group, Inc.",United States,USD,Industrials,Engineering & Construction,784.66,30900.943925188043,282.6080156187148,24.04966969148994,17.198917657045445,35.379664626892705,873.4097468436627,0.40348998,-0.18908719859785078,0.21105123,Sube,,0.5352112676056338,0.3846153846153846,0.3356643356643356,0.41849699596178463,0.7989795918367347,0.8122448979591836,65.1,S&P 500
75,AENA.MC,"AENA, S.M.E., S.A.",Spain,EUR,Industrials,Airports & Air Services,25.36,38040.0,30.56339016,16.945240963821075,11.688200633912134,25.560699064638605,1488.222208,0.27127,1.6633628174460293,0.15254235,Sube,,0.7605633802816901,0.7202797202797202,0.5594405594405594,0.68009455333399,0.4744897959183673,0.786734693877551,65.0,IBEX 35
76,R,"Ryder System, Inc.",United States,USD,Industrials,Rental & Leasing Services,232.32,7953.72637917408,61.16510687150259,18.033895493441296,6.159807463719843,9.385035052852842,847.4903220266954,0.16697,2.958677686900693,0.28172147,Sube,,0.7323943661971831,0.958041958041958,0.958041958041958,0.8828260940936997,0.1520408163265306,0.8346938775510204,64.9,S&P 400 MidCap
77,MUSA,Murphy USA Inc.,United States,USD,Consumer Cyclical,Specialty Retail,511.52,8394.029168187033,122.47241905916651,15.233174169539856,9.73758536179337,24.30691597063082,345.33501404823386,0.86394,2.1012020792722543,0.39679813,Sube,,0.55,0.65,0.4,0.5333333333333333,0.560204081632653,0.8887755102040816,64.8,S&P 400 MidCap
78,SHELL.AS,SHELL PLC,United Kingdom,EUR,Energy,Oil & Gas Integrated,43.25,246315.441121,190.89083825,10.623040286784732,5.513288146815511,12.857030237950651,19158.035453159322,0.14341,0.7239301746671454,0.3459561,Sube,,0.6875,0.65625,0.6875,0.6770833333333334,0.38571428571428573,0.8693877551020408,64.7,AEX
79,JKHY,"Jack Henry & Associates, Inc.",United States,USD,Technology,Information Technology Services,145.69,9119.609492177544,133.64874269229497,20.31643740813006,14.639955768570129,29.00036499047037,314.46533501127595,0.24040002,0.0936537843186542,-0.033460498,Sube,,0.6804123711340206,0.7216494845360825,0.5051546391752577,0.6357388316151202,0.639795918367347,0.6663265306122449,64.6,S&P 500
80,BR,"Broadridge Financial Solutions,",United States,USD,Technology,Information Technology Services,160.13,16140.646187487973,156.8427176183345,16.07994450733948,11.716629542301986,15.13493730303725,1066.4494912872153,0.40916002,1.7228856154033607,-0.32231337,Sube,,0.8247422680412371,0.8144329896907216,0.7628865979381443,0.8006872852233676,0.5551020408163265,0.5306122448979592,64.6,S&P 500
81,FTNT,"Fortinet, Inc.",United States,USD,Technology,Software - Infrastructure,189.28,123989.66219236354,780.6409141152295,65.48654601983803,52.149286116914126,61.298591617837765,2022.7163287106061,1.17442,-1.3514908365454141,1.219167,Sube,,0.15463917525773196,0.11340206185567014,0.24742268041237114,0.17182130584192443,0.9438775510204082,0.9775510204081632,64.5,S&P 500
82,PATH,"UiPath, Inc.",United States,USD,Technology,Software - Infrastructure,13.07,5326.438746698487,774.6312594861802,16.484515801593947,25.79266188136139,12.579647148851787,423.4171820299952,0.20027,-6.522855794335551,-0.29227448,Sube,,0.8041237113402062,0.4020618556701031,0.8041237113402062,0.6701030927835051,0.7122448979591837,0.539795918367347,64.4,S&P 400 MidCap
83,TPR,"Tapestry, Inc.",United States,USD,Consumer Cyclical,Luxury Goods,113.42,20093.834267908267,306.6584091125228,14.73230147350504,12.50834503848429,16.07695885012102,1249.8529389317314,1.97135,1.3857672605166533,0.028815627,Sube,,0.6,0.41666666666666663,0.65,0.5555555555555555,0.6938775510204083,0.7091836734693877,64.3,S&P 500
84,REGN,"Regeneron Pharmaceuticals, Inc.",United States,USD,Healthcare,Biotechnology,742.12,67010.36254854205,491.2685250596382,17.33925126934371,14.836767460241576,24.485830453328084,2736.699605768694,0.14043,-1.1245321537938076,0.29622746,Sube,,0.7796610169491526,0.44067796610169496,0.5084745762711864,0.576271186440678,0.5316326530612244,0.8408163265306122,64.2,S&P 500
85,AAPL,Apple Inc.,United States,USD,Technology,Consumer Electronics,336.67,4386703.350300958,13682.96473573078,38.10922750755858,29.384358589242918,45.61211508619652,96174.08317967906,1.4875101,0.13065685929459034,0.31329715,Sube,,0.3402061855670103,0.3298969072164949,0.3298969072164949,0.3333333333333333,0.8459183673469388,0.846938775510204,64.1,S&P 500
86,IAG.MC,INTL CONSOLIDATED AIRLINES GROU,United Kingdom,EUR,Industrials,Airlines,5.116,22332.726937368,26.858554908,7.265038343296327,4.251176005213498,20.5122644518546,1088.749952,0.42138,0.7380839393248204,0.08915055,Baja,,0.9859154929577465,0.993006993006993,0.6853146853146853,0.8880790570931416,0.6979591836734693,0.25,64.0,IBEX 35
87,CROX,"Crocs, Inc.",United States,USD,Consumer Cyclical,Footwear & Accessories,115.2,4931.177442416302,107.77575666742187,9.307464207716574,7.600558321563629,10.345362746143422,476.6558276803356,0.42299998,1.639358178524337,0.49545968,Baja,,0.9,0.7833333333333333,0.8666666666666667,0.85,0.5755102040816327,0.4173469387755102,63.8,S&P 400 MidCap
88,IAG.L,INTERNATIONAL CONSOLIDATED AIRL,United Kingdom,GBp,Industrials,Airlines,432.8,22275.67769855509,54.233324198433685,7.246479709207707,4.242201766250173,20.45986560792527,1088.749952,0.42138,0.7380839393248204,0.065164685,Baja,,0.9929577464788732,1.0,0.6923076923076923,0.8950884795955218,0.6979591836734693,0.2316326530612245,63.7,FTSE 100
89,VLO,Valero Energy Corporation,United States,USD,Energy,Oil & Gas Refining & Marketing,424.1,109019.83213558747,1151.6019423712482,16.97623207237298,9.386727971174755,14.508626260588825,7514.138842471151,0.27637,0.2597354239393575,1.5876181,Sube,,0.28125,0.28125,0.5,0.3541666666666667,0.666326530612245,0.9846938775510203,63.7,S&P 500
90,RR.L,ROLLS-ROYCE HOLDINGS PLC ORD SH,United Kingdom,GBp,Industrials,Aerospace & Defense,1404.4,136276.16002880447,300.5677786664519,38.045180274455866,22.26216684645059,25.112712685010226,5426.580622257812,1.14485,-0.4141651125184553,0.2451948,Sube,,0.11971830985915488,0.19580419580419584,0.5734265734265734,0.2963163596966414,0.8948979591836734,0.8255102040816327,63.5,FTSE 100
91,GAP,"Gap, Inc. (The)",United States,USD,Consumer Cyclical,Apparel Retail,23.61,7404.425471544956,149.21170976831323,6.650751811485072,7.853193459516349,33.662050391775125,219.9635906122382,0.33776,2.2036785177111713,0.1650343,Sube,,0.9833333333333333,0.7666666666666666,0.19999999999999996,0.65,0.45816326530612245,0.7928571428571429,63.5,S&P 400 MidCap
92,GSK.L,GSK PLC ORD 31 1/4P,United Kingdom,GBp,Healthcare,Drug Manufacturers - General,1790.5,84592.02814096068,140.07024014706218,14.881949802915502,8.03594788369304,20.601093245113603,4106.191216867831,0.33383,1.403863976677259,0.07652438,Igual,,0.8813559322033898,0.9322033898305084,0.576271186440678,0.7966101694915254,0.563265306122449,0.4928571428571429,63.5,FTSE 100
93,NVDA,NVIDIA Corporation,United States,USD,Technology,Semiconductors,237.47,5119482.742025247,25899.851388075047,29.729303502474043,28.373291949354474,137.14913277498084,37327.853544832324,1.17211,-0.11730247270052462,0.24235344,Sube,,0.4948453608247423,0.3608247422680413,0.09278350515463918,0.31615120274914094,0.8693877551020408,0.8244897959183674,63.5,S&P 500
94,REP.MC,"REPSOL,  S.A.",Spain,EUR,Energy,Oil & Gas Integrated,28.64,30462.813478080003,87.18837968000001,8.904651870206875,4.614377639915657,101.07942818563112,301.375008,0.13338,0.6040021197176747,0.9732418,Sube,,0.84375,0.84375,0.03125,0.5729166666666666,0.3836734693877551,0.9673469387755103,63.4,IBEX 35
95,ABNB,"Airbnb, Inc.",United States,USD,Consumer Cyclical,Travel Services,160.63,60164.92376630787,681.6110973984582,25.042374945212934,20.940251259853707,21.013926361941504,2863.0976777035376,0.34542,-3.4672221709171387,0.33491468,Sube,,0.2666666666666667,0.050000000000000044,0.5166666666666666,0.2777777777777778,0.866326530612245,0.866326530612245,63.1,S&P 500
96,EXLS,"ExlService Holdings, Inc.",United States,USD,Technology,Information Technology Services,35.51,4843.7270102905295,70.41232531667441,21.70137363029056,14.853666761566654,20.681069513615284,234.2106633847773,0.25944,0.5442326817220378,-0.15670395,Sube,,0.6288659793814433,0.711340206185567,0.6288659793814433,0.6563573883161512,0.6193877551020408,0.6040816326530613,63.0,S&P 400 MidCap
97,QCOM,QUALCOMM Incorporated,United States,USD,Technology,Semiconductors,177.12,168860.37016102264,1953.9621034298384,20.425024649139704,16.343173632601196,18.468482101939266,9143.164512869827,0.33754003,0.5805483687045311,0.09278035,Igual,,0.6701030927835052,0.6597938144329897,0.7216494845360825,0.6838487972508592,0.6867346938775509,0.5030612244897958,63.0,S&P 500
98,APPF,"AppFolio, Inc.",United States,USD,Technology,Software - Application,196.97,4235.879173385117,63.878729547095105,30.118383258785737,23.413587638239733,23.851255434097602,177.5956483753694,0.3209,-0.9548633884272051,-0.11880201,Sube,,0.4639175257731959,0.4639175257731959,0.5773195876288659,0.5017182130584192,0.8061224489795918,0.6224489795918368,62.9,S&P 400 MidCap
99,ALGN,"Align Technology, Inc.",United States,USD,Healthcare,Medical Instruments & Supplies,139.87,8871.16734513736,112.35873835946093,24.02532166518806,9.673719963075595,16.724716556909467,530.422582346989,0.10155,-1.0605911866648312,0.07264733,Sube,,0.4067796610169492,0.847457627118644,0.7627118644067796,0.672316384180791,0.45306122448979597,0.7408163265306122,62.7,S&P 500
100,HOT.DE,HOCHTIEF AG                   I,Germany,EUR,Industrials,Engineering & Construction,400.2,30113.4279894,25.349068199999998,33.87657447211028,18.58172532572161,13.493972891919089,2231.620608,0.92904997,0.5776448366286572,0.53880596,Igual,,0.23943661971830987,0.32167832167832167,0.8461538461538461,0.46908959585015925,0.7887755102040817,0.676530612244898,62.7,MDAX
101,UBER,"Uber Technologies, Inc.",United States,USD,Technology,Software - Application,68.45,124825.25154361162,1103.0720217304095,14.595807817605712,19.95628078416563,19.298560154456208,6468.112156791572,0.3716,1.2496654942409933,-0.28041667,Sube,,0.8556701030927836,0.5567010309278351,0.7010309278350515,0.7044673539518901,0.6040816326530611,0.5438775510204081,62.6,S&P 500
102,FFIV,"F5, Inc.",United States,USD,Technology,Software - Infrastructure,466.65,23592.30472306108,244.218127738961,36.37262239795466,27.15429854554946,36.84809205858182,640.2585155712695,0.1983,-1.4658249244019306,0.37225068,Sube,,0.3608247422680413,0.3917525773195877,0.4329896907216495,0.3951890034364262,0.6816326530612244,0.8795918367346939,62.6,S&P 500
103,MPC,Marathon Petroleum Corporation,United States,USD,Energy,Oil & Gas Refining & Marketing,442.26,115271.09226041615,999.0854277294975,15.107874810309848,10.108196078607932,13.95898565650277,8257.841586556635,0.42099,1.7226732764335086,1.3051825,Sube,,0.4375,0.21875,0.5625,0.40625,0.560204081632653,0.9795918367346939,62.4,S&P 500
104,FIX,"Comfort Systems USA, Inc.",United States,USD,Industrials,Engineering & Construction,1741.36,54716.13378422235,631.166795233324,42.72584564708174,29.834537891347676,33.27297063351756,1644.4619383970482,0.55292,-0.7672103050595096,1.1779802,Sube,,0.08450704225352113,0.04895104895104896,0.3776223776223776,0.17036015627564924,0.8785714285714286,0.9744897959183674,62.4,S&P 500
105,STX,Seagate Technology Holdings PLC,Singapore,USD,Technology,Computer Hardware,807.57,163950.00877413983,3341.0555884920063,57.67455286305905,41.27715924133798,94.47499668392543,1735.3798838718067,3.7152898,0.48733891817428227,2.6338747,Sube,,0.18556701030927836,0.21649484536082475,0.17525773195876293,0.19243986254295534,0.8244897959183674,0.9969387755102042,62.3,S&P 500
106,JLL,Jones Lang LaSalle Incorporated,United States,USD,Real Estate,Real Estate Services,296.66,12185.509493808358,97.7214883302595,13.660939580452343,9.734439966472136,9.098338246794807,1339.3115493481585,0.13520001,1.6377172808963358,0.054565668,Sube,,1.0,1.0,0.5,0.8333333333333334,0.24183673469387756,0.7244897959183674,62.3,S&P 400 MidCap
107,CHWY,"Chewy, Inc.",United States,USD,Consumer Cyclical,Internet Retail,18.22,3667.3374501216117,135.74219354553313,15.007969106320788,10.76938285013876,9.146982288535638,400.93413701238563,0.71988,1.2696577243293246,-0.5362986,Sube,,0.5666666666666667,0.5666666666666667,0.9,0.6777777777777777,0.6673469387755102,0.5061224489795918,62.3,S&P 400 MidCap
108,BFSA.DE,BEFESA S.A.                   A,Luxembourg,EUR,Industrials,Waste Management,35.05,1401.9999298999999,2.5408446,16.400729141125822,8.277714254810773,6.788117274715448,206.537376,0.11043,2.3481166920497443,0.14724922,Sube,,0.7887323943661972,0.9020979020979021,0.993006993006993,0.8946124298236975,0.09489795918367347,0.7846938775510204,62.2,MDAX
109,ENR.DE,Siemens Energy AG             N,Germany,EUR,Industrials,Specialty Industrial Machinery,143.6,122181.8542212,278.81778080000004,45.38701865572065,24.761800068538772,19.692061368603966,6204.624896,0.27749002,-1.7648718432688675,0.3434168,Sube,,0.06338028169014087,0.11888111888111885,0.7342657342657343,0.30550904494566467,0.7989795918367346,0.8683673469387755,62.2,DAX
110,CNX,CNX Resources Corporation,United States,USD,Energy,Oil & Gas E&P,33.89,4476.329104765849,52.17675670431694,5.280774023417462,4.038020115231062,11.470185067290583,390.2577925731079,0.21249,1.2975580098356214,0.019944787,Igual,,1.0,0.875,0.78125,0.8854166666666666,0.4377551020408163,0.4530612244897959,62.1,S&P 400 MidCap
111,ASML.AS,ASML HOLDING,Netherlands,EUR,Technology,Semiconductor Equipment & Materials,1610.2,618477.82,963.9397892000001,58.13635976893294,45.43761325642452,73.29955460640562,8437.675008,0.53942,-0.4149565363317139,0.9256296,Sube,,0.17525773195876293,0.18556701030927836,0.20618556701030932,0.18900343642611686,0.8530612244897959,0.9653061224489796,62.1,AEX
112,PCTY,Paylocity Holding Corporation,United States,USD,Technology,Software - Application,148.02,7011.596830040278,91.57846702403268,29.114935794630725,18.025062227760003,21.82343113236426,321.2875549913893,0.21972999,-0.32464540481243376,-0.044580996,Sube,,0.5154639175257731,0.5979381443298969,0.6185567010309279,0.577319587628866,0.6418367346938776,0.6581632653061225,62.1,S&P 400 MidCap
113,CSCO,"Cisco Systems, Inc.",United States,USD,Technology,Communication Equipment,117.39,413205.90870133607,2054.4331644623967,34.88507287693123,25.645707361019237,41.387445490066725,9983.846642588955,0.27319,0.8189572162228583,0.68582046,Sube,,0.3917525773195877,0.41237113402061853,0.38144329896907214,0.3951890034364261,0.5908163265306122,0.9448979591836735,61.9,S&P 500
114,KEX,Kirby Corporation,United States,USD,Industrials,Marine Shipping,137.36,6475.12793579714,61.193392773248924,20.41929816658408,10.84394796319168,20.887696696532306,309.9972213246526,0.10414,1.5263450838960015,0.6948116,Sube,,0.647887323943662,0.7762237762237763,0.6643356643356644,0.6961489215010342,0.18979591836734694,0.9459183673469388,61.9,S&P 400 MidCap
115,ITRK.L,INTERTEK GROUP PLC ORD 1P,United Kingdom,GBp,Industrials,Specialty Business Services,5900.0,10677.807865624678,81.28377967620342,28.292021171508903,13.324564226190475,19.79730307958651,539.3566902875185,0.29943,1.8551164336372845,0.19177806,Sube,,0.35915492957746475,0.6643356643356644,0.7202797202797202,0.5812567713976164,0.4816326530612245,0.8051020408163265,61.9,FTSE 100
116,AMAT,"Applied Materials, Inc.",United States,USD,Technology,Semiconductor Equipment & Materials,520.65,368892.8872434004,3305.428975811505,44.58686677783022,40.502167986052804,134.3532072430895,2745.694686513518,0.41068,-0.18581985343943005,1.4379108,Sube,,0.28865979381443296,0.22680412371134018,0.11340206185567014,0.20962199312714777,0.8010204081632653,0.9826530612244898,61.9,S&P 500
117,FOXA,Fox Corporation,United States,USD,Communication Services,Entertainment,62.7,11275.47265169794,280.02959055654617,7.495156721833846,4.1196133920428935,22.740201021588703,495.83874131074856,0.14291,0.8663060728715036,0.054526925,Sube,,0.8333333333333334,0.9473684210526316,0.42105263157894735,0.7339181286549707,0.3581632653061224,0.7234693877551021,61.8,S&P 500
118,CNA.L,CENTRICA PLC ORD 6 14/81P,United Kingdom,GBp,Utilities,Utilities - Independent Power Producers,145.8,7785.763394253175,30.154906945656588,9.287506856962025,1.2762413559924892,3.08300790099723,2525.378994888333,0.19869,-0.1450709972946432,-0.12989688,Baja,,1.0,1.0,1.0,1.0,0.6040816326530611,0.11734693877551021,61.6,FTSE 100
119,ITH.L,ITHACA ENERGY PLC ORD 1P,United Kingdom,GBp,Energy,Oil & Gas E&P,274.6,5344.102903467252,6.196656860851928,22.986861718608512,3.7362355149841964,6.2293464365331905,857.8914269602571,0.10168,0.6149032464290055,0.3723724,Sube,,0.03125,0.90625,0.96875,0.6354166666666666,0.31530612244897954,0.8806122448979592,61.3,FTSE 100
120,LRCX,Lam Research Corporation,United States,USD,Technology,Semiconductor Equipment & Materials,329.51,368152.160444931,2770.0860278917844,56.75627712642421,47.55047251396539,133.42789591443602,2759.1843363925773,0.65066004,-0.16867845618279476,1.3680141,Sube,,0.19587628865979378,0.1649484536082474,0.12371134020618557,0.16151202749140892,0.8418367346938775,0.9816326530612245,61.2,S&P 500
121,CCK,"Crown Holdings, Inc.",United States,USD,Consumer Cyclical,Packaging & Containers,107.1,10399.557468525758,92.93638095635409,14.857462663392855,8.16276605469644,13.641634453481977,762.3395498529364,0.27367002,2.6553190685860897,0.17861438,Sube,,0.5833333333333333,0.7333333333333334,0.7,0.6722222222222222,0.34591836734693876,0.7989795918367346,61.2,S&P 400 MidCap
122,COKE,"Coca-Cola Consolidated, Inc.",United States,USD,Consumer Defensive,Beverages - Non-Alcoholic,188.05,9488.753270211953,83.21636295960893,19.32515977477706,10.732585661168649,23.96509984694748,395.9404855732562,0.97331,2.0115404668503407,0.5796267,,,0.42105263157894735,0.5789473684210527,0.3421052631578947,0.4473684210526316,0.5836734693877551,0.8612244897959184,61.2,S&P 400 MidCap
123,NXT.L,NEXT PLC ORD 10P,United Kingdom,GBp,Consumer Cyclical,Apparel Retail,14575.0,19616.64513854702,52.70536106260912,17.91693025333836,12.495927558672042,22.652839047562683,865.9685038753523,0.54543996,1.277005970513566,0.1671331,Sube,,0.44999999999999996,0.43333333333333335,0.44999999999999996,0.4444444444444444,0.65,0.7959183673469388,61.2,FTSE 100
124,TTEK,"Tetra Tech, Inc.",United States,USD,Industrials,Engineering & Construction,32.72,7479.675783123882,73.83983861276238,19.215958723244185,14.007337388435408,21.12173853233584,354.1221652598835,0.24297,1.2107477393812014,-0.02682215,Sube,,0.704225352112676,0.6083916083916083,0.6433566433566433,0.6519912012869759,0.4979591836734694,0.6724489795918367,61.2,S&P 400 MidCap
125,HALO,"Halozyme Therapeutics, Inc.",United States,USD,Healthcare,Biotechnology,110.79,11226.46224171257,214.5438478249374,30.402720094004778,13.821394678534444,37.278746906690564,301.1491311607825,1.73674,1.8535760492172746,0.68514824,Sube,,0.2542372881355932,0.5254237288135593,0.2542372881355932,0.3446327683615819,0.6326530612244898,0.9438775510204082,61.1,S&P 400 MidCap
126,KLAC,KLA Corporation,United States,USD,Technology,Semiconductor Equipment & Materials,196.83,229328.5439240837,1787.339470554716,53.17255096253782,42.62990150405829,97.86849394923588,2343.2315617632353,0.87496,0.20633435706422096,0.874377,Sube,,0.22680412371134018,0.19587628865979378,0.1649484536082474,0.19587628865979378,0.8122448979591836,0.9612244897959183,61.0,S&P 500
127,GRMN,Garmin Ltd.,Switzerland,USD,Technology,Scientific & Technical Instruments,276.16,47549.78326780733,223.33773239976102,28.37016586622986,21.98596674106629,51.03133291519311,931.7762353342481,0.21886998,-1.0553181505759999,0.08853805,Sube,,0.5360824742268041,0.5051546391752577,0.30927835051546393,0.4501718213058419,0.6795918367346939,0.7489795918367347,60.9,S&P 500
128,DOCU,"DocuSign, Inc.",United States,USD,Technology,Software - Application,68.9,11497.101616129989,197.2251773155794,39.03006286840032,27.81142701009937,9.80976309691138,1172.0060415882895,0.17803,-1.3462582678484378,-0.043868244,Sube,,0.3298969072164949,0.3711340206185567,0.9484536082474226,0.549828178694158,0.6301020408163265,0.6602040816326531,60.7,S&P 400 MidCap
129,RAA.DE,RATIONAL AG                   I,Germany,EUR,Industrials,Specialty Industrial Machinery,566.5,6441.105,6.2603915,24.22241996961676,16.814181853543023,30.93803337337552,208.193744,0.32166,-1.1267656323074535,-0.15322578,Sube,,0.5211267605633803,0.39160839160839156,0.4475524475524476,0.4534291999080731,0.8122448979591836,0.6071428571428571,60.7,MDAX
130,VMI,"Valmont Industries, Inc.",United States,USD,Industrials,Conglomerates,464.59,8052.509106688428,77.9768496144119,17.834147512962627,14.392673121833447,63.15545467456853,127.5029868470097,0.29777,1.0919580509339988,0.21871793,Sube,,0.7464788732394366,0.5734265734265734,0.08391608391608396,0.4679405101940313,0.5806122448979592,0.8163265306122449,60.6,S&P 400 MidCap
131,CRUS,"Cirrus Logic, Inc.",United States,USD,Technology,Semiconductors,112.68,5041.861540469388,80.90911611875747,13.115990225184396,9.312754465808474,12.521687878414726,402.6503127554158,0.20903999,-1.4499538361548505,-0.04736334,Baja,,0.9278350515463918,0.8969072164948454,0.8247422680412371,0.8831615120274915,0.6877551020408164,0.15612244897959185,60.6,S&P 400 MidCap
132,CART,Maplebear Inc.,United States,USD,Consumer Cyclical,Internet Retail,45.21,9579.60312299647,163.0769152338375,22.73271825,15.862148822400002,11.689873806870228,819.4787455589524,0.16001,-1.3056000000000003,0.16321313,Sube,,0.30000000000000004,0.31666666666666665,0.8,0.47222222222222227,0.5938775510204082,0.7918367346938775,60.5,S&P 400 MidCap
133,GD,General Dynamics Corporation,United States,USD,Industrials,Aerospace & Defense,326.63,78898.60191783114,328.24153326067307,19.695140481916873,14.098914122897709,20.083997170284437,3928.4312404986144,0.17803,0.7758178684836943,-0.033375144,Sube,,0.6901408450704225,0.5874125874125874,0.7132867132867133,0.6636133819232412,0.451530612244898,0.6673469387755102,60.1,S&P 500
134,PUIG.MC,"PUIG BRANDS, S.A. CLASE B",Spain,EUR,Consumer Defensive,Household & Personal Products,18.16,3085.8337687199996,8.87609952,5.306651721624207,4.795658747667828,6.139936346401795,502.584,0.15607001,1.6316649152412466,0.36751497,Baja,,1.0,1.0,1.0,1.0,0.2938775510204082,0.37755102040816324,60.1,IBEX 35
135,LULU,lululemon athletica inc.,Canada,USD,Consumer Cyclical,Apparel Retail,91.88,8661.929414625718,386.0631428988299,6.842129931589297,4.384940056931699,8.447408614164171,1025.3948648940516,0.30898002,0.3151901841571245,-0.4603989,Baja,,0.9666666666666667,1.0,0.95,0.9722222222222223,0.689795918367347,0.013265306122448979,60.0,S&P 500
136,ASM.AS,ASM International N.V.,Netherlands,EUR,Technology,Semiconductor Equipment & Materials,898.6,43866.9867524,146.59580680000002,40.840692728146514,37.02579389019744,186.44983640761367,235.275008,0.26798,-0.9608589954970558,0.73326015,Sube,,0.31958762886597936,0.2680412371134021,0.061855670103092786,0.21649484536082475,0.7571428571428571,0.9530612244897959,60.0,AEX
137,FDX,FedEx Corporation,United States,USD,Industrials,Integrated Freight & Logistics,289.04,61073.96368724668,406.61580400685096,15.455766947749249,8.257364496309128,12.093292501132662,5050.234556182815,0.14846,2.4816785784624886,0.51344407,Igual,,0.823943661971831,0.9090909090909091,0.8951048951048951,0.8760464887225451,0.15816326530612246,0.6734693877551021,60.0,S&P 500
138,DLTR,"Dollar Tree, Inc.",United States,USD,Consumer Defensive,Discount Stores,116.3,19482.147825084987,262.1545531184069,13.485819297476187,11.356379483541701,20.79045659165231,937.0716674354989,0.46032003,2.641065474467533,0.30521226,Sube,,0.7631578947368421,0.42105263157894735,0.39473684210526316,0.5263157894736842,0.4530612244897959,0.8438775510204082,60.0,S&P 500
139,DSY.PA,DASSAULT SYSTEMES,France,EUR,Technology,Software - Application,21.61,28396.70799889,40.65532519999999,21.450903932642504,15.511914168404363,22.41012296781176,1267.137536,0.15088001,-1.3557469299768923,-0.25648117,Sube,,0.6494845360824743,0.6907216494845361,0.6082474226804124,0.6494845360824743,0.5795918367346938,0.5520408163265306,59.9,CAC 40
140,HSY,The Hershey Company,United States,USD,Consumer Defensive,Confectioners,160.34,20944.80877290327,211.48220957492202,15.75420026287917,10.505445841484274,13.454461982116324,1556.718418078933,0.32808998,1.885680925364621,-0.16502231,Sube,,0.6578947368421053,0.631578947368421,0.736842105263158,0.6754385964912281,0.4948979591836735,0.6,59.9,S&P 500
141,TER,"Teradyne, Inc.",United States,USD,Technology,Semiconductor Equipment & Materials,411.78,57476.668755103,1055.3167952156082,55.97015548673733,42.60984101755497,147.18965280148453,390.49394886896084,0.36465,-0.16924912992141522,1.9759336,Sube,,0.21649484536082475,0.20618556701030932,0.08247422680412375,0.16838487972508595,0.7775510204081633,0.9928571428571429,59.8,S&P 500
142,KEYS,Keysight Technologies Inc.,United States,USD,Technology,Scientific & Technical Instruments,381.42,57973.74101281737,420.0602164632616,50.7699354094012,38.33672015895171,34.7779344800822,1666.9690675856477,0.20897,0.09481754534746752,1.2678552,Sube,,0.23711340206185572,0.24742268041237114,0.45360824742268047,0.31271477663230246,0.5867346938775511,0.9785714285714286,59.5,S&P 500
143,WTS,"Watts Water Technologies, Inc.",United States,USD,Industrials,Specialty Industrial Machinery,348.26,8540.143680421445,60.56723939668805,24.923329436164668,16.229731217900174,41.80986142320081,204.2614682210454,0.18805,-0.23425129087779686,0.3243569,Sube,,0.5,0.4475524475524476,0.2447552447552448,0.3974358974358975,0.5979591836734695,0.8561224489795918,59.5,S&P 400 MidCap
144,WFRD,Weatherford International plc,United States,USD,Energy,Oil & Gas Equipment & Services,76.42,4879.111446337742,74.1802345147338,14.931571004590163,6.444515594919268,9.793826142795698,498.18236256182655,0.22793,0.5618945102260495,0.2422688,Igual,,0.5,0.53125,0.84375,0.625,0.5755102040816327,0.573469387755102,59.5,S&P 400 MidCap
145,GNTX,Gentex Corporation,United States,USD,Consumer Cyclical,Auto Parts,21.08,4007.8011793895516,44.46544833025018,11.183603189528954,7.109840613305718,12.581850115991173,318.5383025899943,0.16354999,-0.3867913415928691,-0.17842168,Igual,,0.8166666666666667,0.8666666666666667,0.7666666666666666,0.8166666666666668,0.5540816326530612,0.3408163265306122,59.5,S&P 400 MidCap
146,ITW,Illinois Tool Works Inc.,United States,USD,Industrials,Specialty Industrial Machinery,261.15,66402.45926588599,305.0307015398042,23.286012204323594,17.31804367692268,30.56947059451135,2172.1821796223167,1.04618,1.8424885335333892,0.07591927,Sube,,0.5704225352112676,0.35664335664335667,0.46853146853146854,0.46519912012869763,0.6173469387755102,0.7418367346938776,59.4,S&P 500
147,TXN,Texas Instruments Incorporated,United States,USD,Technology,Semiconductors,288.98,235619.112686223,1647.524992600973,43.86078097180821,28.46232312061765,74.44053669759094,3165.199004991163,0.35176,0.7406512403361345,0.6608739,Sube,,0.2989690721649485,0.35051546391752575,0.19587628865979378,0.281786941580756,0.6663265306122449,0.9387755102040816,59.4,S&P 500
148,AA,Alcoa Corporation,United States,USD,Basic Materials,Aluminum,42.48,10009.066861853345,174.8403830021383,8.813579578301884,5.2288502055186425,11.668876437052276,857.757549824718,0.18226999,0.3777585079287995,0.16675675,Baja,,0.8620689655172413,0.8275862068965517,0.9310344827586207,0.8735632183908045,0.5163265306122449,0.29489795918367345,59.3,S&P 400 MidCap
149,WSM,"Williams-Sonoma, Inc.",United States,USD,Consumer Cyclical,Specialty Retail,240.46,25282.74890039715,227.39832652136127,24.017387315278825,17.36307996602914,26.48270853459517,954.6889385339691,0.54960996,0.3006627665368492,0.2797823,Sube,,0.2833333333333333,0.19999999999999996,0.33333333333333337,0.2722222222222222,0.7816326530612245,0.8336734693877551,59.3,S&P 500
150,MEDP,"Medpace Holdings, Inc.",United States,USD,Healthcare,Diagnostics & Research,604.25,15057.622202558676,149.1042392620856,34.31458297812818,27.007594132444375,33.044147319231676,455.6819716693112,1.6215401,-0.5866753926701571,0.16235125,Sube,,0.1694915254237288,0.10169491525423724,0.3220338983050848,0.19774011299435026,0.9204081632653061,0.7908163265306123,59.2,S&P 400 MidCap
151,DXCM,"DexCom, Inc.",United States,USD,Healthcare,Medical Devices,84.3,28401.31621627986,336.14698923854974,31.821059825721633,22.279726643030216,31.152253058753146,911.6938079154332,0.38491002,-0.39096355758266826,0.22488248,Sube,,0.23728813559322037,0.2033898305084746,0.3389830508474576,0.2598870056497175,0.8081632653061224,0.8183673469387756,59.2,S&P 500
152,IMB.L,IMPERIAL BRANDS PLC ORD 10P,United Kingdom,GBp,Consumer Defensive,Tobacco,2488.0,22036.42251248476,83.40153584529494,10.75372348579977,7.326935114123506,7.468893381520601,2950.4267080591712,0.37151,2.673057768924303,-0.20265031,Igual,,0.8947368421052632,0.8947368421052632,0.9736842105263158,0.9210526315789473,0.41428571428571426,0.33061224489795915,59.2,FTSE 100
153,ELV,"Elevance Health, Inc.",United States,USD,Healthcare,Healthcare Plans,404.31,78282.86104998202,431.2946028579147,17.667222654041257,9.756418374044102,20.361073807840608,3844.731461060614,0.11133,-0.7772703977632414,0.117164135,Igual,,0.7627118644067796,0.8305084745762712,0.6101694915254237,0.7344632768361582,0.46224489795918366,0.5153061224489797,58.7,S&P 500
154,MANH,"Manhattan Associates, Inc.",United States,USD,Technology,Software - Application,202.11,10520.770382382363,140.1692808521676,56.0521818141655,40.32765910856684,36.697030977155,286.6926860903776,0.96378,-0.45765034887584455,-0.029009104,Sube,,0.20618556701030932,0.23711340206185572,0.44329896907216493,0.29553264604810997,0.8908163265306122,0.6704081632653061,58.7,S&P 400 MidCap
155,ACN,Accenture plc,Ireland,USD,Technology,Information Technology Services,196.64,107432.6660754099,1150.481139316468,14.381677157965079,8.592890810534168,10.761973153947551,9982.617921324494,0.26025,0.039749048078010635,-0.23266149,Baja,,0.8865979381443299,0.9278350515463918,0.9175257731958762,0.9106529209621993,0.6734693877551021,0.07040816326530612,58.7,S&P 500
156,AGCO,AGCO Corporation,United States,USD,Industrials,Farm & Heavy Construction Machinery,109.15,6824.529850268227,98.02094406993152,14.330639708192727,9.844862780100831,16.97668202050299,401.99432621911285,0.118269995,2.288552756030051,0.065767765,Sube,,0.8732394366197183,0.8251748251748252,0.7762237762237763,0.8248793460061066,0.1193877551020408,0.7326530612244898,58.6,S&P 400 MidCap
157,APH,Amphenol Corporation,United States,USD,Technology,Electronic Components,87.55,192751.4015995425,969.6312701923398,41.975231560274295,24.22811282809111,56.541174791979145,3409.0448652454597,0.38115,1.4151123768447922,0.4038812,Sube,,0.30927835051546393,0.45360824742268047,0.28865979381443296,0.3505154639175258,0.5897959183673469,0.8918367346938776,58.5,S&P 500
158,GEHC,GE HealthCare Technologies Inc.,United States,USD,Healthcare,Medical Devices,64.67,26264.25611384687,235.38423642416782,14.820076951690139,10.542680793585186,18.700263456637018,1404.485887311137,0.19376,2.355134919768615,-0.12732416,Sube,,0.8983050847457628,0.7796610169491526,0.6949152542372881,0.7909604519774011,0.2755102040816326,0.6193877551020408,58.5,S&P 500
159,UNP,Union Pacific Corporation,United States,USD,Industrials,Railroads,274.68,145687.6803271218,657.3642355924067,22.26202737246651,14.920495268106706,34.5666800879745,4214.68535469235,0.39696,2.2551226328245413,0.19465315,Sube,,0.6056338028169015,0.5244755244755245,0.3496503496503497,0.4932532256475919,0.4816326530612245,0.8071428571428572,58.4,S&P 500
160,STRL,"Sterling Infrastructure, Inc.",United States,USD,Industrials,Engineering & Construction,534.13,14586.78414635669,311.28866222187344,37.86559080221563,22.70361687174951,46.76295183055462,311.93035459377853,0.40005,-0.17875940513459265,0.58549213,Sube,,0.1338028169014085,0.1678321678321678,0.18181818181818177,0.1611510555172527,0.7959183673469388,0.9326530612244899,58.3,S&P 400 MidCap
161,CI,The Cigna Group,United States,USD,Healthcare,Healthcare Plans,278.51,65704.37699477836,414.21878704553825,11.470326956960724,7.6982772704184415,9.222113194842333,7124.6552288606645,0.16758,1.9298480518154613,-0.10558742,Igual,,0.9491525423728814,0.9491525423728814,1.0,0.9661016949152543,0.27142857142857146,0.3816326530612245,58.2,S&P 500
162,FTI,TechnipFMC plc,United Kingdom,USD,Energy,Oil & Gas Equipment & Services,68.4,23948.50480775873,186.12676420786002,22.81732233684927,13.64802061585174,18.33041576463457,1306.4899953858828,0.35814,0.12647445503863036,0.89403796,Sube,,0.09375,0.03125,0.40625,0.17708333333333334,0.7397959183673469,0.9622448979591837,58.1,S&P 400 MidCap
163,MIDD,The Middleby Corporation,United States,USD,Industrials,Specialty Industrial Machinery,105.24,4249.013448509539,55.72542547792412,14.870827059330827,9.393452269123689,7.87818382575889,539.3392109761085,0.10974,2.6183270996259775,-0.007848084,Sube,,0.8591549295774648,0.8531468531468531,0.9790209790209791,0.8971075872484323,0.05408163265306121,0.6857142857142857,58.1,S&P 400 MidCap
164,DCI,"Donaldson Company, Inc.",United States,USD,Industrials,Specialty Industrial Machinery,87.26,9030.06230371392,52.44301591941168,22.28805168915822,15.760395023178251,31.425565820565648,287.3476441211578,0.28205,1.58674331838565,0.10645878,Sube,,0.5985915492957746,0.46153846153846156,0.43356643356643354,0.49789881480022324,0.5020408163265306,0.763265306122449,57.9,S&P 400 MidCap
165,CMI,Cummins Inc.,United States,USD,Industrials,Specialty Industrial Machinery,517.32,63732.080507148545,466.89387593317383,26.292634422729797,15.088944303918376,32.0199629532578,1990.3858289962282,0.21114,0.8689242839751758,0.25456417,Sube,,0.43661971830985913,0.5174825174825175,0.4195804195804196,0.4578942184575987,0.49183673469387756,0.8285714285714285,57.9,S&P 500
166,BNZL.L,BUNZL PLC ORD 32 1/7P,United Kingdom,GBp,Consumer Defensive,Food Distribution,2650.0,9835.42065017979,35.37978394382122,17.07288924068768,10.625405537837569,11.886100519329606,827.4724443214219,0.18155001,2.2001818709280077,0.100660086,Sube,,0.5789473684210527,0.6052631578947368,0.8421052631578947,0.6754385964912281,0.2673469387755102,0.7591836734693878,57.8,FTSE 100
167,SAP.DE,SAP SE                        I,Germany,EUR,Technology,Software - Application,187.62,216551.79800784,474.7470813,27.777296705852738,18.270901223795917,23.821443479706225,9090.624512,0.18320999,-0.14336731428571428,-0.20689654,Sube,,0.5670103092783505,0.5876288659793815,0.5876288659793815,0.5807560137457045,0.5724489795918368,0.5775510204081633,57.7,DAX
168,NOC,Northrop Grumman Corporation,United States,USD,Industrials,Aerospace & Defense,473.46,60050.759394089575,359.07695493924535,14.960222484421708,11.30339900186664,27.143323977245576,2212.358348020696,0.26958,2.0323914627052995,-0.23920882,Sube,,0.852112676056338,0.7412587412587412,0.5244755244755245,0.705948980596868,0.4173469387755102,0.5663265306122449,57.7,S&P 500
169,CRM,"Salesforce, Inc.",United States,USD,Technology,Software - Application,224.56,165000.9268642569,2711.2479152653764,19.12780765386469,16.728883969823798,10.42263618019894,15831.016646031243,0.19381,2.4011938066220626,-0.08290875,Sube,,0.711340206185567,0.6391752577319587,0.9278350515463918,0.7594501718213058,0.2683673469387755,0.6377551020408163,57.6,S&P 500
170,ANET,"Arista Networks, Inc.",United States,USD,Technology,Computer Hardware,215.83,243029.17310292594,1203.2982822710283,67.30210934839168,55.795070491436974,69.94969448554083,3474.342166757598,0.31476,-2.8759589654015976,0.3610567,Sube,,0.12371134020618557,0.1030927835051546,0.22680412371134018,0.15120274914089346,0.8408163265306123,0.8744897959183673,57.5,S&P 500
171,RRC,Range Resources Corporation,United States,USD,Energy,Oil & Gas E&P,39.83,8309.695273141613,97.3588364437206,10.830039405836887,6.356266257272019,20.479198803780186,405.76271331512027,0.19475001,0.6257345902867855,0.03759396,Sube,,0.625,0.59375,0.3125,0.5104166666666666,0.5163265306122449,0.7142857142857143,57.3,S&P 400 MidCap
172,AVY,Avery Dennison Corporation,United States,USD,Consumer Cyclical,Packaging & Containers,166.97,11402.483251212834,136.01876141255718,18.118314886134314,10.813297561961592,12.713119234969144,896.906812597869,0.3116,2.278984259891411,0.04750943,Sube,,0.43333333333333335,0.5333333333333333,0.7333333333333334,0.5666666666666668,0.43265306122448977,0.7193877551020408,57.2,S&P 500
173,AMGN,Amgen Inc.,United States,USD,Healthcare,Drug Manufacturers - General,413.08,199383.8920451501,1009.3851853180354,25.543207936707617,15.441235524584847,25.83089978630708,7718.813269944364,0.91473,2.508396823346725,0.36275935,Sube,,0.3389830508474576,0.4067796610169492,0.423728813559322,0.3898305084745763,0.5122448979591836,0.8755102040816327,57.2,S&P 500
174,G1A.DE,GEA Group AG                  I,Germany,EUR,Industrials,Specialty Industrial Machinery,67.85,11046.0929024,24.425389349999996,25.280917708178617,14.596324379982901,38.255399259163376,288.745984,0.18450001,-0.09600880951592523,0.09744406,Sube,,0.471830985915493,0.5594405594405594,0.26573426573426573,0.43233527036343933,0.5724489795918367,0.7561224489795919,57.2,"DAX, MDAX"
175,IT,"Gartner, Inc.",United States,USD,Technology,Information Technology Services,185.77,10473.601423326767,209.97415250473188,15.130161223296119,9.807041644110141,11.145457762249515,939.7192692077329,1.13581,1.3301456834786893,-0.24368095,Baja,,0.8350515463917526,0.8762886597938144,0.8969072164948454,0.8694158075601375,0.6816326530612244,0.06224489795918367,57.1,S&P 500
176,FIVE,"Five Below, Inc.",United States,USD,Consumer Cyclical,Specialty Retail,204.235,10038.607481970585,203.73852763693617,18.159378902608502,14.742886050957509,30.6074291355109,327.9794404660972,0.28250998,1.037006218970775,0.39056706,Sube,,0.41666666666666663,0.33333333333333337,0.23333333333333328,0.3277777777777778,0.5775510204081633,0.886734693877551,57.0,S&P 400 MidCap
177,TEP.PA,TELEPERFORMANCE,France,EUR,Industrials,Specialty Business Services,70.76,4113.535729560001,18.453217360000004,8.865378727500001,5.136949105530611,3.560000235640804,1155.487488,0.11395001,2.52567772032101,0.09952903,Igual,,0.971830985915493,0.986013986013986,1.0,0.9859483239764929,0.07448979591836734,0.5071428571428571,56.9,CAC 40
178,HWDN.L,HOWDEN JOINERY GROUP PLC ORD 10,United Kingdom,GBp,Consumer Cyclical,"Furnishings, Fixtures & Appliances",754.5,4834.764976341552,13.62206362432172,15.409836803100337,10.907150782144594,17.967171506374726,269.0888198304438,0.23942,0.9252676923076922,-0.070379436,Sube,,0.5333333333333333,0.5166666666666666,0.5666666666666667,0.5388888888888889,0.5326530612244897,0.6459183673469387,56.9,FTSE 100
179,MAS,Masco Corporation,United States,USD,Industrials,Building Products & Equipment,68.87,12124.489414750726,145.62599898440175,15.344969835141244,10.958420583620692,15.137576619981177,800.9531326663435,58.625,1.952917729442971,0.037537098,Baja,,0.8309859154929577,0.7552447552447552,0.8111888111888113,0.7991398273088414,0.616326530612245,0.21326530612244898,56.9,S&P 500
180,LIVN,LivaNova PLC,United Kingdom,USD,Healthcare,Medical Devices,75.93,3734.805307287242,43.85157844335822,22.18607056901012,15.447877551568784,69.86916067867679,53.45427469013605,0.15404001,-0.6330102330301608,0.43791974,Sube,,0.5423728813559322,0.38983050847457623,0.05084745762711862,0.327683615819209,0.5530612244897959,0.9040816326530612,56.8,S&P 400 MidCap
181,PR,Permian Resources Corporation,United States,USD,Energy,Oil & Gas E&P,22.17,16578.079950604886,186.6143299025157,15.03749017586358,5.07336615164647,40.510319541523614,409.23103392487764,0.114029996,0.7095325998464884,0.74609375,Sube,,0.46875,0.78125,0.125,0.4583333333333333,0.326530612244898,0.9540816326530612,56.8,S&P 400 MidCap
182,REL.L,RELX PLC ORD 14 51/116P,United Kingdom,GBp,Industrials,Specialty Business Services,2599.0,53247.35056988038,130.304085741736,19.96516597075984,16.356989175394897,20.230116880987882,2632.0831897872945,1.31864,2.6385177351154314,-0.23934913,Sube,,0.676056338028169,0.43356643356643354,0.7062937062937062,0.6053054926294362,0.5204081632653061,0.5653061224489796,56.8,FTSE 100
183,WDAY,"Workday, Inc.",United States,USD,Technology,Software - Application,184.26,32243.433864920902,645.6158695260428,28.868871424773964,23.00375784110971,11.855060865207125,2719.803317041642,0.16006,0.23266074148802018,-0.21690035,Sube,,0.5257731958762887,0.4742268041237113,0.8762886597938144,0.6254295532646048,0.4836734693877551,0.5755102040816327,56.8,S&P 500
184,AOS,A.O. Smith Corporation,United States,USD,Industrials,Specialty Industrial Machinery,55.34,5437.163039559848,75.88174310833821,12.172722012312612,8.403615020640144,12.566767617341254,432.66201819925004,0.27133,0.6327676665159696,-0.18399543,Baja,,0.9014084507042254,0.8811188811188811,0.8741258741258742,0.8855510686496603,0.6234693877551021,0.08571428571428572,56.7,S&P 500
185,VLTO,Veralto Corp,United States,USD,Industrials,Pollution & Treatment Controls,95.73,20836.46554804522,141.63183571310526,23.621798401943327,17.850601937496403,28.91539359138071,720.6011387047587,0.34312,1.0604315625899279,-0.062408864,Sube,,0.5492957746478873,0.3426573426573427,0.49650349650349646,0.4628188712695755,0.6204081632653061,0.65,56.6,S&P 500
186,TWLO,Twilio Inc.,United States,USD,Technology,Software - Infrastructure,273.0,37431.56128860353,700.4158366280748,36.497346206582904,80.7014374559831,43.91653478379382,852.3341259250858,0.13497,-3.1828442281836224,1.4606001,Sube,,0.35051546391752575,0.07216494845360821,0.3402061855670103,0.2542955326460481,0.5612244897959184,0.9836734693877551,56.5,"S&P 400 MidCap, S&P 500"
187,FOX,Fox Corporation,United States,USD,Communication Services,Entertainment,55.98,11007.799814794165,57.793397445972985,7.317226277164677,4.04238186247936,22.200362532574747,495.83874131074856,0.14291,0.8663060728715036,0.05545008,,,0.8888888888888888,1.0,0.5263157894736843,0.8050682261208578,0.3581632653061224,0.4530612244897959,56.5,S&P 500
188,EEFT,"Euronet Worldwide, Inc.",United States,USD,Technology,Software - Infrastructure,62.52,2125.269954365413,35.51634092520346,8.25400442746186,4.567839845945439,7.638537872771566,278.2299426623489,0.22371,0.9473763310782628,-0.2624492,Baja,,1.0,1.0,0.979381443298969,0.993127147766323,0.5071428571428571,0.05102040816326531,56.5,S&P 400 MidCap
189,UPS,"United Parcel Service, Inc.",United States,USD,Industrials,Integrated Freight & Logistics,92.29,61743.7726012595,402.59122249723237,15.132923090692376,7.710812462215989,12.362791950283764,4994.3227104005655,0.29602,1.987752378423089,0.09181523,Baja,,0.8380281690140845,0.916083916083916,0.8881118881118881,0.8807413244032962,0.4520408163265306,0.25204081632653064,56.4,S&P 500
190,LECO,"Lincoln Electric Holdings, Inc.",United States,USD,Industrials,Tools & Accessories,263.17,12806.572283811265,98.89623842815357,25.913205272155462,17.292271970680194,46.712304940498335,274.15843213312104,0.37736,1.0843576812371012,0.17211163,Sube,,0.4436619718309859,0.36363636363636365,0.18881118881118886,0.3320365080928461,0.6357142857142857,0.7979591836734694,56.3,S&P 400 MidCap
191,VRT,"Vertiv Holdings, LLC",United States,USD,Industrials,Electrical Equipment & Parts,246.49,84722.905629314,1143.798544023238,54.789685197904156,35.50968322980792,35.19169722045411,2407.468588359852,0.43943,0.08496346829749293,0.49893415,Sube,,0.014084507042253502,0.020979020979020935,0.3426573426573427,0.12590695689287237,0.7857142857142858,0.9183673469387755,56.2,S&P 500
192,HPE,Hewlett Packard Enterprise Comp,United States,USD,Technology,Communication Equipment,72.09,85438.21796704616,1313.2235347450128,35.77455462749103,15.936420519879801,20.195085163613484,4230.644103496258,0.10936,2.0471697657529364,1.6849525,Sube,,0.3711340206185567,0.6701030927835052,0.6701030927835052,0.5704467353951891,0.12244897959183672,0.986734693877551,56.1,S&P 500
193,RMD,ResMed Inc.,United States,USD,Healthcare,Medical Instruments & Supplies,225.98,28374.660463324817,270.6717897152686,20.863783241154614,14.857673852261893,33.83733313329676,838.5607799393463,0.24269,-0.3069580844160246,-0.20580828,Sube,,0.6440677966101696,0.423728813559322,0.30508474576271183,0.45762711864406774,0.6785714285714286,0.5795918367346938,56.0,S&P 500
194,PBF,PBF Energy Inc.,United States,USD,Energy,Oil & Gas Refining & Marketing,83.68,8855.827707197008,251.33149358052285,7.330694234910787,11.910478977165164,126.41915704338544,70.05131116447646,0.23228,1.6729282170850481,1.8209667,Sube,,0.9375,0.09375,0.0,0.34375,0.41530612244897963,0.9908163265306122,55.9,S&P 400 MidCap
195,AIT,Applied Industrial Technologies,United States,USD,Industrials,Industrial Distribution,334.58,10972.892034140732,84.02169436350464,29.6494224143185,20.553712258761713,33.87251710417305,323.94675602035153,0.22368999,0.5790879775046925,0.37429786,Sube,,0.3380281690140845,0.22377622377622375,0.3706293706293706,0.3108112544732263,0.5642857142857143,0.8826530612244898,55.8,S&P 400 MidCap
196,ROST,"Ross Stores, Inc.",United States,USD,Consumer Cyclical,Apparel Retail,225.53,64322.89600336645,467.4399720558149,27.09460393172928,19.82370345587191,35.98639503709614,1787.4226061560203,0.42628,0.12332908965149467,0.49493265,Sube,,0.16666666666666663,0.06666666666666665,0.15000000000000002,0.12777777777777777,0.7724489795918368,0.9163265306122449,55.8,S&P 500
197,AUTO.L,AUTOTRADER GROUP PLC ORD 1P,United Kingdom,GBp,Communication Services,Internet Content & Information,470.8,4250.2979632411825,19.71271692696095,12.26555876167404,9.38154081041502,14.79063632528912,287.36410454322356,0.60195,0.4762845849802371,-0.40141755,Igual,,0.6111111111111112,0.5263157894736843,0.6842105263157895,0.6072124756335283,0.7724489795918368,0.2683673469387755,55.5,FTSE 100
198,TSCO.L,TESCO PLC ORD 6 1/3P,United Kingdom,GBp,Consumer Defensive,Grocery Stores,475.8,34942.66664768725,78.82986777154467,16.584371726071744,9.220616562903837,13.189262346140278,2649.326833498987,0.15459,2.4820371010230224,0.054994345,Sube,,0.6052631578947368,0.7631578947368421,0.7631578947368421,0.7105263157894738,0.17142857142857143,0.7255102040816327,55.3,FTSE 100
199,YETI,"YETI Holdings, Inc.",United States,USD,Consumer Cyclical,Leisure,39.47,2572.0385590180313,57.500898448018155,16.112685753060845,10.524207035084356,22.609759907390693,113.7578890511474,0.25320998,0.6614640392199824,0.2134459,Igual,,0.5,0.5833333333333333,0.4666666666666667,0.5166666666666666,0.5897959183673469,0.5642857142857143,55.3,S&P 400 MidCap
200,ODFL,"Old Dominion Freight Line, Inc.",United States,USD,Industrials,Trucking,175.61,32510.324253338393,273.32133230956464,33.42944792658396,20.158982480426886,37.51009129749809,866.7087476672397,0.24818,-0.1471869717726511,0.260051,Sube,,0.24647887323943662,0.23776223776223782,0.28671328671328666,0.25698479923832035,0.6714285714285715,0.8306122448979592,55.3,S&P 500
201,MSA,MSA Safety Incorporated,United States,USD,Industrials,Security & Protection Services,179.28,6174.886149994347,41.70890025349949,22.030973357372204,14.190428704130918,21.855450287932733,282.5330097821754,0.2366,0.8550216028363001,0.06958616,Igual,,0.6126760563380282,0.5804195804195804,0.6363636363636364,0.6098197577070817,0.5387755102040817,0.48673469387755103,55.2,S&P 400 MidCap
202,COP,ConocoPhillips,United States,USD,Energy,Oil & Gas E&P,129.84,139260.4140411003,767.4424822894215,16.857414356072244,6.407007309080139,20.280074260354265,6866.859176809919,0.1418,0.5824495502200491,0.4067428,Sube,,0.3125,0.5625,0.34375,0.40625,0.40102040816326534,0.8938775510204082,55.1,S&P 500
203,ULTA,"Ulta Beauty, Inc.",United States,USD,Consumer Cyclical,Specialty Retail,545.48,20823.08110210334,282.55124911341267,19.275061735712928,13.251944449138524,25.515444476860505,816.097133678679,0.46117002,1.1944981926764104,-0.02469927,Sube,,0.3666666666666667,0.3833333333333333,0.3833333333333333,0.37777777777777777,0.65,0.676530612244898,54.9,S&P 500
204,OXY,Occidental Petroleum Corporatio,United States,USD,Energy,Oil & Gas E&P,58.21,51951.03830738802,439.42891237638503,17.119414613200195,5.005459471643566,15.360869156084497,3382.037681559837,0.10629,0.7636681759183976,0.3101977,Sube,,0.25,0.8125,0.46875,0.5104166666666666,0.2969387755102041,0.8459183673469388,54.7,S&P 500
205,EHC,Encompass Health Corporation,United States,USD,Healthcare,Medical Care Facilities,122.48,10787.760935792065,100.13410633864837,20.01501923604541,10.12481452157563,52.552210036914985,205.27701743112738,0.24968,1.8685342290446907,0.012422919,Sube,,0.6779661016949152,0.8135593220338984,0.10169491525423724,0.5310734463276836,0.4153061224489796,0.7010204081632653,54.7,S&P 400 MidCap
206,MOG-A,Moog Inc.,United States,USD,Industrials,Aerospace & Defense,360.39,9151.726125605242,87.75545545510623,27.181170728146576,17.91456307434441,30.738923795127537,297.72435061815315,0.18106002,1.7057389153837397,0.78084266,Sube,,0.3943661971830986,0.3356643356643356,0.46153846153846156,0.3971896647952986,0.3285714285714285,0.9571428571428571,54.5,S&P 400 MidCap
207,SPM.MI,SAIPEM,Italy,EUR,Energy,Oil & Gas Equipment & Services,4.381,8500.378499938,78.42485929200001,31.836623595273412,8.820037249699132,7.555892429791214,1124.999936,0.108509995,0.6229509431051109,0.7167517,Sube,,0.0,0.3125,0.90625,0.40625,0.326530612244898,0.9479591836734693,54.5,FTSE MIB
208,BDC,Belden Inc,United States,USD,Technology,Communication Equipment,109.41,3817.2061796010944,44.28740465879808,17.51253318687485,11.58978842756095,42.869213376790796,89.04306561565491,0.18643999,2.188543987836784,-0.018296897,Sube,,0.7422680412371134,0.8247422680412371,0.35051546391752575,0.6391752577319587,0.2826530612244898,0.6795918367346938,54.4,S&P 400 MidCap
209,MSI,"Motorola Solutions, Inc.",United States,USD,Technology,Communication Equipment,448.33,66242.03202276492,368.7986448110009,34.7684301659044,22.114110554399634,37.49157532823606,1766.8511243611576,0.91567004,2.370675895836478,-0.002949953,Sube,,0.4020618556701031,0.4948453608247423,0.4226804123711341,0.4398625429553265,0.5336734693877551,0.6918367346938775,54.4,S&P 500
210,IMI.L,IMI PLC ORD 28 4/7P,United Kingdom,GBp,Industrials,Specialty Industrial Machinery,3052.0,8450.070918905232,26.944315708554367,21.444773070377018,13.98117954629657,22.73384147140829,371.6956911805973,0.35782,1.2037797085415416,0.3557278,Baja,,0.619718309859155,0.6153846153846154,0.6293706293706294,0.6214911848714666,0.6051020408163266,0.373469387755102,54.2,FTSE 100
211,NUE,Nucor Corporation,United States,USD,Basic Materials,Steel,246.44,49917.5527433423,297.8029968999869,19.460926849613408,10.617539531942004,81.81634323326466,610.1171327227804,0.14548999,0.7757436820361899,0.81710935,Sube,,0.4137931034482759,0.4482758620689655,0.1724137931034483,0.3448275862068966,0.3826530612244897,0.9581632653061225,54.0,S&P 500
212,RIO.L,RIO TINTO PLC ORD 10P,United Kingdom,GBp,Basic Materials,Other Industrial Metals & Mining,7022.0,103875.27680490729,233.08181674923193,9.613928996292069,5.660720229793681,32.35927241993635,3210.0621873349155,0.19312,0.5824712622101417,0.4188949,Baja,,0.8275862068965517,0.7931034482758621,0.3793103448275862,0.6666666666666666,0.5163265306122449,0.39591836734693875,54.0,FTSE 100
213,DAL,"Delta Air Lines, Inc.",United States,USD,Industrials,Airlines,82.97,48713.82738221495,464.59985821782413,13.81341291923624,9.455439580996991,19.36660304854642,2515.35218954525,0.20125,2.187158750490806,0.4043982,Baja,,0.8802816901408451,0.8461538461538461,0.7412587412587412,0.8225647591844775,0.3091836734693878,0.39285714285714285,54.0,S&P 500
214,AMS.MC,"AMADEUS IT GROUP, S.A.",Spain,EUR,Technology,Information Technology Services,51.84,21772.10928384,36.02838528,16.632628226377545,9.84115403587407,7.47604376221928,2912.250112,0.26466998,1.0610154849185367,-0.23099416,Baja,,0.7835051546391752,0.865979381443299,0.9896907216494846,0.8797250859106529,0.5540816326530612,0.07244897959183673,54.0,IBEX 35
215,ZTS,Zoetis Inc.,United States,USD,Healthcare,Drug Manufacturers - Specialty & Generic,71.55,26396.655596287255,349.3609267404084,11.212039985085536,9.135550899274598,14.658477769579859,1800.7774075332131,0.64911,1.8639941718129007,-0.5025455,Baja,,0.9661016949152542,0.8813559322033898,0.864406779661017,0.903954802259887,0.5826530612244898,0.009183673469387756,53.9,S&P 500
216,RMBS,"Rambus, Inc.",United States,USD,Technology,Semiconductors,111.48,10762.800578840177,243.80228533225937,50.29668341605475,35.55066870212272,59.58955992625851,180.6155405772259,0.17789,-2.5375428138586833,0.15569282,Sube,,0.24742268041237114,0.28865979381443296,0.2680412371134021,0.26804123711340205,0.653061224489796,0.7877551020408163,53.9,S&P 400 MidCap
217,ALV,"Autoliv, Inc.",Sweden,USD,Consumer Cyclical,Auto Parts,110.52,7226.480881484867,66.84936302148537,12.588144981088648,6.354186499148214,10.906757365799642,662.5691430658362,0.25858,1.1622834263078003,-0.050399005,Baja,,0.75,0.9333333333333333,0.8333333333333334,0.8388888888888889,0.5255102040816326,0.1540816326530612,53.9,S&P 400 MidCap
218,IDCC,"InterDigital, Inc.",United States,USD,Technology,Software - Application,330.8,7621.500116055482,65.83738618963098,28.250606071300247,18.433625938537766,14.207637793177767,536.4368255302214,0.26403,-1.6744618758687586,-0.025924444,Baja,,0.5463917525773196,0.5773195876288659,0.7835051546391752,0.6357388316151202,0.7744897959183674,0.17346938775510204,53.9,S&P 400 MidCap
219,VICR,Vicor Corporation,United States,USD,Technology,Electronic Components,282.78,8682.055605847323,217.97229762351492,66.9451946116408,80.82643439597196,28643.668273696607,0.30310557722175646,0.20131999,-3.8849264434300843,4.6877613,Sube,,0.134020618556701,0.061855670103092786,0.0,0.06529209621993126,0.7122448979591837,0.9989795918367347,53.9,S&P 400 MidCap
220,BA.L,BAE SYSTEMS PLC ORD 2.5P,United Kingdom,GBp,Industrials,Aerospace & Defense,1826.0,62998.94130159002,122.34964277278854,25.28723321136911,15.556867466261528,18.18417450374692,3464.4927812702654,0.18626,1.3197443465130931,-0.07940447,Sube,,0.46478873239436624,0.46853146853146854,0.7622377622377623,0.565185987721199,0.3948979591836735,0.6418367346938776,53.7,FTSE 100
221,FLEX,Flex Ltd.,United States,USD,Technology,Electronic Components,119.34,39364.80723588413,388.08127881033596,45.31491188861254,22.22393203828938,70.4616989855898,558.6695723010407,0.18378,1.4554874134944917,1.0355525,Sube,,0.27835051546391754,0.48453608247422686,0.21649484536082475,0.32646048109965636,0.3744897959183674,0.9693877551020409,53.4,S&P 500
222,TT,Trane Technologies plc,Ireland,USD,Industrials,Building Products & Equipment,467.27,91788.96637181185,474.9011278701845,34.274645129229036,24.628336966939667,32.93418325960317,2787.0424369806537,0.36643,0.7655974668098423,0.13794672,Sube,,0.22535211267605637,0.12587412587412583,0.3846153846153846,0.24528054105518893,0.6673469387755102,0.7806122448979591,53.2,S&P 500
223,WKL.AS,WOLTERS KLUWER,Netherlands,EUR,Industrials,Specialty Business Services,70.9,15770.7910281,88.49823080000002,11.813326046477254,10.182224259084563,12.638118189589997,1247.874944,1.46141,2.0821777723372485,-0.36945456,Baja,,0.9154929577464789,0.8181818181818181,0.8671328671328671,0.866935881020388,0.5908163265306123,0.027551020408163266,53.2,AEX
224,NTGY.MC,"NATURGY ENERGY GROUP, S.A.",Spain,EUR,Utilities,Utilities - Regulated Gas,29.52,27347.138215919997,49.11357528,13.078497072642843,7.814672777429415,15.461279976289152,1768.749952,0.22853,2.3583400534188055,0.13328195,Sube,,0.5,0.5,0.5,0.5,0.32551020408163267,0.7775510204081633,53.1,IBEX 35
225,EXPO,"Exponent, Inc.",United States,USD,Industrials,Engineering & Construction,68.95,2926.868244726249,31.198306773381717,29.330790836539325,23.885103347425503,42.605306907172356,68.69726935903208,0.31204,0.10223224380013525,0.05974269,Sube,,0.34507042253521125,0.13286713286713292,0.23076923076923073,0.23623559539052497,0.7183673469387755,0.7295918367346939,52.9,S&P 400 MidCap
226,CBT,Cabot Corporation,United States,USD,Basic Materials,Specialty Chemicals,75.41,3475.465737590378,28.03294845538493,20.816957518556148,6.7021345869157605,15.073653653320426,230.56558267310342,0.13345,1.4130434782608696,0.08239758,Sube,,0.27586206896551724,0.7241379310344828,0.6896551724137931,0.5632183908045977,0.2683673469387755,0.7448979591836735,52.9,S&P 400 MidCap
227,KRN.DE,KRONES AG                     I,Germany,EUR,Industrials,Specialty Industrial Machinery,104.6,3304.6353311999997,3.4327628,11.313834636137054,5.505681600964402,21.118190892192167,156.48288,0.14051,-0.6689100589663275,-0.15805948,Baja,,0.9366197183098591,0.9790209790209791,0.6503496503496504,0.8553301158934962,0.5163265306122449,0.10204081632653061,52.8,MDAX
228,UNH,UnitedHealth Group Incorporated,United States,USD,Healthcare,Healthcare Plans,375.98,301300.07735885255,1644.0065173122327,23.897302180887692,14.217522329634626,13.903848977316603,21670.26395715372,0.14152999,1.568906783569208,0.023470879,Sube,,0.423728813559322,0.4576271186440678,0.8983050847457628,0.5932203389830509,0.25918367346938775,0.7061224489795919,52.7,S&P 500
229,CHRW,"C.H. Robinson Worldwide, Inc.",United States,USD,Industrials,Integrated Freight & Logistics,135.18,14078.148713387638,228.67973226698422,24.897939812814794,18.856684925624716,32.808852054276876,429.0960467040311,0.37123,1.9492826942169768,0.047711372,Sube,,0.5070422535211268,0.29370629370629375,0.39160839160839156,0.39745231294527067,0.5040816326530613,0.7204081632653061,52.6,S&P 500
230,CVLT,"Commvault Systems, Inc.",United States,USD,Technology,Software - Application,150.28,5560.616070889258,80.29764348003735,91.1901768363104,50.9266513347534,20.50531319075467,271.17928017780287,0.32773998,-0.09980350647222679,-0.12202585,Sube,,0.07216494845360821,0.134020618556701,0.6391752577319587,0.28178694158075596,0.7489795918367347,0.6204081632653061,52.4,S&P 400 MidCap
231,AXTA,Axalta Coating Systems Ltd.,United States,USD,Basic Materials,Specialty Chemicals,32.79,6265.41610757215,52.594951647769776,20.108067912979944,9.537553684793139,13.007813318591241,481.66559237265415,0.14344,2.4561049445005043,0.24906504,Sube,,0.31034482758620685,0.5517241379310345,0.8620689655172413,0.5747126436781609,0.14795918367346939,0.8265306122448979,52.2,S&P 400 MidCap
232,HST,"Host Hotels & Resorts, Inc.",United States,USD,Real Estate,REIT - Hotel & Motel,22.24,13603.741348306074,178.4643059981542,14.836579000740018,11.167649660784909,9.00342198013036,1510.9523221646336,0.15558,2.1781711602342453,0.38851142,Igual,,0.5,0.5,1.0,0.6666666666666666,0.2163265306122449,0.6357142857142857,52.2,S&P 500
233,OSK,Oshkosh Corporation (Holding Co,United States,USD,Industrials,Farm & Heavy Construction Machinery,128.61,7159.364314094565,82.04275539564499,14.414886552604047,8.364387971629652,10.924512449012415,655.3486343220542,0.12387,0.6708241183283393,-0.003243804,Baja,,0.8661971830985915,0.8881118881118881,0.9230769230769231,0.892461998095801,0.36020408163265305,0.19081632653061226,52.2,S&P 400 MidCap
234,OPCH,"Option Care Health, Inc.",United States,USD,Healthcare,Medical Care Facilities,31.01,4147.140927254715,88.52610531351225,22.164252937788678,14.111275980166543,18.140094801467324,228.61737894111002,0.15999,2.6445663023568335,0.15671647,Sube,,0.576271186440678,0.47457627118644063,0.711864406779661,0.5875706214689265,0.16326530612244897,0.7887755102040817,52.1,S&P 400 MidCap
235,BYD,Boyd Gaming Corporation,United States,USD,Consumer Cyclical,Resorts & Casinos,69.85,4530.942399802901,62.17130972513491,2.792790532359786,6.8266249163893855,17.87207278596468,253.5208117192286,0.93084997,2.501219675171483,-0.15555286,Baja,,1.0,0.9166666666666666,0.5833333333333333,0.8333333333333334,0.5183673469387755,0.10510204081632653,52.0,S&P 400 MidCap
236,AIR.PA,AIRBUS SE,Netherlands,EUR,Industrials,Aerospace & Defense,187.44,148355.10285816,180.02562336,24.979812704880292,16.60396472851455,47.41673162279552,3128.75008,0.23193,0.12738780268644187,-0.08135843,Sube,,0.49295774647887325,0.4125874125874126,0.1748251748251748,0.36012344463048684,0.6132653061224489,0.6408163265306123,52.0,"CAC 40, DAX"
237,SN,"SharkNinja, Inc.",United States,USD,Consumer Cyclical,"Furnishings, Fixtures & Appliances",185.19,23291.367073509435,293.4440179611622,37.524869738429246,23.620476282555074,40.847548838682144,570.2023190055602,0.27528,0.11997433782928658,1.068533,Sube,,0.01666666666666672,0.01666666666666672,0.1333333333333333,0.05555555555555558,0.6826530612244899,0.9734693877551021,51.9,S&P 400 MidCap
238,MPWR,"Monolithic Power Systems, Inc.",United States,USD,Technology,Semiconductors,1425.98,62564.682991285095,949.6036342178874,87.38361004124687,68.66274632014166,157.71863932879788,396.68540926767554,0.21979,-1.394433815974836,0.504917,Sube,,0.08247422680412375,0.08247422680412375,0.07216494845360821,0.07903780068728523,0.7010204081632654,0.9193877551020408,51.8,S&P 500
239,PSX,Phillips 66,United States,USD,Energy,Oil & Gas Refining & Marketing,271.62,96763.49697112787,697.1871310389665,15.297397073651343,12.579149513019981,23.844469526057384,4058.110702164463,0.23452999,1.6590428019610866,1.0580518,Sube,,0.40625,0.0625,0.28125,0.25,0.42244897959183675,0.9714285714285714,51.8,S&P 500
240,COLM,Columbia Sportswear Company,United States,USD,Consumer Cyclical,Apparel Manufacturing,56.53,2583.719487923575,33.9259206952828,14.046057520826567,7.974680009871266,11.343607018049605,227.76877617608213,0.12658,-0.47708296535127676,0.11792183,Baja,,0.6333333333333333,0.75,0.8166666666666667,0.7333333333333334,0.4826530612244898,0.26632653061224487,51.8,S&P 400 MidCap
241,CAP.PA,CAPGEMINI,France,EUR,Technology,Information Technology Services,110.9,18409.64398,66.1643817,13.388831362265304,8.536050520172807,9.679734221263288,1901.874944,0.12202,2.56470974889996,-0.09913969,Igual,,0.9072164948453608,0.9381443298969072,0.9690721649484536,0.9381443298969073,0.09285714285714287,0.38265306122448983,51.8,CAC 40
242,DCC.L,DCC ENERGY PLC ORD EUR0.25 (CDI,Ireland,GBp,Energy,Oil & Gas Refining & Marketing,6440.0,6486.328065634508,47.95398299550053,20.219920380186004,8.48284881043586,4.203805902763005,1542.9656401051454,0.10375,1.5595517827897205,0.3300289,Sube,,0.15625,0.375,1.0,0.5104166666666666,0.18469387755102043,0.8581632653061224,51.7,FTSE 100
243,PNR,Pentair plc.,United Kingdom,USD,Industrials,Specialty Industrial Machinery,52.19,7530.047109500964,157.63352181919396,13.271743131540864,9.76719483648048,15.106580998116696,498.46137325445903,0.17126,1.6166409277155005,-0.5180701,Igual,,0.8943661971830986,0.8321678321678322,0.8181818181818181,0.8482386158442496,0.3275510204081633,0.25816326530612244,51.5,S&P 500
244,CSL,Carlisle Companies Incorporated,United States,USD,Industrials,Building Products & Equipment,318.22,11283.055028914177,156.43999719221478,17.295512316687567,12.239505126900962,18.869828748748883,597.9415700665684,0.39183,1.8320019808745258,0.01061058,Baja,,0.7535211267605634,0.6993006993006994,0.7482517482517482,0.7336911914376704,0.5397959183673469,0.1989795918367347,51.5,S&P 400 MidCap
245,ROVI.MC,LABORATORIOS FARMACEUTICOS ROVI,Spain,EUR,Healthcare,Drug Manufacturers - Specialty & Generic,59.0,3017.444257,6.448405,16.29447925284315,17.032150673470323,18.01035869323042,167.539376,0.2865,-0.11582985779353203,-0.011054397,Baja,,0.8305084745762712,0.2542372881355932,0.7457627118644068,0.6101694915254238,0.7193877551020408,0.1836734693877551,51.5,IBEX 35
246,BAH,Booz Allen Hamilton Holding Cor,United States,USD,Industrials,Consulting Services,68.69,7376.647662954686,116.98218402109913,10.702558025090674,9.468027242562755,9.59764741523313,768.5891493832819,0.68637,2.8844620042983515,-0.31675524,Baja,,0.9507042253521126,0.8391608391608392,0.951048951048951,0.913638005187301,0.463265306122449,0.03163265306122449,51.4,S&P 400 MidCap
247,MSM,"MSC Industrial Direct Company, ",United States,USD,Industrials,Industrial Distribution,130.38,6500.690880992767,79.15805487902088,31.49379891191889,17.481219166313853,37.30695572808108,174.2487628412863,0.16322,1.0839496275211014,0.47104645,Sube,,0.28873239436619713,0.3496503496503497,0.30069930069930073,0.31302734823861583,0.38571428571428573,0.9112244897959183,51.4,S&P 400 MidCap
248,DUOL,"Duolingo, Inc.",United States,USD,Technology,Software - Application,151.72,5470.647177742794,156.10066561489936,14.917258059439865,27.368373397305568,20.41158546710715,268.01676854346414,0.3442,-6.857638784003272,-0.5606928,Baja,,0.845360824742268,0.38144329896907214,0.6494845360824743,0.6254295532646048,0.8734693877551021,0.003061224489795918,51.3,S&P 400 MidCap
249,GBF.DE,Bilfinger SE                  I,Germany,EUR,Industrials,Engineering & Construction,54.95,2029.8377788500002,7.8749944,10.83736133929525,5.731378487088536,15.728652969004237,129.053504,0.14723,-0.02866061293984109,-0.4487548,Baja,,0.9436619718309859,0.972027972027972,0.8041958041958042,0.9066285826849206,0.48571428571428577,0.014285714285714285,51.3,MDAX
250,LLY,Eli Lilly and Company,United States,USD,Healthcare,Drug Manufacturers - General,1188.72,945987.569599384,2627.5120499968725,39.66807713631665,26.507108494693096,95.75126896526803,9879.634806119628,1.02286,1.1019253075879267,0.35323548,Sube,,0.13559322033898302,0.11864406779661019,0.0,0.0847457627118644,0.7163265306122449,0.8724489795918368,51.1,S&P 500
251,PAYX,"Paychex, Inc.",United States,USD,Technology,Software - Application,101.55,32274.55422177854,272.74609464357746,20.01650998513289,12.942337627202983,19.156154192858146,1684.8138669614193,0.47055,1.1977581828092763,-0.1931954,Baja,,0.6907216494845361,0.7731958762886598,0.711340206185567,0.725085910652921,0.6520408163265305,0.08163265306122448,51.0,S&P 500
252,CRS,Carpenter Technology Corporatio,United States,USD,Industrials,Metal Fabrication,391.17,17307.6626006472,253.91138578974915,36.60465306310424,23.87123236666195,81.18441684544767,213.1894675501104,0.25752002,0.40455156148850013,0.5777911,Sube,,0.147887323943662,0.14685314685314688,0.027972027972028024,0.10757083292294563,0.6265306122448979,0.9295918367346938,51.0,S&P 400 MidCap
253,KBX.DE,Knorr-Bremse AG               I,Germany,EUR,Consumer Cyclical,Auto Parts,100.0,16120.0,14.7015,27.555555555555557,13.888711526723409,24.22694056952331,665.374976,0.19827999,0.9823858053424271,0.2316109,Sube,,0.1333333333333333,0.3666666666666667,0.41666666666666663,0.3055555555555555,0.46836734693877546,0.8214285714285714,50.9,MDAX
254,INTU,Intuit Inc.,United States,USD,Technology,Software - Application,297.24,70917.9812003386,1034.3894266721304,17.39667683163061,11.776059218231538,12.502032704136793,5672.5160522794495,0.23596,0.17827423031238882,-0.5506264,Baja,,0.7628865979381443,0.8041237113402062,0.8350515463917526,0.8006872852233676,0.6204081632653062,0.004081632653061225,50.8,S&P 500
255,NEU,NewMarket Corp,United States,USD,Basic Materials,Specialty Chemicals,905.83,7437.363104149357,100.18646589420156,19.298074685383007,12.520225405880351,19.127527655029407,388.8303411859802,0.25123,1.1546897564947098,0.18875766,,,0.4482758620689655,0.2068965517241379,0.6206896551724138,0.4252873563218391,0.5173469387755102,0.6081632653061224,50.8,S&P 400 MidCap
256,UHS,"Universal Health Services, Inc.",United States,USD,Healthcare,Medical Care Facilities,174.62,8058.160779631675,124.30058287608485,5.914520745756027,5.241156420110313,18.11240343455918,444.89737702376846,0.20948,1.8978184534757125,-0.12162697,Baja,,1.0,1.0,0.728813559322034,0.9096045197740112,0.35,0.12142857142857143,50.5,S&P 500
257,CXT,"Crane NXT, Co.",United States,USD,Industrials,Business Equipment & Supplies,48.16,2474.9774772979827,23.650935465779167,19.75874840085531,9.322755135240754,11.560870997848161,214.08226748301692,0.11484,2.8743894673179815,-0.26905566,Sube,,0.6830985915492958,0.8601398601398601,0.9090909090909091,0.8174431202600217,0.046938775510204096,0.5459183673469388,50.5,S&P 400 MidCap
258,ADSK,"Autodesk, Inc.",United States,USD,Technology,Software - Application,235.05,43859.19846400158,449.57944833943304,29.91805724725944,21.292846520785496,15.558337765194118,2819.0157024434775,0.53854,-0.19685043867154153,-0.25470483,Baja,,0.48453608247422686,0.5360824742268041,0.7525773195876289,0.5910652920962199,0.8346938775510204,0.05612244897959184,50.4,S&P 500
259,META,"Meta Platforms, Inc.",United States,USD,Communication Services,Internet Content & Information,721.31,1420070.8286636937,12444.81859889487,23.35723915143366,14.70648177765731,73.79646061081147,19243.075032458237,0.29848,0.20115818318464143,0.007321,Sube,,0.16666666666666663,0.368421052631579,0.10526315789473684,0.2134502923976608,0.6918367346938776,0.6969387755102041,50.2,S&P 500
260,TOST,"Toast, Inc.",United States,USD,Technology,Software - Infrastructure,30.55,14019.369506450885,251.25118541411,32.31008230452675,29.328511664570225,33.11059679445345,423.41035389610835,0.25162,-3.591194834381551,-0.17932719,Igual,,0.44329896907216493,0.3402061855670103,0.4639175257731959,0.41580756013745707,0.776530612244898,0.3377551020408163,50.1,S&P 400 MidCap
261,CIEN,Ciena Corporation,United States,USD,Technology,Communication Equipment,446.45,56523.53514480655,941.5282290052303,96.74426969966582,62.373338881566944,99.95828270810877,565.4712507402978,0.22396,0.6395428071323055,1.7116313,Sube,,0.04123711340206182,0.09278350515463918,0.15463917525773196,0.09621993127147765,0.5551020408163265,0.9877551020408164,50.1,S&P 500
262,INGR,Ingredion Incorporated,United States,USD,Consumer Defensive,Packaged Foods,94.25,5306.60640373659,53.936071272329265,10.040168953969594,5.8706933143414215,12.998972616147757,408.2327550366978,0.13693,0.7201040415944541,-0.1907152,Baja,,0.9736842105263158,0.9473684210526316,0.8157894736842105,0.912280701754386,0.37142857142857144,0.0836734693877551,50.1,S&P 400 MidCap
263,ILMN,"Illumina, Inc.",United States,USD,Healthcare,Diagnostics & Research,267.76,36097.47261529168,635.8132328502264,49.06766990291263,36.18247424097113,50.690184965912,712.1195679117449,0.32339,1.1766233668364545,1.8360808,Sube,,0.03389830508474578,0.03389830508474578,0.11864406779661019,0.06214689265536725,0.5897959183673469,0.9918367346938776,49.9,S&P 500
264,TJX,"TJX Companies, Inc. (The)",United States,USD,Consumer Cyclical,Apparel Retail,138.8,136895.67167151923,897.3489414094433,25.2732787139063,18.1563490821963,34.863259946558465,3926.645754911193,0.62171,0.9337301894014678,-0.011042118,Sube,,0.25,0.16666666666666663,0.18333333333333335,0.19999999999999998,0.7071428571428572,0.6846938775510204,49.8,S&P 500
265,ADI,"Analog Devices, Inc.",United States,USD,Technology,Semiconductors,410.08,177408.81560390195,1286.885880888563,48.05572388818716,29.692130081831642,47.9127955307964,3702.7439880829065,0.12227,0.9879275418056489,0.76753664,Sube,,0.25773195876288657,0.31958762886597936,0.31958762886597936,0.29896907216494845,0.3071428571428571,0.9551020408163265,49.8,S&P 500
266,DY,"Dycom Industries, Inc.",United States,USD,Industrials,Engineering & Construction,282.46,7605.998251028374,146.45016072630634,25.84845827634044,12.0345255171485,26.087777677003835,291.5540888610455,0.19197,2.8935174369536982,0.0025891066,Sube,,0.45070422535211263,0.7062937062937062,0.5454545454545454,0.5674841590334547,0.20816326530612245,0.6938775510204082,49.8,S&P 400 MidCap
267,DG.PA,VINCI,France,EUR,Industrials,Engineering & Construction,108.0,59654.689812,92.574576,11.73150197827957,6.68526495434837,7.391124517477922,8071.124992,0.16318001,2.017448943625436,-0.07766992,Baja,,0.9295774647887324,0.9370629370629371,0.986013986013986,0.9508847959552185,0.24795918367346936,0.14387755102040817,49.8,CAC 40
268,FCX,"Freeport-McMoRan, Inc.",United States,USD,Basic Materials,Copper,71.86,92130.00638071474,851.3729443561662,35.147213624925065,11.458155823050443,47.79077134469918,1927.7781837043638,0.14755,0.6572116546078179,0.67536366,Sube,,0.03448275862068961,0.3448275862068966,0.31034482758620685,0.22988505747126434,0.4122448979591837,0.9418367346938776,49.8,S&P 500
269,AMZN,"Amazon.com, Inc.",United States,USD,Consumer Cyclical,Internet Retail,259.92,2503034.807078745,9102.704171181062,20.724112139545376,17.359487287314195,870.9132545649971,2874.0345768752345,0.30558002,0.7616214837282255,0.12536228,Sube,,0.33333333333333337,0.21666666666666667,0.01666666666666672,0.1888888888888889,0.6316326530612245,0.7724489795918368,49.7,S&P 500
270,CSX,CSX Corporation,United States,USD,Industrials,Railroads,46.81,77418.5666340973,468.96715453439185,26.904855458535295,15.33821559290356,44.39490527777527,1743.8615118040163,0.24357,2.6439760888282144,0.31761444,Sube,,0.4154929577464789,0.49650349650349646,0.2097902097902098,0.3739288880133951,0.3071428571428571,0.8520408163265306,49.7,S&P 500
271,NVR,"NVR, Inc.",United States,USD,Consumer Cyclical,Residential Construction,5931.62,14112.432179850228,190.94355976549605,13.849698383959534,10.284650982010513,17.21301130829775,819.8700347711472,0.31544,-0.0022653563169329834,-0.20640379,Baja,,0.7,0.6,0.6,0.6333333333333333,0.7336734693877551,0.07857142857142857,49.7,S&P 500
272,CVX,Chevron Corporation,United States,USD,Energy,Oil & Gas Integrated,205.15,359283.1485310682,1519.1799922184882,19.543631703979752,8.506729404890747,18.34699139749636,19582.673842649543,0.12231,0.5634400984036094,0.36890006,Sube,,0.1875,0.34375,0.375,0.3020833333333333,0.3755102040816326,0.8785714285714286,49.7,S&P 500
273,LDO.MI,LEONARDO,Italy,EUR,Industrials,Aerospace & Defense,46.005,26535.562178760003,90.155400435,23.566218631225578,12.885796373532349,24.29162257200604,1092.37504,0.11893,1.511787412239346,-0.14888251,Sube,,0.556338028169014,0.6853146853146853,0.5944055944055944,0.6120194359630979,0.22755102040816325,0.6081632653061224,49.6,FTSE MIB
274,MSFT,Microsoft Corporation,United States,USD,Technology,Software - Infrastructure,529.76,3512057.9672003696,13242.85720163461,29.41148744214821,20.519915663092878,237.75388723650167,14771.821432752471,0.34039003,0.26755971977394727,0.01320827,Igual,,0.5051546391752577,0.5463917525773196,0.030927835051546393,0.3608247422680413,0.7153061224489796,0.4520408163265306,49.5,S&P 500
275,UNA.AS,UNILEVER PLC,United Kingdom,EUR,Consumer Defensive,Household & Personal Products,54.62,117626.30788142,56.32534564,21.012201713443762,13.221157094593947,17.471091839871306,6732.624896,0.31869,2.405939632960597,0.04091811,Sube,,0.26315789473684215,0.26315789473684215,0.631578947368421,0.3859649122807018,0.4173469387755102,0.7153061224489796,49.4,AEX
276,NDSN,Nordson Corporation,United States,USD,Industrials,Specialty Industrial Machinery,327.69,16300.932573563614,107.65477332172972,32.88713692962291,20.840056103877735,29.745872257403473,548.0065412943627,0.17763,1.7792086508447522,0.429757,Sube,,0.2676056338028169,0.21678321678321677,0.4755244755244755,0.31997110870350304,0.3163265306122449,0.9010204081632653,49.3,S&P 500
277,MTX.DE,MTU Aero Engines AG           N,Germany,EUR,Industrials,Aerospace & Defense,351.1,18913.972575400003,44.36991140000001,20.078527150106158,13.45626992053925,60.16372833110195,314.375008,0.22635001,0.013503953898896198,-0.08276898,Igual,,0.6619718309859155,0.6503496503496504,0.09790209790209792,0.4700745264125546,0.6285714285714286,0.38877551020408163,49.3,DAX
278,DGX,Quest Diagnostics Incorporated,United States,USD,Healthcare,Diagnostics & Research,227.06,22374.794027109085,210.89116725204258,23.687500114933833,13.60961015341134,27.551325502672185,812.1131603972727,0.14602,2.5498676391805195,0.2587632,Sube,,0.4915254237288136,0.5932203389830508,0.4067796610169492,0.4971751412429379,0.1459183673469388,0.8295918367346939,49.2,S&P 500
279,PH,Parker-Hannifin Corporation,United States,USD,Industrials,Specialty Industrial Machinery,952.79,107277.63277240812,511.633309733426,32.93822584645011,22.667840319182556,40.57015184898373,2644.250215570623,0.25076,1.4533897740112995,0.33322954,Sube,,0.2605633802816901,0.1748251748251748,0.2517482517482518,0.2290456022850389,0.47346938775510206,0.8622448979591837,49.2,S&P 500
280,UTHR,United Therapeutics Corporation,United States,USD,Healthcare,Drug Manufacturers - Specialty & Generic,545.0,20869.579782252757,316.05347074472826,17.831587238241507,13.843823099856087,41.956300401205105,497.4122976212966,0.19315,-1.7793744271353849,0.2160852,Baja,,0.728813559322034,0.5084745762711864,0.2033898305084746,0.48022598870056504,0.6775510204081633,0.3153061224489796,49.0,S&P 400 MidCap
281,LDOS,"Leidos Holdings, Inc.",United States,USD,Technology,Information Technology Services,113.55,12751.807573994616,139.2636995239976,10.38004336068314,8.443718914989075,12.456504406710035,1023.7067444961131,0.27781,2.447522904583152,-0.39866012,Baja,,0.979381443298969,0.9484536082474226,0.845360824742268,0.9243986254295532,0.3806122448979592,0.019387755102040816,49.0,S&P 500
282,ULVR.L,UNILEVER PLC ORD 3.5P,United Kingdom,GBp,Consumer Defensive,Household & Personal Products,4623.0,117384.05727377936,189.6503249982598,20.968927222178756,13.198883225346199,17.435110241106674,6732.624896,0.31869,2.405939632960597,-0.033643365,Sube,,0.2894736842105263,0.2894736842105263,0.6578947368421053,0.41228070175438597,0.4173469387755102,0.6653061224489796,49.0,FTSE 100
283,MNST,Monster Beverage Corporation,United States,USD,Consumer Defensive,Beverages - Non-Alcoholic,42.88,74998.8902347459,401.69148162516757,39.48175187346345,27.50395278650268,49.96584909740048,1501.0030168515195,0.25704,-1.1339803805461033,0.25307834,Sube,,0.02631578947368418,0.02631578947368418,0.07894736842105265,0.04385964912280701,0.7428571428571429,0.8275510204081633,48.9,S&P 500
284,CR,Crane Company,United States,USD,Industrials,Specialty Industrial Machinery,203.55,10504.025538307995,77.45562571940565,35.0052438673014,16.779007005624,32.344362738942124,324.755989879538,0.16521999,1.0247723192287093,0.16636896,Sube,,0.1901408450704225,0.39860139860139865,0.4055944055944056,0.3314455497554089,0.3948979591836735,0.7938775510204081,48.9,S&P 400 MidCap
285,ROKU,"Roku, Inc.",United States,USD,Communication Services,Entertainment,152.725,18005.519850249933,312.85702365101974,56.77700178866011,31.23405267327354,24.107851490786,746.8736837511891,0.13122,-3.597752003689256,0.5653696,Sube,,0.0,0.0,0.3157894736842105,0.10526315789473684,0.5612244897959183,0.9285714285714286,48.9,S&P 400 MidCap
286,GME,GameStop Corporation,United States,USD,Consumer Cyclical,Specialty Retail,24.58,11071.285501571789,163.7944647984419,13.881825566347718,23.07934841874258,145.1215252685781,76.28975426686036,0.15786,-1.437524523527086,0.028666377,Sube,,0.6666666666666667,0.033333333333333326,0.033333333333333326,0.24444444444444446,0.596938775510204,0.7081632653061225,48.9,S&P 400 MidCap
287,AAF.L,AIRTEL AFRICA PLC ORD USD0.50,United Kingdom,GBp,Communication Services,Telecom Services,312.8,13366.41261528498,13.079321092079324,20.997673800823744,6.998421268752413,11.27890889212253,1185.080289514566,0.26409,1.9251101554703323,0.31387484,Baja,,0.2777777777777778,0.7894736842105263,0.8421052631578947,0.6364522417153996,0.42551020408163265,0.3479591836734694,48.7,FTSE 100
288,JD.L,JD SPORTS FASHION PLC ORD 0.05P,United Kingdom,GBp,Consumer Cyclical,Apparel Retail,83.5,4633.522344572047,15.837178784704442,6.992661294190391,5.419001866234318,3.4135726240899142,1357.3820905033126,0.17433001,2.3172848584796912,-0.17903125,Baja,,0.95,0.9666666666666667,1.0,0.9722222222222222,0.236734693877551,0.08877551020408163,48.7,FTSE 100
289,PLTR,Palantir Technologies Inc.,United States,USD,Technology,Software - Infrastructure,194.12,398737.3701237401,5824.028585541289,148.04775434913745,164.27997546517435,206.85171511766077,1927.6483634517194,0.38097,-3.454366223954893,0.035585284,Sube,,0.010309278350515427,0.0,0.04123711340206182,0.017182130584192417,0.8826530612244898,0.7122448979591837,48.5,S&P 500
290,LVS,Las Vegas Sands Corp.,United States,USD,Consumer Cyclical,Resorts & Casinos,35.81,20707.761811284217,171.6123609138747,13.430329206426713,7.566755477207943,10.48146836815828,1975.6546586728687,1.22869,2.566932437964286,-0.29984576,Baja,,0.7166666666666667,0.8,0.85,0.7888888888888889,0.5255102040816326,0.036734693877551024,48.4,S&P 500
291,IEX,IDEX Corporation,United States,USD,Industrials,Specialty Industrial Machinery,232.91,15329.465000584823,132.24697374874128,33.05120496123195,19.049603855479305,30.903015312687003,496.0507848660136,0.12955,1.3063967198560453,0.4246608,Sube,,0.2535211267605634,0.2797202797202797,0.4545454545454546,0.32926228700876586,0.2755102040816327,0.8989795918367347,48.4,S&P 500
292,BC8.DE,BECHTLE AG                    I,Germany,EUR,Technology,Information Technology Services,34.38,4331.88,7.098060420000001,17.643911179882817,11.26688691659969,821.0538286580743,5.276,0.12287,1.3153364128920975,-0.055251658,Sube,,0.731958762886598,0.8350515463917526,0.010309278350515427,0.5257731958762887,0.26122448979591834,0.6520408163265305,48.4,MDAX
293,CAT,"Caterpillar, Inc.",United States,USD,Industrials,Farm & Heavy Construction Machinery,813.83,333993.96837650414,1917.7612420735486,34.49808244959064,25.43217163681293,74.09332930418758,4507.746804105718,0.56972003,2.412220905491749,0.72563756,Sube,,0.21830985915492962,0.09790209790209792,0.05594405594405594,0.1240520043336945,0.5,0.9489795918367347,48.4,S&P 500
294,SPX.L,SPIRAX GROUP PLC ORD 26 12/13P,United Kingdom,GBp,Industrials,Specialty Industrial Machinery,7140.0,6212.448293138483,17.54289595732652,26.58438901816347,15.45919772219348,32.3749671483871,191.89048948418727,0.16620001,1.830056740817382,0.0559541,Sube,,0.4295774647887324,0.4895104895104895,0.39860139860139865,0.4392297843002068,0.29183673469387755,0.7275510204081632,48.2,FTSE 100
295,ROK,"Rockwell Automation, Inc.",United States,USD,Industrials,Specialty Industrial Machinery,441.9,43811.84428806454,294.152008191893,40.9277792368825,24.955262839579348,37.635825544631366,1164.0994625216654,0.30629,1.4980879235181643,0.3148775,Sube,,0.10563380281690138,0.11188811188811187,0.2797202797202797,0.1657473981417643,0.5316326530612245,0.8489795918367347,48.0,S&P 500
296,EXE,Expand Energy Corporation,United States,USD,Energy,Oil & Gas E&P,88.12,18820.978049652294,259.0750028465377,7.580311635749711,3.592597292635951,14.377388851777134,1309.0678873393554,0.14893,0.45603333271628227,-0.1674844,Baja,,0.90625,0.9375,0.53125,0.7916666666666666,0.44285714285714284,0.09693877551020408,47.9,S&P 500
297,TEN.MI,TENARIS,Luxembourg,EUR,Energy,Oil & Gas Equipment & Services,24.92,25160.22271952,33.08272044,14.736090016165262,9.426186006193522,32.575870381859865,772.3576507576807,0.115839995,-0.8519104567885062,0.63067997,Igual,,0.53125,0.25,0.1875,0.3229166666666667,0.4806122448979592,0.6857142857142857,47.9,FTSE MIB
298,HAS,"Hasbro, Inc.",United States,USD,Consumer Cyclical,Leisure,90.75,11427.647528704789,152.92177677999942,16.11860709740011,11.767255909363467,18.60028348854968,614.3802881144063,1.5956,1.9227812052438067,0.21958733,Baja,,0.4833333333333333,0.4666666666666667,0.55,0.5,0.6122448979591837,0.3173469387755102,47.9,S&P 500
299,FAST,Fastenal Company,United States,USD,Industrials,Industrial Distribution,49.83,51050.12523068712,334.17656159136243,42.28962755407002,29.3736139165265,62.41485011533229,817.9163313915672,0.34334,0.12114390756811527,0.08777559,Sube,,0.09154929577464788,0.06293706293706292,0.09090909090909094,0.0817984832069339,0.7346938775510204,0.7479591836734694,47.8,S&P 500
300,AZN.L,ASTRAZENECA PLC ORD SHS $0.25,United Kingdom,GBp,Healthcare,Drug Manufacturers - General,12180.0,222723.03993058795,496.7147715657349,23.881465271106826,13.672170934753735,48.714273070986714,4572.028399274986,0.21965,1.3522642693735447,-0.07588869,Sube,,0.44067796610169496,0.5593220338983051,0.15254237288135597,0.384180790960452,0.4357142857142857,0.6448979591836734,47.8,FTSE 100
301,JBHT,"J.B. Hunt Transport Services, I",United States,USD,Industrials,Integrated Freight & Logistics,222.64,18664.78254615025,204.37857378843697,30.994425921429457,13.32470144734866,23.15087444784901,806.2236520782665,0.18448,0.8358452949125253,0.5841397,Baja,,0.30281690140845074,0.6573426573426573,0.6223776223776224,0.5275123937095768,0.45918367346938777,0.4316326530612245,47.8,S&P 500
302,GE,GE Aerospace,United States,USD,Industrials,Aerospace & Defense,303.62,281254.0579838232,1069.341570304245,35.14332208765623,28.329681820113116,47.76992308896743,5887.68077897072,0.48231998,0.8956719390376219,0.033539295,Sube,,0.18309859154929575,0.0699300699300699,0.1678321678321678,0.14028694310384449,0.6948979591836735,0.7112244897959183,47.8,S&P 500
303,BOSS.DE,HUGO BOSS AG                  N,Germany,EUR,Consumer Cyclical,Apparel Manufacturing,37.78,2607.4307892600004,10.51364508,11.989290000275888,6.968888697688943,6.04884990450567,431.06224,0.14831,1.617315926788689,-0.088781655,Baja,,0.7833333333333333,0.8833333333333333,0.9833333333333333,0.8833333333333333,0.27653061224489794,0.1357142857142857,47.7,MDAX
304,MMS,"Maximus, Inc.",United States,USD,Industrials,Specialty Business Services,55.65,2601.3596558851887,32.059053492377004,7.856057095831192,6.633657888102018,8.229103198582127,316.1170291719519,0.21112,2.422097090196077,-0.38053697,Baja,,0.9788732394366197,0.9440559440559441,0.965034965034965,0.9626547161758429,0.28061224489795916,0.025510204081632654,47.7,S&P 400 MidCap
305,BE,Bloom Energy Corporation,United States,USD,Industrials,Electrical Equipment & Parts,291.29,76595.86913012432,4041.308380835694,350.257900304317,205.2452562615657,161.37475247859868,474.6459279017787,0.22213,0.2345732747084684,2.4135027,Sube,,0.0,0.0,0.006993006993006978,0.0023310023310023262,0.5877551020408163,0.9948979591836735,47.6,S&P 500
306,HAE,Haemonetics Corporation,United States,USD,Healthcare,Medical Devices,101.71,4131.436204601573,61.729201376535144,48.05949979966143,15.544492443746073,14.791922571314409,279.3035310104692,0.111999996,2.6468173294082744,1.0642073,Sube,,0.05084745762711862,0.3728813559322034,0.8305084745762712,0.4180790960451977,0.05408163265306125,0.9724489795918367,47.5,S&P 400 MidCap
307,MRVL,"Marvell Technology, Inc.",United States,USD,Technology,Semiconductors,284.68,222881.6716495421,5656.531097869064,94.56550523395906,88.05977497476701,103.67038744314735,2149.906807011501,0.16523,0.4747921319089376,2.165086,Sube,,0.061855670103092786,0.04123711340206182,0.14432989690721654,0.08247422680412371,0.4755102040816326,0.9938775510204081,47.4,S&P 500
308,IDXX,"IDEXX Laboratories, Inc.",United States,USD,Healthcare,Diagnostics & Research,506.67,35683.11353317364,251.54417908572364,35.06992490230841,25.200206158157496,43.95099806987571,811.8840322224917,0.74211,0.5544529525990705,-0.18026245,Sube,,0.15254237288135597,0.13559322033898302,0.18644067796610164,0.1581920903954802,0.7795918367346939,0.5867346938775511,47.3,S&P 500
309,PCAR,PACCAR Inc.,United States,USD,Industrials,Farm & Heavy Construction Machinery,106.86,50217.63823207121,318.42010602108473,22.461209294424325,19.072092027250342,28.939036085975495,1735.290632448114,0.12755999,1.879477808847915,0.14807808,Sube,,0.5845070422535211,0.2727272727272727,0.4895104895104895,0.44891493483042777,0.19387755102040816,0.7857142857142857,47.3,S&P 500
310,G24.DE,Scout24 SE                    N,Germany,EUR,Communication Services,Internet Content & Information,69.15,4815.621835350001,31.14771855,17.033425187644138,15.00094938990579,18.36174307435681,262.263872,0.22818,1.781678276528461,-0.35234898,Sube,,0.5,0.3157894736842105,0.631578947368421,0.48245614035087714,0.4020408163265306,0.5285714285714286,47.2,"DAX, MDAX"
311,TEL,TE Connectivity plc,Ireland,USD,Technology,Electronic Components,215.83,55869.540669702066,421.25216159323946,20.734889957530125,13.564309064359568,26.77845200258139,2086.361850353275,0.23290001,0.9248636131708198,-0.013260782,Baja,,0.6597938144329897,0.731958762886598,0.5463917525773196,0.6460481099656358,0.5244897959183673,0.1826530612244898,47.1,S&P 500
312,RDDT,"Reddit, Inc.",United States,USD,Communication Services,Internet Content & Information,152.71,19919.633986210345,800.2575169283788,25.61307353011298,24.38617006886861,32.90436276949952,605.3797220067947,0.30712,-3.4503198554772494,-0.29641002,Sube,,0.11111111111111116,0.10526315789473684,0.21052631578947367,0.1423001949317739,0.8377551020408163,0.5377551020408163,47.0,S&P 500
313,WST,"West Pharmaceutical Services, I",United States,USD,Healthcare,Medical Instruments & Supplies,366.48,23026.479174898897,207.62804627896065,45.65641833734358,28.14296125604034,92.79535466275182,248.14258492339982,0.19087,-0.13078272308704234,0.41376436,Sube,,0.0847457627118644,0.0847457627118644,0.016949152542372836,0.062146892655367214,0.5867346938775511,0.8948979591836734,46.9,S&P 500
314,LSTR,"Landstar System, Inc.",United States,USD,Industrials,Integrated Freight & Logistics,166.98,5059.307710942572,63.602482721998925,43.02832775115984,22.28669832141049,58.6066607180798,86.32649683420381,0.14977999,-0.8517362601466673,0.29095078,Sube,,0.07746478873239437,0.18881118881118886,0.11188811188811187,0.1260546964772317,0.5571428571428572,0.8387755102040817,46.9,S&P 400 MidCap
315,CPRT,"Copart, Inc.",United States,USD,Industrials,Specialty Business Services,26.62,22015.47911481083,255.11016055351777,16.613498507473658,10.854569242415046,27.859350699658794,790.2366193724846,0.1616,-2.358421693867977,-0.3910082,Baja,,0.7816901408450705,0.7692307692307692,0.5174825174825175,0.689467809186119,0.6204081632653061,0.02040816326530612,46.8,S&P 500
316,BTSG,"BrightSpring Health Services, I",United States,USD,Healthcare,Health Information Services,63.8,11270.472953503426,182.86568442540863,50.795867396187255,23.070506949270943,12.274659819777193,918.1902487712287,0.13036,2.931106201317925,1.2173913,Sube,,0.016949152542372836,0.18644067796610164,0.9322033898305084,0.37853107344632764,0.07244897959183676,0.976530612244898,46.6,S&P 400 MidCap
317,HL,Hecla Mining Company,United States,USD,Basic Materials,Other Precious Metals & Mining,16.39,9814.528489842512,552.4391883965153,19.898519549069647,10.860523238682584,32.11083778770298,305.64535733169316,0.22173999,-0.47846228031140065,0.336982,Baja,,0.3793103448275862,0.3793103448275862,0.4137931034482759,0.39080459770114945,0.6632653061224489,0.3673469387755102,46.6,S&P 400 MidCap
318,DVN,Devon Energy Corporation,United States,USD,Energy,Oil & Gas E&P,47.88,47021.986866319494,467.8373500832002,16.057317073170733,7.1280813948017885,67.29659592382264,698.7275689181473,0.11522,1.2262438231826067,0.3979622,Sube,,0.375,0.4375,0.09375,0.3020833333333333,0.2561224489795918,0.889795918367347,46.5,S&P 500
319,DOCS,"Doximity, Inc.",United States,USD,Healthcare,Health Information Services,27.69,3148.2839992581257,109.2905444491703,21.109778310225924,13.66673189098115,14.711084965744734,214.00760083902807,0.17206,-3.253868543010665,-0.61705935,Baja,,0.6101694915254237,0.576271186440678,0.847457627118644,0.6779661016949152,0.6469387755102041,0.0,46.5,S&P 400 MidCap
320,EMR,Emerson Electric Company,United States,USD,Industrials,Specialty Industrial Machinery,159.22,79619.1141382605,367.1200251346204,34.61922437888198,16.639340461181177,24.061820542324217,3308.939737049913,0.128,1.918455039544775,0.22709644,Sube,,0.21126760563380287,0.4055944055944056,0.6013986013986015,0.40608687087560336,0.186734693877551,0.8204081632653062,46.5,S&P 500
321,STE,STERIS plc (Ireland),United States,USD,Healthcare,Medical Devices,209.68,18252.243860605777,129.95152401801127,25.396053496645962,13.414217288665013,25.59116537357476,713.2244113999163,0.11389,0.9522706482612989,-0.12851894,Sube,,0.35593220338983056,0.6271186440677966,0.4576271186440678,0.48022598870056504,0.286734693877551,0.6183673469387755,46.4,S&P 500
322,CTAS,Cintas Corporation,United States,USD,Industrials,Specialty Business Services,197.19,70335.45476926719,375.3147907344676,38.35056173326095,26.16849052434241,48.540048912668006,1449.0190336604917,0.41375,0.7948198786878364,0.021955729,Sube,,0.11267605633802813,0.09090909090909094,0.15384615384615385,0.11914376703109097,0.6826530612244899,0.7051020408163265,46.4,S&P 500
323,SU.PA,SCHNEIDER ELECTRIC SE,France,EUR,Industrials,Specialty Industrial Machinery,254.55,143388.32326005,210.5764875,30.263471324139793,18.73950537394418,26.67813716191404,5374.750208,0.18620001,1.9118649166012622,0.04618478,Sube,,0.31690140845070425,0.30069930069930073,0.5384615384615384,0.3853540825371811,0.3153061224489796,0.7183673469387755,46.4,CAC 40
324,VRTX,Vertex Pharmaceuticals Incorpor,United States,USD,Healthcare,Biotechnology,505.64,114348.57620035755,525.4409620654834,29.074415627332517,23.95918295043503,48.73823797493782,2346.1778872506197,0.23542999,-1.151808678533061,0.21079397,Igual,,0.288135593220339,0.1694915254237288,0.13559322033898302,0.19774011299435026,0.7173469387755103,0.5612244897959184,46.3,S&P 500
325,AME,"AMETEK, Inc.",United States,USD,Industrials,Specialty Industrial Machinery,248.62,50875.7134556576,290.7972855171509,36.15145380709509,23.513564986454508,38.18766686884043,1332.255087235248,0.14562,0.7260011451340148,0.38410342,Sube,,0.1619718309859155,0.15384615384615385,0.2727272727272727,0.19618175251978068,0.39336734693877545,0.883673469387755,46.2,S&P 500
326,UAL,"United Airlines Holdings, Inc.",United States,USD,Industrials,Airlines,110.17,31925.98470793213,374.9419297878319,10.228659657105263,7.4447039422681085,39.29064081918981,812.559531794128,0.23252001,2.401776974353572,0.103907585,Baja,,0.9647887323943662,0.9230769230769231,0.25874125874125875,0.7155356380708494,0.3214285714285714,0.26224489795918365,46.1,S&P 500
327,SGE.L,THE SAGE GROUP PLC ORD 1 4/77P,United Kingdom,GBp,Technology,Software - Application,1022.0,10851.513742855683,35.288992140720026,23.90546202581818,17.1047969328115,14.556904883907437,745.4547398226089,0.75564003,2.4025559105431307,-0.095002234,Baja,,0.5773195876288659,0.6288659793814433,0.7731958762886598,0.6597938144329897,0.5183673469387755,0.1346938775510204,46.0,FTSE 100
328,NYT,New York Times Company (The),United States,USD,Communication Services,Publishing,64.9,9299.971693176083,144.20678772996678,26.517242934991266,17.497384369613307,22.6482020055794,410.62737301994343,0.19724001,-1.1851876849705671,0.15838003,Igual,,0.05555555555555558,0.21052631578947367,0.4736842105263158,0.24658869395711502,0.6642857142857144,0.5397959183673469,46.0,S&P 400 MidCap
329,KO,Coca-Cola Company (The),United States,USD,Consumer Defensive,Beverages - Non-Alcoholic,85.82,329661.7112694626,1218.1878716840824,25.792453858018423,23.363618299440482,70.75349066930346,4659.299607001396,0.42054,1.6407812376785502,0.29832757,Sube,,0.1842105263157895,0.052631578947368474,0.02631578947368418,0.08771929824561404,0.5704081632653061,0.8418367346938775,45.9,S&P 500
330,GGG,Graco Inc.,United States,USD,Industrials,Specialty Industrial Machinery,77.44,11197.23260629713,125.48887190998548,23.506233985620785,16.44404591503006,23.371525187100346,479.09721409526657,0.21240999,-0.6195431798281208,-0.03592813,Baja,,0.5633802816901409,0.4195804195804196,0.6083916083916083,0.5304507698873896,0.6571428571428571,0.16428571428571428,45.9,S&P 400 MidCap
331,BAB.L,BABCOCK INTERNATIONAL GROUP PLC,United Kingdom,GBp,Industrials,Engineering & Construction,891.0,5142.856866613683,20.868597428412162,20.6527586625,13.19956001543624,23.280340103496485,220.90986831593906,0.33682,1.0019575838926174,-0.2770335,Baja,,0.6408450704225352,0.6713286713286714,0.6153846153846154,0.6425194523786074,0.6214285714285714,0.044897959183673466,45.7,FTSE 100
332,RKT.L,RECKITT BENCKISER GROUP PLC ORD,United Kingdom,GBp,Consumer Defensive,Household & Personal Products,5106.0,38154.604206397045,89.0042009156057,11.201262297674209,11.625750613093016,10.459096548912619,3647.982789714643,0.48021,2.6116991068809234,-0.1673196,Baja,,0.868421052631579,0.368421052631579,0.9210526315789473,0.7192982456140351,0.463265306122449,0.09795918367346938,45.6,FTSE 100
333,STLD,"Steel Dynamics, Inc.",United States,USD,Basic Materials,Steel,234.09,29954.93061756544,233.6216893311504,20.875321718978594,13.975818375111936,143.26612290788938,209.08593050168932,0.17568001,1.4305154046100164,0.6116525,Sube,,0.24137931034482762,0.1724137931034483,0.10344827586206895,0.1724137931034483,0.35612244897959183,0.9336734693877551,45.6,S&P 500
334,ADS.DE,adidas AG                     N,Germany,EUR,Consumer Cyclical,Footwear & Accessories,146.75,25690.47749325,99.39186725,18.602808605235158,11.301230242210961,26.97729353142561,952.300032,0.24324,1.6576576096096096,-0.24164057,Sube,,0.3833333333333333,0.4833333333333333,0.30000000000000004,0.38888888888888884,0.43775510204081636,0.563265306122449,45.6,DAX
335,LOPE,"Grand Canyon Education, Inc.",United States,USD,Consumer Defensive,Education & Training Services,155.68,3622.807996178508,45.80604378304106,18.098556506783943,10.83494320988205,19.721513786904723,183.6982716095601,0.30979002,-0.47468732859149587,-0.24855071,Baja,,0.5263157894736843,0.5,0.5263157894736843,0.5175438596491229,0.7714285714285714,0.05714285714285714,45.6,S&P 400 MidCap
336,JNJ,Johnson & Johnson,United States,USD,Healthcare,Drug Manufacturers - General,258.45,556069.9856615422,1624.7514226374842,29.606800948398643,18.67160714896729,36.88680350120202,15075.038574253844,0.25742,0.8109085010557138,0.33336818,Igual,,0.27118644067796616,0.22033898305084743,0.27118644067796616,0.25423728813559326,0.5653061224489795,0.613265306122449,45.5,S&P 500
337,PHM,"PulteGroup, Inc.",United States,USD,Consumer Cyclical,Residential Construction,112.33,19103.536602985158,162.26262357375109,11.223676186593513,8.185575528359962,19.839662661289122,962.8962411875942,0.14901,0.41540209604120876,-0.0437361,Baja,,0.8,0.7166666666666667,0.5333333333333333,0.6833333333333332,0.4459183673469388,0.16122448979591836,45.5,S&P 500
338,KVUE,Kenvue Inc.,United States,USD,Consumer Defensive,Household & Personal Products,17.53,30061.6083858322,343.7437461404889,20.308298477991556,11.82825619808055,17.651983387494905,1703.0159005887451,0.15581,2.155415205385399,0.04453683,Sube,,0.3421052631578947,0.3421052631578947,0.6052631578947368,0.4298245614035087,0.22142857142857142,0.7173469387755103,45.4,S&P 500
339,NBIX,"Neurocrine Biosciences, Inc.",United States,USD,Healthcare,Drug Manufacturers - Specialty & Generic,143.47,13020.24424221158,166.4817835345712,20.671307351648707,16.04665335767317,22.849813598653707,569.8184007496114,0.22089,0.07861601063802948,0.05084133,Baja,,0.6610169491525424,0.3220338983050848,0.5423728813559322,0.5084745762711864,0.610204081632653,0.22142857142857142,45.3,S&P 400 MidCap
340,XOM,ExxonMobil Holdings Corporation,United States,USD,Energy,Oil & Gas Integrated,164.05,602246.3701449911,2057.4789053025347,20.592824528625265,10.39697280535873,32.63311587447754,18455.067927363005,0.12584,0.46778631755035605,0.4567355,Sube,,0.125,0.1875,0.15625,0.15625,0.3897959183673469,0.9102040816326531,45.2,S&P 500
341,CHE,Chemed Corp,United States,USD,Healthcare,Medical Care Facilities,501.45,5851.349999385921,71.68260908748518,23.83308714808994,16.330555826711986,21.288711892647594,274.8569302310292,0.27106002,0.610602042201026,0.18179917,Baja,,0.4576271186440678,0.288135593220339,0.5593220338983051,0.43502824858757067,0.6255102040816327,0.3,45.2,S&P 400 MidCap
342,ATI,ATI Inc.,United States,USD,Industrials,Metal Fabrication,189.19,23000.37861705487,279.4324472228292,54.14475569518705,29.636861648963784,74.30921406592556,309.52256602592274,0.25357,1.536867364746946,1.3661885,Sube,,0.028169014084507005,0.05594405594405594,0.04895104895104896,0.0443547063265373,0.46530612244897956,0.9806122448979592,45.2,S&P 400 MidCap
343,AMD,"Advanced Micro Devices, Inc.",United States,USD,Technology,Semiconductors,645.86,941323.9044429451,13460.592144128375,162.98505168232958,109.34064929672775,119.25016938326976,7893.690292527236,0.10196,-0.9239698503655698,1.7885268,Sube,,0.0,0.010309278350515427,0.134020618556701,0.048109965635738806,0.45102040816326533,0.9887755102040816,45.1,S&P 500
344,DPLM.L,DIPLOMA PLC ORD 5P,United Kingdom,GBp,Industrials,Industrial Distribution,7700.0,12174.05450422134,64.2955537017578,54.51585323653643,26.895006507500003,42.269173123924325,288.0126012526806,0.18952999,1.0817500000000002,0.44220185,Sube,,0.021126760563380254,0.08391608391608396,0.23776223776223782,0.11426836074723401,0.44285714285714284,0.9061224489795918,45.0,FTSE 100
345,CW,Curtiss-Wright Corporation,United States,USD,Industrials,Aerospace & Defense,509.1,16787.60769160819,160.602122218505,34.7447918645045,23.0998463630074,33.999921771336666,493.7543034513931,0.19746,0.7968724273087693,-0.0026674867,Sube,,0.19718309859154926,0.16083916083916083,0.36363636363636365,0.24055287435569125,0.4857142857142857,0.6928571428571428,45.0,S&P 400 MidCap
346,BSY,"Bentley Systems, Incorporated",United States,USD,Technology,Software - Application,35.15,9118.887395582882,81.89801810780193,35.220149216165595,24.233340721110444,25.664149427944572,355.3161744629543,0.24517,2.395617916782236,-0.29088223,Sube,,0.38144329896907214,0.44329896907216493,0.5567010309278351,0.46048109965635736,0.34285714285714286,0.5418367346938775,45.0,S&P 400 MidCap
347,CMC,Commercial Metals Company,United States,USD,Industrials,Metal Fabrication,63.25,6246.911478263501,62.42945336205554,11.757471728975236,8.35356655453601,52.19248137052998,119.68987321976155,0.13791999,2.544656228604049,0.10016954,Igual,,0.9225352112676056,0.8951048951048951,0.13286713286713292,0.6501690797465446,0.12142857142857141,0.5081632653061224,44.9,S&P 400 MidCap
348,SFM,"Sprouts Farmers Market, Inc.",United States,USD,Consumer Defensive,Grocery Stores,65.26,5432.991150409236,113.30536724483422,12.101459665712127,9.458788403414218,15.262959521341408,355.95921897142983,0.35197,2.2346324516833658,-0.37366652,Baja,,0.8421052631578947,0.736842105263158,0.6842105263157895,0.7543859649122807,0.46428571428571425,0.026530612244897958,44.9,S&P 400 MidCap
349,AEIS,"Advanced Energy Industries, Inc",United States,USD,Industrials,Electrical Equipment & Parts,292.25,10449.992581681505,153.12057721065966,53.03462471454463,33.10210078895184,342.36904349542965,30.52259770624094,0.16267,-0.05580763739376767,0.6822425,Sube,,0.035211267605633756,0.034965034965035,0.0,0.023392100856889586,0.5204081632653061,0.9428571428571428,44.8,S&P 400 MidCap
350,A,"Agilent Technologies, Inc.",United States,USD,Healthcare,Diagnostics & Research,169.09,42560.97801269165,341.074946673016,33.10510411309722,24.06795669368269,44.95706802011517,946.7027074285307,0.20971,1.1490384615384615,0.20855045,Sube,,0.18644067796610164,0.15254237288135597,0.1694915254237288,0.1694915254237288,0.45714285714285713,0.8091836734693878,44.8,S&P 500
351,TOL,"Toll Brothers, Inc.",United States,USD,Consumer Cyclical,Residential Construction,133.86,11012.50630899126,115.94987067989301,10.29286769507647,8.4350777028027,22.115776757420385,497.94797758104045,0.14393,1.102638664709333,0.07201123,Baja,,0.8833333333333333,0.7,0.4833333333333333,0.6888888888888888,0.33571428571428574,0.23877551020408164,44.8,S&P 400 MidCap
352,PUB.PA,PUBLICIS GROUPE SA,France,EUR,Communication Services,Advertising Agencies,95.26,23788.429985540002,57.40424756,14.6661097321455,9.265354980032319,11.784471956263632,2018.625024,0.16179001,1.1353382524527353,0.14264953,Baja,,0.5555555555555556,0.5789473684210527,0.736842105263158,0.6237816764132554,0.3755102040816326,0.2836734693877551,44.7,CAC 40
353,TREX,"Trex Company, Inc.",United States,USD,Industrials,Building Products & Equipment,43.82,4064.7773042414547,71.96746912851007,25.671364127685134,15.502597392935415,65.34949461086981,62.2005928040543,0.17740999,0.9490560974347341,-0.145361,Sube,,0.4577464788732394,0.4825174825174825,0.07692307692307687,0.33906234610459957,0.42551020408163265,0.6091836734693877,44.6,S&P 400 MidCap
354,COST,Costco Wholesale Corporation,United States,USD,Consumer Defensive,Discount Stores,942.25,372893.4164300327,1775.8928449744765,45.27068839324254,28.201294414869917,58.435451085003926,6381.287549018801,0.28402,-0.8862037840575916,-0.00764668,Sube,,0.0,0.0,0.052631578947368474,0.017543859649122823,0.7755102040816326,0.686734693877551,44.6,S&P 500
355,TXRH,"Texas Roadhouse, Inc.",United States,USD,Consumer Cyclical,Restaurants,162.48,9522.012744130503,140.20182632917778,25.81324980815784,16.373465045127368,45.21303851911922,210.60324755886364,0.27714002,1.2547197910014536,-0.02491802,Sube,,0.21666666666666667,0.2833333333333333,0.1166666666666667,0.20555555555555557,0.5377551020408162,0.6744897959183673,44.6,S&P 400 MidCap
356,WWD,"Woodward, Inc.",United States,USD,Industrials,Aerospace & Defense,324.25,17093.19676558219,193.97273845263868,34.68218499010025,24.9642555188372,102.25790654211079,167.15770294537614,0.22339001,1.131539415226706,0.32109797,Sube,,0.204225352112676,0.1048951048951049,0.013986013986013957,0.10770215699793162,0.4826530612244898,0.8540816326530613,44.4,S&P 400 MidCap
357,ALLE,Allegion plc,Ireland,USD,Industrials,Security & Protection Services,147.91,11229.450976321696,168.49765123427966,19.097769537291224,13.799191234951032,25.963033197788274,432.5169132117546,0.3373,1.812351054984498,-0.11541748,Baja,,0.7112676056338028,0.6223776223776224,0.5524475524475525,0.6286975934863258,0.5122448979591837,0.12346938775510204,44.2,S&P 500
358,HO.PA,THALES,France,EUR,Industrials,Aerospace & Defense,216.4,44504.3226012,51.86567,29.7528551256968,14.676159436053785,10.464588085252725,4252.84992,0.19353001,0.16924188185948222,-0.15334857,Baja,,0.33098591549295775,0.5524475524475525,0.9370629370629371,0.6068321350011491,0.5581632653061225,0.10612244897959183,44.2,CAC 40
359,PPC,Pilgrim's Pride Corporation,United States,USD,Consumer Defensive,Packaged Foods,28.12,5977.841671956836,39.06137415498786,12.271880255220648,5.316492091129932,13.166720897090494,454.0114215740523,0.1452,1.5374928804402324,-0.26566613,Baja,,0.8157894736842105,0.9736842105263158,0.7894736842105263,0.8596491228070176,0.27653061224489794,0.04897959183673469,44.2,S&P 400 MidCap
360,SGO.PA,SAINT GOBAIN,France,EUR,Industrials,Building Products & Equipment,64.76,31626.212768960002,62.41452232000001,11.840588547795708,6.557023404188145,10.196658806804184,3101.625088,0.11038999,1.7506079027592132,-0.25515866,Baja,,0.9084507042253521,0.951048951048951,0.9440559440559441,0.9345185331100825,0.1704081632653061,0.053061224489795916,44.1,CAC 40
361,SMTC,Semtech Corporation,United States,USD,Technology,Semiconductors,193.78,16145.965205684988,508.38800887737295,117.41213467108312,102.63068502091024,136.3286239929045,118.43415368532828,0.23663999,1.7895927466571502,1.8155339,Sube,,0.020618556701030966,0.020618556701030966,0.1030927835051546,0.04810996563573885,0.4153061224489796,0.9897959183673469,44.1,S&P 400 MidCap
362,GLW,Corning Incorporated,United States,USD,Technology,Electronic Components,163.25,125291.85972299486,1505.982843506888,73.86098680592106,36.03693453062761,191.0631464197014,655.7615221502258,0.16813,1.6829866408105616,0.93795156,Sube,,0.1030927835051546,0.27835051546391754,0.05154639175257736,0.1443298969072165,0.31020408163265306,0.9663265306122448,44.1,S&P 500
363,BJ,"BJ's Wholesale Club Holdings, I",United States,USD,Consumer Defensive,Discount Stores,95.9,10815.00248524542,152.21796723673037,20.376180996324045,12.801895050855325,49.108688735734155,220.22584523572988,0.27673,2.3638791716014445,0.079354286,Sube,,0.3157894736842105,0.3157894736842105,0.10526315789473684,0.24561403508771928,0.3918367346938776,0.7438775510204082,43.9,S&P 400 MidCap
364,CNM,"Core & Main, Inc.",United States,USD,Industrials,Industrial Distribution,40.7,6702.115578099124,80.89442438162152,16.3547940087146,10.635134102673799,15.737631970649897,425.8655679964001,0.23561001,2.6064170438502674,-0.17467165,Baja,,0.795774647887324,0.7972027972027972,0.7972027972027972,0.7967267474309727,0.30306122448979594,0.09183673469387756,43.7,S&P 400 MidCap
365,EVD.DE,CTS Eventim AG & Co. KGaA     I,Germany,EUR,Communication Services,Entertainment,55.8,5356.31454,16.987194,17.393286245453982,7.782177516268734,37.5367071459975,142.695376,0.29787,-2.3386656236537195,-0.2962963,Baja,,0.4444444444444444,0.736842105263158,0.1578947368421053,0.4463937621832359,0.8214285714285714,0.03877551020408163,43.7,MDAX
366,DOV,Dover Corporation,United States,USD,Industrials,Specialty Industrial Machinery,188.29,22640.459542435165,201.43923538903888,22.454417225393588,14.071809100709965,27.97542117615998,809.2982550600115,0.14914,0.7878596823707564,0.18225503,Baja,,0.5915492957746479,0.6013986013986015,0.5104895104895104,0.5678124692209199,0.3928571428571429,0.3010204081632653,43.5,S&P 500
367,VAL,Valaris Limited,United States,USD,Energy,Oil & Gas Drilling,81.85,5074.068431559871,79.28162616602256,6.0486598583971904,14.8484482931968,71.28655757855125,71.17847465097066,0.33619,1.4696328436911488,0.6211941,Baja,,0.96875,0.0,0.0625,0.34375,0.5540816326530612,0.4346938775510204,43.4,S&P 400 MidCap
368,COR,"Cencora, Inc.",United States,USD,Healthcare,Medical Distribution,317.25,54050.034814496954,378.6396718750043,23.06464398013913,13.015052166414915,29.62829828117053,1824.2706449613072,0.96871,2.1000283302044567,0.0071628094,Baja,,0.5084745762711864,0.6610169491525424,0.35593220338983056,0.5084745762711864,0.5724489795918367,0.19591836734693877,43.4,S&P 500
369,ITX.MC,INDUSTRIA DE DISE...O TEXTIL S.,Spain,EUR,Consumer Cyclical,Apparel Retail,53.34,166154.59126140003,83.60730294000001,25.92519783439112,16.573846652768058,25.609928131633893,6487.8976,0.36824,-0.4299177279849869,0.1373626,Baja,,0.19999999999999996,0.25,0.3666666666666667,0.2722222222222222,0.8020408163265307,0.2795918367346939,43.3,IBEX 35
370,VEEV,Veeva Systems Inc.,United States,USD,Healthcare,Health Information Services,282.5,40835.99944279359,423.03682068897916,45.07342690510742,35.94022365774901,36.36709299091871,1122.8832464830448,0.14425,-6.59442139257445,-0.05015582,Sube,,0.10169491525423724,0.05084745762711862,0.288135593220339,0.14689265536723162,0.5938775510204082,0.6551020408163265,43.3,S&P 500
371,ZBRA,Zebra Technologies Corporation,United States,USD,Technology,Communication Equipment,386.05,16417.58277859875,231.34183860084815,34.11664375064935,17.90022876148649,31.88360723270444,514.9223755886223,0.15286,2.3690877297297295,0.2911409,Igual,,0.41237113402061853,0.6082474226804124,0.48453608247422686,0.5017182130584192,0.18571428571428572,0.5897959183673469,43.3,S&P 500
372,KPN.AS,KPN KON,Netherlands,EUR,Communication Services,Telecom Services,3.957,14926.285598556,41.402550012,18.026914974101448,9.0684240112183,18.787018501876137,794.499968,0.26111,2.8517284691839326,-0.029690623,Igual,,0.38888888888888884,0.631578947368421,0.5789473684210527,0.5331384015594541,0.3142857142857143,0.41938775510204085,43.3,AEX
373,FNTN.DE,freenet AG                    N,Germany,EUR,Communication Services,Telecom Services,22.94,2706.4749181200004,6.97518228,11.305241930325817,8.561154880336385,4.514271491807605,599.537472,0.17708999,1.8669304971555776,-0.16814816,Baja,,0.6666666666666667,0.6842105263157895,1.0,0.7836257309941521,0.30000000000000004,0.09489795918367347,43.2,MDAX
374,CVNA,Carvana Co.,United States,USD,Consumer Cyclical,Auto & Truck Dealerships,62.76,40338.44568316564,482.2354865328349,28.81502181466837,19.02268992290665,106.46704766695404,378.88197866959507,0.58773,1.0219122729861472,-0.11285168,Sube,,0.09999999999999998,0.1166666666666667,0.050000000000000044,0.0888888888888889,0.6938775510204083,0.6275510204081632,43.2,S&P 500
375,RS,"Reliance, Inc.",United States,USD,Basic Materials,Steel,396.22,18059.753155265927,112.80934090483036,22.63170693667487,14.194060555025537,58.55826140985548,308.4065803945885,0.12229,1.1360144365422102,0.43733215,Sube,,0.2068965517241379,0.13793103448275867,0.2068965517241379,0.1839080459770115,0.28979591836734697,0.903061224489796,43.1,S&P 400 MidCap
376,HQY,"HealthEquity, Inc.",United States,USD,Healthcare,Health Information Services,91.9,6786.650565089079,68.99319637839329,32.14261546762286,16.192436171743203,19.12284916037867,354.8974584368206,0.11434,1.3921402567778047,-0.01864624,Sube,,0.2033898305084746,0.30508474576271183,0.6779661016949152,0.39548022598870053,0.2306122448979592,0.6785714285714286,43.1,S&P 400 MidCap
377,HWM,Howmet Aerospace Inc.,United States,USD,Industrials,Aerospace & Defense,222.75,79310.10682069106,541.3894135292367,47.50428429264706,33.261995663845894,74.65743528359397,1062.3202701703244,0.34732,1.4677881846373972,0.22650003,Sube,,0.04929577464788737,0.027972027972028024,0.04195804195804198,0.039741948192652456,0.5653061224489796,0.8193877551020408,43.1,S&P 500
378,RACE.MI,FERRARI,Italy,EUR,Consumer Cyclical,Auto Manufacturers,345.15,60539.2982649,141.52047389999998,37.00183816365026,25.205803775930747,60.41956119530558,1001.98176,0.45439997,0.7019079914498076,-0.02471751,Sube,,0.033333333333333326,0.0,0.06666666666666665,0.033333333333333326,0.7183673469387755,0.6755102040816326,43.1,FTSE MIB
379,CLH,"Clean Harbors, Inc.",United States,USD,Industrials,Waste Management,315.54,14870.911577701672,123.03722059924996,37.93721871779896,16.20149078040029,43.40362295890127,342.6191309371312,0.15562001,2.2832024205827834,0.3505733,Sube,,0.12676056338028174,0.4545454545454546,0.21678321678321677,0.26602974490298437,0.20408163265306123,0.8714285714285714,42.9,S&P 400 MidCap
380,REC.MI,RECORDATI ORD,Italy,EUR,Healthcare,Drug Manufacturers - General,53.0,11024.0,17.477068,22.173190186564387,12.765864190436991,20.378210115258447,540.969984,0.24851999,1.8954092790960426,0.009505749,Baja,,0.5593220338983051,0.6779661016949152,0.5932203389830508,0.6101694915254238,0.4102040816326531,0.19795918367346937,42.7,FTSE MIB
381,CDE,"Coeur Mining, Inc.",United States,USD,Basic Materials,Gold,16.5,15142.714904569599,506.35028470321095,19.944482989518654,10.200920905043443,21.287810942434962,711.3326469084816,0.12848,-0.2081191021283869,-0.14364088,Igual,,0.3448275862068966,0.48275862068965514,0.5172413793103448,0.44827586206896547,0.46530612244897956,0.36122448979591837,42.7,S&P 400 MidCap
382,SLB,SLB Limited,United States,USD,Energy,Oil & Gas Equipment & Services,47.96,63549.061179818455,539.5548214456654,22.953728096678034,10.817487342603386,24.08680159094942,2638.335394587919,0.12909001,1.176486564906523,0.5092062,Sube,,0.0625,0.15625,0.25,0.15625,0.29489795918367345,0.9204081632653061,42.7,S&P 500
383,WMS,"Advanced Drainage Systems, Inc.",United States,USD,Industrials,Building Products & Equipment,126.08,8487.943169819617,78.9671741283735,20.76662295077842,11.727141628061602,29.05049668727177,292.1789345356886,0.26354,1.693796974148228,-0.055958748,Baja,,0.6338028169014085,0.7132867132867133,0.4825174825174825,0.6098690042352014,0.45714285714285713,0.1510204081632653,42.6,S&P 400 MidCap
384,OLED,Universal Display Corporation,United States,USD,Technology,Electronic Components,77.22,3169.04603588702,50.767448984913756,18.143040402956796,12.03681397968455,31.73864585202867,99.84818037485556,0.115159996,-1.7458472147799546,-0.4395666,Baja,,0.7216494845360825,0.7938144329896908,0.4948453608247423,0.6701030927835051,0.5081632653061224,0.0163265306122449,42.5,S&P 400 MidCap
385,SSD,"Simpson Manufacturing Company, ",United States,USD,Basic Materials,Lumber & Wood Production,171.22,6265.131795799563,42.22198094710172,18.519664654013024,12.106739299668982,15.720451480772391,398.5338336791673,0.18722,-0.006946374760205047,0.011033416,Baja,,0.48275862068965514,0.31034482758620685,0.6551724137931034,0.4827586206896551,0.573469387755102,0.2,42.5,S&P 400 MidCap
386,AD.AS,KONINKLIJKE AHOLD DELHAIZE N.V.,Netherlands,EUR,Consumer Defensive,Grocery Stores,31.9,27873.0077681,81.6470292,12.454426351176688,8.152005437488235,9.571774645638735,2912.0,0.15675999,2.9788416580208863,-0.10794008,Baja,,0.7894736842105263,0.868421052631579,0.9473684210526316,0.8684210526315791,0.12755102040816327,0.12959183673469388,42.5,AEX
387,BESI.AS,BE Semiconductor Industries N.V,Netherlands,EUR,Technology,Semiconductor Equipment & Materials,175.75,13905.559336,82.164531,66.64027362387739,49.35705542645482,80.7486257084456,172.208,0.44873002,-0.5421444787875246,0.32083905,Baja,,0.14432989690721654,0.15463917525773196,0.18556701030927836,0.16151202749140894,0.8459183673469388,0.35306122448979593,42.4,AEX
388,LYV,"Live Nation Entertainment, Inc.",United States,USD,Communication Services,Entertainment,170.84,35532.36760733282,297.6310364905097,,27.089137892799016,23.479694419284886,1513.3232559512594,0.17677,1.425571953127663,0.12471354,Sube,,,0.052631578947368474,0.368421052631579,0.21052631578947373,0.35918367346938773,0.7714285714285714,42.3,S&P 500
389,CPG.L,COMPASS GROUP PLC ORD 11 1/20P,United Kingdom,USD,Consumer Cyclical,Restaurants,30.5,46300.408356761785,54.74720523297292,25.69860271679881,15.870808955895944,26.26975435263408,1762.4987175458389,0.26883,2.2593176108117206,-0.11404592,Sube,,0.23333333333333328,0.30000000000000004,0.35,0.29444444444444445,0.39183673469387753,0.6244897959183673,42.3,FTSE 100
390,FLS,Flowserve Corporation,United States,USD,Industrials,Specialty Industrial Machinery,70.52,8046.762156046932,105.92558593926135,24.27619725618065,14.786369438412265,21.041765656465934,382.41858061822103,0.16936001,2.214181672097487,0.42269635,Baja,,0.5140845070422535,0.5384615384615384,0.6573426573426573,0.5699629009488164,0.24081632653061225,0.3979591836734694,42.0,S&P 400 MidCap
391,LH,Labcorp Holdings Inc.,United States,USD,Healthcare,Diagnostics & Research,311.97,22588.523080082974,206.23293719436242,25.24270796391634,13.786518743711875,28.3624992475758,796.4221658644436,0.11728,2.880075816740731,0.122146964,Sube,,0.3728813559322034,0.5423728813559322,0.38983050847457623,0.43502824858757067,0.05306122448979592,0.7683673469387755,42.0,S&P 500
392,LII,"Lennox International, Inc.",United States,USD,Industrials,Building Products & Equipment,358.43,11059.633039368908,164.8755555943825,15.710314829397687,12.265273976981552,44.60176447848398,247.96402493681853,0.71757007,1.6848309121967884,-0.31573528,Baja,,0.8098591549295775,0.6923076923076923,0.19580419580419584,0.5659903476804885,0.6091836734693877,0.0326530612244898,41.9,S&P 500
393,NVT,nVent Electric plc,United Kingdom,USD,Industrials,Electrical Equipment & Parts,167.82,24251.123973095826,327.59631283805703,45.96108176477157,27.19121502570503,60.02209338775053,404.03662392163517,0.15748,1.3118330487804877,0.77836895,Sube,,0.05633802816901412,0.07692307692307687,0.1048951048951049,0.0793854033290653,0.3357142857142857,0.9561224489795919,41.9,S&P 400 MidCap
394,CMCSA,Comcast Corporation,United States,USD,Communication Services,Telecom Services,20.94,66166.01426185467,537.9806298008293,6.61761653637041,4.602784768957774,5.836578659460282,11336.438369524716,0.114879996,2.427728719730421,-0.23522204,Baja,,0.9444444444444444,0.8947368421052632,0.9473684210526316,0.9288499025341131,0.08979591836734696,0.06938775510204082,41.9,S&P 500
395,HXL,Hexcel Corporation,United States,USD,Industrials,Aerospace & Defense,83.9,5664.643819940485,69.10497564423315,41.33425161433225,18.616214968637536,25.080768542954253,225.8560701694211,0.10764,2.305655526992288,0.33410883,Sube,,0.09859154929577463,0.3146853146853147,0.5804195804195804,0.33123214813355656,0.09081632653061222,0.8653061224489795,41.9,S&P 400 MidCap
396,REN.AS,RELX,United Kingdom,EUR,Industrials,Specialty Business Services,30.76,53449.74057360001,29.406129360000005,20.04105237584552,16.409132267137686,20.307010348681047,2632.0831897872945,1.31864,2.6385177351154314,-0.21839672,Baja,,0.6690140845070423,0.42657342657342656,0.6993006993006994,0.598296070127056,0.5204081632653061,0.07448979591836735,41.8,AEX
397,RSG,"Republic Services, Inc.",United States,USD,Industrials,Waste Management,216.18,59100.78570883428,280.05540438455824,30.282308078762778,15.29106384376414,34.07611904830482,1734.3754910896864,0.18152,2.6988777319247053,-0.031350076,Sube,,0.3098591549295775,0.5034965034965035,0.35664335664335667,0.3899996716898126,0.2030612244897959,0.6683673469387755,41.7,S&P 500
398,JCI,Johnson Controls International ,Ireland,USD,Industrials,Building Products & Equipment,155.93,84327.87081278651,455.08066686118696,43.32718688857799,23.881448127598144,31.651914613509106,2664.2265355030117,0.14332,2.0425433359148393,0.473274,Sube,,0.07042253521126762,0.1398601398601399,0.42657342657342656,0.2122853672149447,0.19591836734693877,0.9122448979591837,41.7,S&P 500
399,GAW.L,GAMES WORKSHOP GROUP PLC ORD 5P,United Kingdom,GBp,Consumer Cyclical,Leisure,16540.0,6444.34195963132,19.15690590604564,26.532544650485438,18.264810803968526,30.645944479955148,210.2836792596301,0.66872,-0.4341430037632569,0.13347018,Baja,,0.18333333333333335,0.15000000000000002,0.21666666666666667,0.18333333333333335,0.8683673469387756,0.2785714285714286,41.7,FTSE 100
400,WSO,"Watsco, Inc.",United States,USD,Industrials,Industrial Distribution,282.65,8980.819054595133,124.78223141419316,22.682436378988395,14.44902689225757,20.797841492539078,431.8149581925062,0.16744,0.1013832486255467,-0.23594475,Baja,,0.5774647887323944,0.5664335664335665,0.6713286713286714,0.6050756754982106,0.5173469387755102,0.0673469387755102,41.7,S&P 400 MidCap
401,ELE.MC,"ENDESA,S.A.",Spain,EUR,Utilities,Utilities - Regulated Electric,41.87,42507.857168229995,28.913077279999996,16.181140514897983,9.22762558384578,21.52139719716609,1975.143936,0.29047,1.8631322915866482,0.48434162,Sube,,0.0,0.0,0.0,0.0,0.4714285714285714,0.9142857142857144,41.6,IBEX 35
402,GWW,"W.W. Grainger, Inc.",United States,USD,Industrials,Industrial Distribution,1263.51,53259.3086009973,295.63111484041883,31.90066737309626,19.235773608112563,47.80945479682527,1113.9911305688831,0.46091,0.6865671442786071,0.31700623,Baja,,0.2816901408450704,0.26573426573426573,0.16083916083916083,0.23608785580616565,0.7214285714285714,0.3510204081632653,41.6,S&P 500
403,NKE,"Nike, Inc.",United States,USD,Consumer Cyclical,Footwear & Accessories,34.36,36932.212166628204,942.1747013654801,13.374306195174782,9.017724640571606,23.412368174557372,1577.4658885965703,0.21563,0.5634580183560309,-0.4914781,Baja,,0.7333333333333334,0.6833333333333333,0.43333333333333335,0.6166666666666667,0.5489795918367346,0.011224489795918367,41.5,S&P 500
404,STZ,"Constellation Brands, Inc.",United States,USD,Consumer Defensive,Beverages - Brewers,118.39,18048.298636843243,219.33122092865648,10.505867607143504,8.823598308495301,17.88220848248067,1009.2880112948741,0.24014999,2.962366023076667,-0.19094914,Baja,,0.9210526315789473,0.8157894736842105,0.5789473684210527,0.7719298245614036,0.27142857142857146,0.0826530612244898,41.5,S&P 500
405,FCN,"FTI Consulting, Inc.",United States,USD,Industrials,Consulting Services,137.73,3395.2665631040923,52.13016994848991,15.043879207049327,11.142687614236536,13.125310707537816,258.6808524962539,0.15634,2.4619748050158563,-0.14293724,Baja,,0.8450704225352113,0.7482517482517482,0.8601398601398601,0.8178206769756065,0.18061224489795916,0.11224489795918367,41.5,S&P 400 MidCap
406,BZU.MI,BUZZI,Italy,EUR,Basic Materials,Building Materials,37.06,6541.52167488,17.60557536,7.615177935973552,5.057539656306096,328.95937617258807,19.8855,0.12303001,-0.6130278510653832,-0.23593688,Baja,,0.9655172413793104,0.8620689655172413,0.03448275862068961,0.6206896551724137,0.48673469387755103,0.06836734693877551,41.5,FTSE MIB
407,APG,APi Group Corporation,United States,USD,Industrials,Engineering & Construction,40.21,15514.332230333064,109.01851588055709,,18.859412420712964,26.79077263348076,579.0923779086764,0.10348,2.769444325925926,0.18251932,Sube,,,0.28671328671328666,0.5314685314685315,0.40909090909090906,0.027551020408163245,0.8020408163265307,41.3,S&P 400 MidCap
408,MTSI,MACOM Technology Solutions Hold,United States,USD,Technology,Semiconductors,335.91,22903.67469987656,407.6717426555936,106.47982962490558,92.02896709391709,245.83986285631306,93.16501576989228,0.17184,-0.9019279266225202,1.6370132,Igual,,0.030927835051546393,0.030927835051546393,0.020618556701030966,0.027491408934707917,0.6030612244897959,0.7357142857142858,41.3,S&P 400 MidCap
409,CHD,"Church & Dwight Company, Inc.",United States,USD,Consumer Defensive,Household & Personal Products,96.75,20489.29242064798,156.7024124214864,30.812940389701936,18.54368027328757,24.433507478592823,838.5735219799889,0.17041,1.604295860643637,0.10180318,Sube,,0.1578947368421053,0.13157894736842102,0.3157894736842105,0.20175438596491227,0.3275510204081633,0.7602040816326531,40.7,S&P 500
410,AR,Antero Resources Corporation,United States,USD,Energy,Oil & Gas E&P,35.57,9763.307615635962,132.11623557277417,10.09066314770075,6.711811198901583,27.952519444163613,349.2818468524312,0.14216,1.9919770834424424,0.06309521,Igual,,0.78125,0.5,0.21875,0.5,0.1989795918367347,0.4806122448979592,40.4,S&P 400 MidCap
411,TXT,Textron Inc.,United States,USD,Industrials,Aerospace & Defense,73.03,11337.766593725602,111.5365926312288,13.524081237944621,9.210781158589285,28.04883894787096,404.21518390821643,0.12126,1.6517857523809523,-0.10763234,Baja,,0.8873239436619719,0.8671328671328671,0.5034965034965035,0.7526511047637809,0.2122448979591837,0.1306122448979592,40.4,S&P 500
412,NEM.DE,Nemetschek SE                 I,Germany,EUR,Technology,Software - Application,65.15,7524.2252291,16.918542900000002,30.542701205833914,21.63925089184317,23.236804376558773,323.806368,0.26342,0.41956415955318926,-0.40582347,Baja,,0.45360824742268047,0.5154639175257731,0.5979381443298969,0.5223367697594502,0.633673469387755,0.017346938775510204,40.4,MDAX
413,AVGO,Broadcom Inc.,United States,USD,Technology,Semiconductors,376.51,1604646.6222961934,7540.491720334201,46.97032231745069,35.07009931529077,58.74264744095404,27316.55266149054,0.44245,0.6782242813169808,0.08924115,Baja,,0.2680412371134021,0.2989690721649485,0.27835051546391754,0.28178694158075607,0.7163265306122448,0.2510204081632653,40.3,S&P 500
414,LR.PA,LEGRAND,France,EUR,Industrials,Electrical Equipment & Parts,141.15,36997.33365195001,78.72373065000001,28.141273865847143,19.275365523755944,35.883596385597635,1031.037504,0.18209,2.594120599210127,0.021686792,Sube,,0.3661971830985915,0.2517482517482518,0.32167832167832167,0.31320791884172167,0.2183673469387755,0.7040816326530612,40.2,CAC 40
415,QIA.DE,Qiagen N.V.                   A,Netherlands,EUR,Healthcare,Diagnostics & Research,40.8,8424.996,25.096936799999998,23.054559732631176,14.024801306110081,25.30902557158731,332.8850404046436,0.11928,1.171637780505858,-0.06317198,Igual,,0.5254237288135593,0.4915254237288136,0.47457627118644063,0.4971751412429379,0.27653061224489794,0.3989795918367347,40.2,DAX
416,DHI,"D.R. Horton, Inc.",United States,USD,Consumer Cyclical,Residential Construction,133.28,33282.31806699976,306.13346819677184,12.210876115665725,10.269851576060113,15.44330103632063,2155.129786612596,0.12632,1.2378737101380815,-0.09670389,Baja,,0.7666666666666666,0.6166666666666667,0.6833333333333333,0.6888888888888888,0.27755102040816326,0.1336734693877551,39.9,S&P 500
417,BKR,Baker Hughes Company,United States,USD,Energy,Oil & Gas Equipment & Services,55.41,49107.63025030977,394.70075538030926,17.766172569156975,11.207495192566709,12.458452882620387,3941.7117609213897,0.16463,-0.1593305041956699,0.19294214,Baja,,0.21875,0.125,0.75,0.3645833333333333,0.5357142857142857,0.30612244897959184,39.8,S&P 500
418,EQT,EQT Corporation,United States,USD,Energy,Oil & Gas E&P,52.31,29213.076226538873,335.6869285671071,12.066883480732036,5.469851866097735,13.29622886994318,2197.0948689501397,0.11078,0.7923608466311044,-0.04461032,Baja,,0.5625,0.75,0.625,0.6458333333333334,0.3010204081632653,0.15714285714285714,39.6,S&P 500
419,HAL,Halliburton Company,United States,USD,Energy,Oil & Gas Equipment & Services,31.75,23680.516575824164,311.8154789192114,16.5567278940387,7.894389380287287,12.924292017560568,1832.2486480225639,0.14917,1.486107747979972,0.39829063,Baja,,0.34375,0.40625,0.65625,0.46875,0.30000000000000004,0.39081632653061227,39.5,S&P 500
420,HLMA.L,HALMA PLC ORD 10P,United Kingdom,GBp,Industrials,Conglomerates,3478.0,15487.596840630831,48.65398608354272,35.282434607843136,22.32763391859345,50.277596691489926,308.0417096239663,0.18306999,1.2363519588953116,-0.0033613443,Sube,,0.176056338028169,0.18181818181818177,0.14685314685314688,0.16824255556649922,0.4010204081632653,0.689795918367347,39.5,FTSE 100
421,MZTI,The Marzetti Company,United States,USD,Consumer Defensive,Packaged Foods,100.43,2447.017420171776,33.19536804426349,14.332513020833332,9.729943176075187,20.64117010257012,118.55032481259808,0.18677999,0.749310287846303,-0.38629264,Baja,,0.7105263157894737,0.6842105263157895,0.42105263157894735,0.6052631578947368,0.4806122448979592,0.02346938775510204,39.3,S&P 400 MidCap
422,EBAY,eBay Inc.,United States,USD,Consumer Cyclical,Internet Retail,107.6,42749.04638742899,427.1278174695426,21.82406690678239,16.703165312661497,30.31225842367039,1410.2890583054314,0.46611,1.23740303875969,0.18783975,Baja,,0.31666666666666665,0.23333333333333328,0.25,0.26666666666666666,0.6438775510204082,0.30306122448979594,39.1,S&P 500
423,SAF.PA,SAFRAN,France,EUR,Industrials,Aerospace & Defense,319.4,132351.63051999998,154.351647,34.09367204636528,21.356894949156576,37.14872845502462,3562.749952,0.2749,-0.25506210298891274,0.08712876,Baja,,0.23239436619718312,0.2097902097902098,0.3076923076923077,0.24995896122656688,0.723469387755102,0.24693877551020407,39.1,CAC 40
424,SN.L,SMITH & NEPHEW PLC ORD USD0.20,United Kingdom,GBp,Healthcare,Medical Devices,1019.0,10056.549070668387,34.497620552334155,17.738671976712006,10.34374576064553,10.636503026640343,945.4751289479826,0.11851,2.193198217076701,-0.2548803,Baja,,0.7457627118644068,0.7966101694915254,0.9491525423728814,0.8305084745762712,0.13265306122448978,0.05510204081632653,38.9,FTSE 100
425,NFLX,"Netflix, Inc.",United States,USD,Communication Services,Entertainment,69.7,259114.28491615783,2308.5462045535037,21.26257852557313,20.218288277826556,11.431846073128368,22666.005407930606,0.49541,0.5110874747049545,-0.44203013,Baja,,0.2222222222222222,0.1578947368421053,0.7894736842105263,0.3898635477582846,0.7581632653061224,0.015306122448979591,38.8,S&P 500
426,WAB,Westinghouse Air Brake Technolo,United States,USD,Industrials,Railroads,282.44,42592.96777850787,228.02668768502022,37.683397121990524,20.363326840130927,43.31602024380841,983.3075046776971,0.11553001,2.3674084679312934,0.4883958,Sube,,0.14084507042253525,0.23076923076923073,0.22377622377622375,0.19846350832266324,0.10510204081632653,0.9153061224489796,38.6,S&P 500
427,BEI.DE,BEIERSDORF AG                 I,Germany,EUR,Consumer Defensive,Household & Personal Products,77.2,16870.034194800002,27.1725472,17.985111081876333,8.948122989113925,30.138514895192074,559.750016,0.10887,-1.7291138430379747,-0.15759313,Baja,,0.5526315789473684,0.7894736842105263,0.21052631578947367,0.5175438596491228,0.4897959183673469,0.10306122448979592,38.5,DAX
428,CL,Colgate-Palmolive Company,United States,USD,Consumer Defensive,Household & Personal Products,87.21,62068.73912554099,370.08298892190703,34.112582147737974,15.236893727057756,20.10234407376189,3087.63688939912,2.67367,1.2851695600540136,0.1213212,Baja,,0.07894736842105265,0.1578947368421053,0.4473684210526315,0.2280701754385965,0.7071428571428571,0.2673469387755102,38.4,S&P 500
429,CMG,"Chipotle Mexican Grill, Inc.",United States,USD,Consumer Cyclical,Restaurants,30.77,34762.87229619428,453.91083337681147,27.43183639968279,19.199062041489753,34.875193887062686,996.7793271276959,0.49560001,2.084086651242287,-0.24431401,Sube,,0.15000000000000002,0.09999999999999998,0.16666666666666663,0.13888888888888887,0.5336734693877552,0.560204081632653,38.4,S&P 500
430,MONC.MI,MONCLER,Italy,EUR,Consumer Cyclical,Apparel Manufacturing,43.2,11749.956206400002,50.2505856,18.419111585908286,13.011741616991705,17.08031229172117,687.923968,0.18122,0.10260981737177728,-0.1437844,Baja,,0.4,0.4,0.6166666666666667,0.47222222222222227,0.5403061224489796,0.11020408163265306,38.4,FTSE MIB
431,PEP,"Pepsico, Inc.",United States,USD,Consumer Defensive,Beverages - Non-Alcoholic,123.73,150896.74136417988,900.4824901943426,16.172153365698108,11.201841373326454,21.580423391104876,6992.297538813684,0.51508,2.250714798822134,-0.13129705,Baja,,0.631578947368421,0.4473684210526315,0.368421052631579,0.4824561403508772,0.5173469387755103,0.11632653061224489,38.3,S&P 500
432,RPM,RPM International Inc.,United States,USD,Basic Materials,Specialty Chemicals,98.33,11196.057330840044,109.39968866064814,18.238892424096203,12.26041349008853,23.031950450300013,486.1098218754724,0.21149999,1.9890261597430152,-0.11320585,Igual,,0.5172413793103448,0.24137931034482762,0.48275862068965514,0.4137931034482758,0.3397959183673469,0.3765306122448979,38.0,S&P 400 MidCap
433,PKG,Packaging Corporation of Americ,United States,USD,Consumer Cyclical,Packaging & Containers,227.25,18077.04560766961,124.5848727215046,29.455322152676757,12.028442882185978,46.76657281322286,386.5377452366678,0.14887,1.905154660749437,0.08680642,Sube,,0.08333333333333337,0.44999999999999996,0.08333333333333337,0.20555555555555557,0.23775510204081632,0.7459183673469387,37.7,S&P 500
434,KRYS,"Krystal Biotech, Inc.",United States,USD,Healthcare,Biotechnology,324.57,8577.034497664092,110.46119061361276,39.78603104611868,44.006144604021,63.311654199970185,135.47323326244936,0.20124,-4.198732567575683,0.731352,Baja,,0.11864406779661019,0.016949152542372836,0.06779661016949157,0.06779661016949153,0.7112244897959183,0.45102040816326533,37.6,S&P 400 MidCap
435,APP,Applovin Corporation,United States,USD,Communication Services,Advertising Agencies,281.29,76456.5038227452,1484.7325506740135,19.419439218433908,15.90028333781617,26.93017307083533,2839.0647034328044,2.03686,0.08527680818094718,-0.5356144,Baja,,0.33333333333333337,0.26315789473684215,0.26315789473684215,0.2865497076023392,0.8642857142857143,0.007142857142857143,37.6,S&P 500
436,EXPN.L,EXPERIAN PLC ORD USD0.10,Ireland,GBp,Industrials,Consulting Services,2543.0,26305.735892684625,83.45072135704561,19.61671912774341,13.672563805460866,32.333950778835465,813.5639245762484,0.28258,2.0724409196850395,-0.29213798,Baja,,0.6971830985915493,0.6363636363636364,0.4125874125874126,0.5820447158475327,0.4326530612244898,0.04081632653061224,37.5,FTSE 100
437,PHIA.AS,KON.PHILIPS N.V.,Netherlands,EUR,Healthcare,Medical Devices,21.53,21044.01347216,35.54727874,18.95857069563964,11.059608225231788,13.776767941933503,1527.500032,0.10154,2.3493377483443707,-0.11348683,Baja,,0.6949152542372881,0.7457627118644068,0.9152542372881356,0.7853107344632768,0.07448979591836734,0.12551020408163266,37.4,AEX
438,KMB,Kimberly-Clark Corporation,United States,USD,Consumer Defensive,Household & Personal Products,96.48,28592.458569681807,336.03407133138745,19.00629487226283,10.803966142721585,34.029067249932304,840.2363297142296,1.04913,1.6038494428745662,-0.19054788,Baja,,0.4473684210526315,0.5263157894736843,0.1578947368421053,0.3771929824561404,0.6510204081632653,0.08469387755102041,37.2,S&P 500
439,PPG,"PPG Industries, Inc.",United States,USD,Basic Materials,Specialty Chemicals,105.08,20855.167187943858,155.60816092423087,14.907008963593762,10.830350473789792,21.1467995858113,986.20914731404,0.19297001,2.1723500630321753,0.069477916,Baja,,0.6206896551724138,0.4137931034482759,0.5517241379310345,0.5287356321839081,0.2938775510204082,0.2357142857142857,37.0,S&P 500
440,PWR,"Quanta Services, Inc.",United States,USD,Industrials,Engineering & Construction,701.07,94102.22225950098,634.7475390408729,79.43563678035447,36.61668271265856,53.9001329340132,1745.862526437641,0.15337,2.0021989803394784,0.67370677,Sube,,0.007042253521126751,0.013986013986013957,0.11888111888111885,0.04663646212941985,0.2306122448979592,0.939795918367347,37.0,S&P 500
441,SPXC,"SPX Technologies, Inc.",United States,USD,Industrials,Building Products & Equipment,170.62,7629.555240603422,83.09682195006438,29.984734853333332,17.23639222920659,36.515969342282894,208.937497156044,0.14684,0.8591414948256038,-0.05457872,Igual,,0.323943661971831,0.3706293706293706,0.3146853146853147,0.3364194490955055,0.3744897959183674,0.4030612244897959,36.8,S&P 400 MidCap
442,ERF.PA,EUROFINS SCIENT.,Luxembourg,EUR,Healthcare,Diagnostics & Research,76.52,13093.50730396,21.83299248,27.86445478603958,11.025507175293585,38.55993361516579,339.562496,0.11328,2.5071888932209716,0.21049285,Igual,,0.3220338983050848,0.7627118644067796,0.23728813559322037,0.4406779661016949,0.07346938775510206,0.560204081632653,36.6,CAC 40
443,CGNX,Cognex Corporation,United States,USD,Technology,Scientific & Technical Instruments,61.21,9193.144275221968,102.60340992002533,58.911260320044846,37.26576211760394,52.623851169830786,174.69539136452238,0.111490004,-1.2411575806077648,0.42473698,Baja,,0.1649484536082474,0.25773195876288657,0.2989690721649485,0.24054982817869416,0.4806122448979592,0.4,36.0,S&P 400 MidCap
444,ANTO.L,ANTOFAGASTA PLC ORD 5P,United Kingdom,GBp,Basic Materials,Copper,3692.0,42914.88330197788,45.55184665375927,29.050979756719023,9.590786080221829,83.64517765495332,513.0586664422792,0.17846,0.7310244133808913,0.38430953,Baja,,0.13793103448275867,0.5172413793103448,0.13793103448275867,0.26436781609195403,0.46224489795918366,0.3846938775510204,36.0,FTSE 100
445,GWRE,"Guidewire Software, Inc.",United States,USD,Technology,Software - Application,163.98,12003.836037664425,199.3833898046547,96.53121407759947,81.89018192099175,39.19508353903247,306.2587180279994,0.10508,-0.3804351327206197,-0.30444342,Sube,,0.05154639175257736,0.05154639175257736,0.41237113402061853,0.17182130584192443,0.42142857142857143,0.5357142857142857,35.6,S&P 400 MidCap
446,ACM,AECOM,United States,USD,Industrials,Engineering & Construction,58.28,6696.381301797252,100.65663928370024,20.125867104401678,10.527912386109485,19.74409273843355,339.1587241059792,0.16605,2.478092378193548,-0.54177773,Baja,,0.6549295774647887,0.8041958041958042,0.7272727272727273,0.72879936964444,0.20000000000000004,0.00510204081632653,35.3,S&P 400 MidCap
447,HLN.L,HALEON PLC ORD GBP0.01,United Kingdom,GBp,Healthcare,Drug Manufacturers - Specialty & Generic,342.4,35507.14819281172,95.48871645265099,18.555164218591184,13.18154247552809,16.71432354481744,2124.354485397126,0.100930005,2.6074439101123597,-0.017935872,Baja,,0.711864406779661,0.6440677966101696,0.7796610169491526,0.711864406779661,0.037755102040816335,0.18061224489795918,35.0,FTSE 100
448,MDT,Medtronic plc.,Ireland,USD,Healthcare,Medical Devices,85.51,97653.63615487247,817.2792366268366,20.909783910471006,12.366745476717302,20.208606304032408,4832.279608286829,0.106479995,1.8576095856164592,-0.110146105,Baja,,0.6271186440677966,0.711864406779661,0.6271186440677966,0.6553672316384181,0.1510204081632653,0.12857142857142856,34.6,S&P 500
449,SYY,Sysco Corporation,United States,USD,Consumer Defensive,Food Distribution,76.79,33724.68982964873,253.13414991587007,21.499188596669363,11.35968640092148,19.735670317868337,1708.8190715830394,0.77692,2.9523702704529065,-0.007560253,Baja,,0.23684210526315785,0.39473684210526316,0.5,0.37719298245614036,0.46122448979591835,0.18775510204081633,34.6,S&P 500
450,ATR,"AptarGroup, Inc.",United States,USD,Healthcare,Medical Instruments & Supplies,120.43,6836.236372551624,48.34589112081271,21.12191678073732,11.111385685735971,28.788283360957085,237.4659262185458,0.13459,1.5209080924808227,-0.07932013,Baja,,0.5932203389830508,0.728813559322034,0.3728813559322034,0.5649717514124294,0.25510204081632654,0.14285714285714285,34.5,S&P 400 MidCap
451,NSC,Norfolk Southern Corporation,United States,USD,Industrials,Railroads,313.2,62806.102595940596,314.73772219976615,26.717563286564392,15.261935648037456,50.89335737955776,1234.0726929752095,0.16985,2.839660947600512,0.0726372,Igual,,0.4225352112676056,0.5104895104895104,0.1398601398601399,0.35762828720575196,0.1714285714285714,0.4897959183673469,34.1,S&P 500
452,MC.PA,LVMH,France,EUR,Consumer Cyclical,Luxury Goods,388.45,191492.34242815,205.2189119,17.605254027933373,10.79232798865084,16.597925062555028,11537.125376,0.16586,1.243492539618088,-0.32997394,Baja,,0.4666666666666667,0.55,0.6333333333333333,0.5499999999999999,0.363265306122449,0.02959183673469388,33.8,CAC 40
453,HEI.DE,Heidelberg Materials AG       I,Germany,EUR,Basic Materials,Building Materials,141.65,24902.340409850003,59.36424015000001,12.243640305842723,8.009319219371319,20.152007348995603,1235.725056,0.11698,1.9086454609185295,-0.24427873,Baja,,0.7586206896551724,0.6551724137931034,0.5862068965517242,0.6666666666666666,0.16530612244897958,0.061224489795918366,33.5,DAX
454,BSX,Boston Scientific Corporation,United States,USD,Healthcare,Medical Devices,41.58,53799.19874041139,733.9126621765959,16.40146047644718,12.667477303512774,24.58169848945321,2188.5875283798623,0.15338999,2.116091729043973,-0.5663035,Baja,,0.8135593220338984,0.6949152542372881,0.4915254237288136,0.6666666666666666,0.21836734693877552,0.0020408163265306124,33.3,S&P 500
455,PRY.MI,PRYSMIAN,Italy,EUR,Industrials,Electrical Equipment & Parts,124.3,37199.7666524,142.98440309999998,27.292564127421787,18.685389813043358,78.83394123810007,471.875008,0.22361,1.8757342648201505,0.45179248,Baja,,0.38732394366197187,0.3076923076923077,0.034965034965035,0.24332709543977152,0.37755102040816324,0.40816326530612246,33.3,FTSE MIB
456,CASY,"Caseys General Stores, Inc.",United States,USD,Consumer Cyclical,Specialty Retail,633.25,20896.005421730082,273.760744893407,30.2854972613478,16.473824736754196,46.50249516309015,449.3523486953794,0.19983,1.5113281004514316,0.124148965,Igual,,0.050000000000000044,0.2666666666666667,0.09999999999999998,0.13888888888888892,0.3979591836734694,0.5204081632653061,33.1,S&P 500
457,ISRG,"Intuitive Surgical, Inc.",United States,USD,Healthcare,Medical Instruments & Supplies,414.52,130742.34740671255,1084.989129923922,46.65502941885951,33.7793274300995,55.99602795646987,2334.8503845370765,0.17423001,-1.2476559969383851,-0.08788532,Igual,,0.06779661016949157,0.06779661016949157,0.0847457627118644,0.07344632768361585,0.6173469387755102,0.386734693877551,33.1,S&P 500
458,WM,"Waste Management, Inc.",United States,USD,Industrials,Waste Management,208.94,74563.51715512657,382.3578986673893,29.27321851330038,13.675776826660739,35.56352333950884,2096.629078151297,0.29841,2.9327244508118433,-0.04436171,Baja,,0.352112676056338,0.6293706293706294,0.32867132867132864,0.4367182113660986,0.3438775510204082,0.15918367346938775,32.6,S&P 500
459,ABT,Abbott Laboratories,United States,USD,Healthcare,Medical Devices,98.73,153534.10155556168,842.7028119853226,31.840254532900627,17.04359252006597,23.854381209732924,6436.306194893775,0.10576,2.3214620433169255,-0.26367116,Sube,,0.22033898305084743,0.23728813559322037,0.5254237288135593,0.327683615819209,0.08571428571428573,0.55,32.2,S&P 500
460,PG,Procter & Gamble Company (The),United States,USD,Consumer Defensive,Household & Personal Products,147.82,306763.99897961755,1134.93978306993,21.810187035298224,14.894985393533249,25.871616739747562,11857.163858968435,0.30290002,1.0133725657040438,-0.015130401,Baja,,0.21052631578947367,0.21052631578947367,0.23684210526315785,0.21929824561403508,0.5979591836734695,0.1816326530612245,32.2,S&P 500
461,EXP,Eagle Materials Inc,United States,USD,Basic Materials,Building Materials,167.5,4587.310457065747,66.53840144767,12.763160892877895,9.50502090028288,203.26236735137917,22.56841990399371,0.2703,2.215764347041386,-0.26695442,Baja,,0.7241379310344828,0.5862068965517242,0.06896551724137934,0.4597701149425288,0.3979591836734694,0.04693877551020408,31.7,S&P 400 MidCap
462,OR.PA,L'OREAL,France,EUR,Consumer Defensive,Household & Personal Products,374.4,199330.26197759996,113.010768,31.60811648858747,20.483506740273555,31.153201548534103,6398.387712,0.19409001,1.223614574904714,-0.006779194,Igual,,0.13157894736842102,0.10526315789473684,0.1842105263157895,0.14035087719298245,0.4275510204081633,0.4387755102040816,31.6,CAC 40
463,AKZA.AS,AKZO NOBEL,Netherlands,EUR,Basic Materials,Specialty Chemicals,57.74,9896.636,27.100269,15.511968652037618,12.194415790262171,12.001377246587172,824.625024,0.14142999,2.92790268164794,-0.02164501,Baja,,0.5862068965517242,0.27586206896551724,0.896551724137931,0.5862068965517242,0.0887755102040816,0.17755102040816326,31.4,AEX
464,HD,"Home Depot, Inc. (The)",United States,USD,Consumer Cyclical,Home Improvement Retail,285.77,254545.9785469672,1070.9261485067325,20.040047656512595,14.046282556220245,26.490727288764823,9608.870899325007,1.0429599,2.4790247525665645,-0.24093837,Baja,,0.35,0.35,0.31666666666666665,0.33888888888888885,0.526530612244898,0.06428571428571428,31.3,S&P 500
465,CRH,CRH PLC,Ireland,USD,Basic Materials,Building Materials,81.46,48384.46765426807,342.6652794442552,14.209248675216616,9.180299773437241,26.84037713404718,1802.6746573874357,0.15812,2.1712363926327622,-0.2891761,Baja,,0.6551724137931034,0.6206896551724138,0.4482758620689655,0.574712643678161,0.22653061224489796,0.04285714285714286,31.1,S&P 500
466,CDNS,"Cadence Design Systems, Inc.",United States,USD,Technology,Software - Application,356.12,87694.01806161122,760.7889106453063,71.28013261340915,46.07932943523533,61.020702753061926,1437.1191104843654,0.23229,0.5192801960400844,0.027285695,Baja,,0.11340206185567014,0.17525773195876293,0.25773195876288657,0.18213058419243988,0.5836734693877551,0.20714285714285716,31.0,S&P 500
467,EFX,"Equifax, Inc.",United States,USD,Industrials,Consulting Services,142.43,14939.55494994296,203.15943443675874,24.202160453109634,11.448512981825901,17.659854340071945,845.9613914279939,0.14275,2.752689326983288,-0.38915324,Baja,,0.528169014084507,0.7342657342657343,0.7692307692307692,0.6772218391936701,0.10918367346938775,0.02142857142857143,31.0,S&P 500
468,PODD,Insulet Corporation,United States,USD,Healthcare,Medical Devices,134.36,8319.49383739089,202.47294407833218,24.829283713402614,15.826851006829134,39.334867782355424,211.50430410554966,0.26016,0.6724671028117537,-0.57946813,Baja,,0.38983050847457623,0.35593220338983056,0.22033898305084743,0.3220338983050847,0.5979591836734695,0.0010204081632653062,30.9,S&P 500
469,RMS.PA,HERMES INTL,France,EUR,Consumer Cyclical,Luxury Goods,1280.0,134069.16864,133.44768,29.687594384416332,17.579247310657596,27.27963333627465,4914.625024,0.25452,-1.4214852063492063,-0.38865048,Baja,,0.06666666666666665,0.18333333333333335,0.2833333333333333,0.17777777777777778,0.7530612244897958,0.022448979591836733,30.4,CAC 40
470,RTX,RTX Corporation,United States,USD,Industrials,Aerospace & Defense,180.26,216902.96087566952,708.7483311344997,31.3965995161805,17.20653548211524,24.589764215332053,8820.86379422978,0.12274,1.9220509234972472,0.13016403,Baja,,0.295774647887324,0.3776223776223776,0.5874125874125874,0.42026987097409635,0.17755102040816326,0.27653061224489794,30.4,S&P 500
471,KR,Kroger Company (The),United States,USD,Consumer Defensive,Grocery Stores,59.25,31241.19494031869,375.4509679458339,32.46046426252319,7.145888468358893,13.800978123986866,2263.6942584540266,0.14442,2.795225617391933,-0.13543516,Baja,,0.10526315789473684,0.9210526315789473,0.7105263157894737,0.5789473684210525,0.1153061224489796,0.11530612244897959,30.1,S&P 500
472,BATS.L,BRITISH AMERICAN TOBACCO PLC OR,United Kingdom,GBp,Consumer Defensive,Tobacco,4084.0,103579.6246052981,165.7652616608142,13.836827892645934,10.749176615297001,24.919341501299634,4156.595574561874,0.13424,2.904723855104588,0.042220473,Baja,,0.736842105263158,0.5526315789473684,0.2894736842105263,0.5263157894736842,0.08061224489795918,0.2163265306122449,30.0,FTSE 100
473,LIN,Linde plc,United Kingdom,USD,Basic Materials,Specialty Chemicals,483.98,199188.28910007956,901.7136326161589,30.798615599709336,17.81364331070711,53.62138436556613,3714.7173922647107,0.18400998,1.6723340050601392,0.069386244,Igual,,0.06896551724137934,0.03448275862068961,0.24137931034482762,0.1149425287356322,0.34489795918367344,0.48469387755102045,29.5,S&P 500
474,SAIA,"Saia, Inc.",United States,USD,Industrials,Trucking,334.72,7950.616793862549,128.9366406938313,32.037463178828915,14.768040754681513,65.61869706918733,121.16389305138964,0.10767,0.3008327512612371,0.059708476,Baja,,0.27464788732394363,0.5454545454545454,0.0699300699300699,0.296677500902853,0.35612244897959183,0.22857142857142856,29.4,S&P 400 MidCap
475,CCEP.L,COCA-COLA EUROPACIFIC PARTNERS ,United Kingdom,GBp,Consumer Defensive,Beverages - Non-Alcoholic,7700.0,39914.57447972141,18.47994549960097,19.997281803467637,14.191326324405699,25.214512233728758,1583.000064,0.23544,2.8872839125499374,0.16944027,Baja,,0.368421052631579,0.23684210526315785,0.26315789473684215,0.2894736842105263,0.27448979591836736,0.2969387755102041,28.7,FTSE 100
476,BN.PA,DANONE,France,EUR,Consumer Defensive,Packaged Foods,58.78,37859.93313732,72.67130106,19.465261893623012,10.407433376024,18.22379424989583,2077.500032,0.121929996,2.014630760155981,-0.22503293,Baja,,0.39473684210526316,0.6578947368421053,0.5526315789473684,0.5350877192982456,0.15918367346938775,0.07346938775510205,28.4,CAC 40
477,XPO,"XPO, Inc.",United States,USD,Industrials,Trucking,180.36,18853.894381041304,161.33005594805715,52.2715713549505,18.004863081615667,44.57564984525511,422.9639824992529,0.21587,2.713251346595283,0.33282483,Baja,,0.04225352112676062,0.32867132867132864,0.2027972027972028,0.19124068419843068,0.25204081632653064,0.36122448979591837,26.0,S&P 400 MidCap
478,ROL,"Rollins, Inc.",United States,USD,Consumer Cyclical,Personal Services,30.87,13260.720460720353,171.87160309647277,27.934007292389172,18.3335025376272,29.603046419826732,447.95120990787433,0.37008998,1.1632067277838574,-0.46368617,Baja,,0.1166666666666667,0.1333333333333333,0.2666666666666667,0.17222222222222225,0.6173469387755102,0.012244897959183673,25.8,S&P 500
479,SYK,Stryker Corporation,United States,USD,Healthcare,Medical Devices,275.4,94311.82877261733,647.8945223331071,28.328243143311223,15.944416551572667,25.709231033488763,3668.4033314635913,0.16508,1.6228307505422994,-0.2485143,Baja,,0.30508474576271183,0.3389830508474576,0.44067796610169496,0.3615819209039548,0.31224489795918364,0.058163265306122446,25.6,S&P 500
480,PEN,"Penumbra, Inc.",United States,USD,Healthcare,Medical Devices,316.35,11125.040374410537,96.88332312854321,77.59463145331905,58.81457319636581,77.34844040409455,143.83018346962842,0.1137,-2.183672609432059,0.21293855,Baja,,0.0,0.0,0.03389830508474578,0.011299435028248594,0.5061224489795918,0.31326530612244896,25.0,S&P 400 MidCap
481,AI.PA,AIR LIQUIDE,France,EUR,Basic Materials,Specialty Chemicals,168.62,107607.2094645,129.1949578,30.40267034250746,16.106617524115375,442.25928069267763,243.312496,0.13967,1.9932715600376643,0.0954653,Igual,,0.10344827586206895,0.06896551724137934,0.0,0.0574712643678161,0.19183673469387758,0.5051020408163265,23.2,CAC 40
482,RHM.DE,RHEINMETALL AG                I,Germany,EUR,Industrials,Aerospace & Defense,926.2,43223.9599506,176.94310040000002,35.72228095090909,19.890457695507106,67.24691059496905,642.764992,0.25688,1.1787877580585138,-0.49947476,Baja,,0.16901408450704225,0.2447552447552448,0.06293706293706292,0.15890213073311665,0.5163265306122449,0.01020408163265306,22.2,DAX
483,BWXT,"BWX Technologies, Inc.",United States,USD,Industrials,Aerospace & Defense,141.54,11577.985813845495,136.5139120408188,36.51165963389367,30.178615802993537,89.05230080076768,130.01332598635886,0.28289,2.962681329382235,-0.25511247,Igual,,0.15492957746478875,0.04195804195804198,0.020979020979020935,0.07262221346728388,0.3306122448979592,0.3040816326530612,21.9,S&P 400 MidCap
484,WEIR.L,WEIR PLC ORD 12.5P,United Kingdom,GBp,Industrials,Specialty Industrial Machinery,2560.0,7836.051266343604,34.497459328951464,25.155444856926568,15.512971504791107,53.575723750100764,146.26123023356948,0.1393,2.7761594480643925,-0.069230795,Baja,,0.47887323943661975,0.4755244755244755,0.12587412587412583,0.3600906136117404,0.09795918367346941,0.1469387755102041,21.8,FTSE 100
485,WMT,Walmart Inc.,United States,USD,Consumer Defensive,Discount Stores,108.16,766124.1157573608,2292.948497578592,38.870899776934664,20.91250820644277,120.39269285655998,6363.543314627472,0.22313999,1.4422208483077619,0.053355575,Baja,,0.052631578947368474,0.07894736842105265,0.0,0.04385964912280704,0.4357142857142857,0.22244897959183674,21.5,S&P 500
486,NOW,"ServiceNow, Inc.",United States,USD,Technology,Software - Application,137.87,127258.41139422142,2205.2981107211262,85.35242750898205,50.51003015693543,27.68074855770612,4597.3616330832065,0.14244,1.3079048241994855,-0.24848849,Baja,,0.09278350515463918,0.14432989690721654,0.5257731958762887,0.25429553264604815,0.29489795918367345,0.05918367346938776,20.8,S&P 500
487,OLLI,Ollie's Bargain Outlet Holdings,United States,USD,Consumer Defensive,Discount Stores,86.13,4567.858161491769,132.7549667237178,18.70139984790555,15.157900117048658,42.76324980729357,106.81737665112368,0.14862001,1.4425983222042442,-0.3062144,Baja,,0.4736842105263158,0.1842105263157895,0.13157894736842102,0.2631578947368421,0.3010204081632653,0.03469387755102041,20.6,S&P 400 MidCap
488,ECL,Ecolab Inc.,United States,USD,Basic Materials,Specialty Chemicals,278.1,69602.13324594301,316.67104902791755,36.83584600940276,20.974172435494236,52.860092966083236,1316.7236253368303,0.21956,2.123824224185114,0.030380845,Baja,,0.0,0.0,0.27586206896551724,0.09195402298850575,0.3295918367346939,0.21020408163265306,19.9,S&P 500
489,VMC,Vulcan Materials Company (Holdi,United States,USD,Basic Materials,Building Materials,244.13,28242.884460048426,235.12550000380372,28.3180168703728,15.54585182352807,37.498882826066854,753.1660233999228,0.13234,2.0287569555526117,-0.1784417,Baja,,0.1724137931034483,0.10344827586206895,0.3448275862068966,0.20689655172413793,0.17653061224489797,0.08979591836734693,16.3,S&P 500
490,BROS,Dutch Bros Inc.,United States,USD,Consumer Cyclical,Restaurants,38.18,4702.001973915725,133.77005740068225,57.0148926908587,19.264470511148343,3062.632648187832,1.5352810846243388,0.14562,2.913051370268247,-0.21313459,Igual,,0.0,0.08333333333333337,0.0,0.02777777777777779,0.10867346938775509,0.326530612244898,14.2,S&P 400 MidCap
491,PSA,Public Storage,United States,USD,Real Estate,REIT - Industrial,281.99,47042.05581875357,246.9432129836121,28.5518248612239,18.21904707048123,22.572860069400672,2084.0095439444494,0.21929,2.8866928540082895,-0.027754188,Baja,,0.0,0.0,0.0,0.0,0.24285714285714283,0.17142857142857143,12.4,S&P 500
