ranking,ticker,empresa,pais,divisa,sector,industria,precio,cap_meur,vol_meur,per,ev_ebitda,p_fcf,fcf_meur,roe,deuda_neta_ebitda,rent_12m,revision,ebitda_meur,deuda_neta_meur,objetivo_analistas,n_analistas,error,s_per,s_ev_ebitda,s_p_fcf,score_valoracion,score_calidad,score_momentum,puntuacion,med_per,med_ev_ebitda,med_p_fcf,precio_justo_multiplos,potencial_multiplos,potencial_analistas,verificar,region,ranking_europa,indice
1,MU,"Micron Technology, Inc.",United States,USD,Technology,Semiconductors,1035.84,1040716.8085163374,30104.907564088833,13.768205400898351,10.396769686172007,40.04451804057834,25988.99573374181,0.8826,-0.3514695537929141,4.7039647,Sube,96826.72531577684,-34031.64594196515,1555.1304,46.0,,0.8969072164948454,0.8556701030927836,0.38144329896907214,0.711340206185567,0.867983367983368,0.998960498960499,84.5,65.45886963719407,30.016676755342434,65.32247238810488,2926.67,1.8254073988260737,0.5013229842446711,Rent. 12m >300%; Potencial múltiplos >150%,EE. UU.,,S&P 500
2,WEX,WEX Inc.,United States,USD,Technology,Software - Infrastructure,174.41,5287.936590400926,100.26170677574045,16.949454731993157,5.647017148685925,4.464939470733917,1184.3243620795897,0.3019,-0.80842787141616,0.16079867,Sube,819.1436181292586,-662.2185315883684,195.36365,11.0,,0.7835051546391752,0.9896907216494846,1.0,0.9243986254295532,0.7806652806652807,0.7879417879417879,84.0,32.28893004115226,24.336301639705464,27.644413939269086,679.35,2.89513215985322,0.12014018691588801,Potencial múltiplos >150%,EE. UU.,,S&P 400 MidCap
3,APA,APA Corporation,United States,USD,Energy,Oil & Gas E&P,45.47,14171.756748462078,225.8944828543145,9.49939401768707,3.3859236181293704,7.420744621355883,1909.7486130539662,0.26659,0.6008741146853147,1.0724704,Sube,5088.5116156596,3057.554912125402,46.4,25.0,,0.8064516129032258,0.967741935483871,0.935483870967742,0.903225806451613,0.6195426195426195,0.9688149688149688,83.8,13.85207524579136,5.180773519293897,15.07592363569993,74.77,0.6443809104904332,0.02045304596437214,,EE. UU.,,S&P 500
4,NDX1.DE,Nordex SE                     I,Germany,EUR,Industrials,Specialty Industrial Machinery,34.4,8148.400377599999,17.637808800000002,20.331202209051735,8.382510270268707,18.084985047284274,450.561632,0.32355,-1.8424840377461136,0.47833335,Sube,796.910016,-1468.293984,49.38667,15.0,,0.6496350364963503,0.8840579710144928,0.7536231884057971,0.7624387319722133,0.8378378378378379,0.9064449064449065,82.8,26.118976045156405,15.738107918566687,27.328220697674972,51.98,0.511046511627907,0.4356590116279071,,Europa,1.0,MDAX
5,ANF,Abercrombie & Fitch Company,United States,USD,Consumer Cyclical,Apparel Retail,141.41,5338.173612599049,190.54232220558677,11.195672147611422,7.255586693890554,13.767312947045411,387.74259240941194,0.40609002,0.7085736119712476,0.9276172,Sube,815.3601567318273,577.7426913129134,163.54546,11.0,,0.8166666666666667,0.85,0.7166666666666667,0.7944444444444444,0.6975051975051975,0.9615384615384616,81.5,17.769415218662502,12.403559079043978,25.36986506328337,252.6,0.7862951700728378,0.1565339084930344,,EE. UU.,,S&P 400 MidCap
6,EXPE,"Expedia Group, Inc.",United States,USD,Consumer Cyclical,Travel Services,270.13,27514.89319475644,436.5101585466207,15.19131314894401,10.205022382523483,9.005864054963723,3055.2196909513837,0.89489,-0.49723192236874925,0.2843151,Sube,2570.9436919452373,-1278.3552742477398,336.14285,35.0,,0.5833333333333333,0.6333333333333333,0.9166666666666666,0.7111111111111111,0.8866943866943867,0.8316008316008316,80.0,15.690321852636561,10.148480894607566,15.557892856591833,279.0,0.03283604190574918,0.2443743753007812,,EE. UU.,,S&P 500
7,SNDK,Sandisk Corporation,United States,USD,Technology,Computer Hardware,1609.46,206931.0263453709,18369.30607239206,20.34560784199763,18.07484619483476,30.127586952828445,6868.489888332851,0.9164,-0.3614963854431139,12.766658,Sube,11224.082295299375,-4057.465179666774,2173.0,24.0,,0.6907216494845361,0.5979381443298969,0.48453608247422686,0.5910652920962199,0.8742203742203742,1.0,79.9,18.136951407561558,23.71526083111555,47.51009204147918,2101.86,0.3059411231096145,0.3501422837473438,Rent. 12m >300%,EE. UU.,,S&P 500
8,ULS,UL Solutions Inc.,United States,USD,Industrials,Specialty Business Services,70.65,4911.316806454823,57.56566177232767,10.910701921837946,7.715416327947297,13.129168067657552,374.0767717456052,0.38712,0.05825242718446606,-0.0209257,Sube,641.4015515542957,37.36319717792016,96.48333,12.0,,0.948905109489051,0.9202898550724637,0.8623188405797102,0.9105046017137418,0.7692307692307693,0.6725571725571726,79.7,19.956581930290795,10.957769656932872,16.664074858408142,100.57,0.4234961075725405,0.3656522292993629,,EE. UU.,,S&P 400 MidCap
9,THC,Tenet Healthcare Corporation,United States,USD,Healthcare,Medical Care Facilities,260.57,18664.550144615754,223.55805164646748,9.3622652517559,6.618256454113615,9.33363072144963,1999.709513011129,0.37337002,2.286952837023137,0.3744594,Sube,4309.2223022577045,9854.988169511631,285.31818,22.0,,0.9830508474576272,0.9830508474576272,0.9830508474576272,0.9830508474576272,0.46777546777546775,0.8742203742203742,79.6,14.085574929093568,8.908194428512985,18.226500581380936,398.33,0.528687109030203,0.09497708869017929,,EE. UU.,,S&P 400 MidCap
10,JAZZ,Jazz Pharmaceuticals plc,Ireland,USD,Healthcare,Biotechnology,222.45,12846.043342412464,170.03293264620157,15.349685840317107,8.639942196369125,10.10236422334227,1271.5878242372926,0.22114,1.14656101465466,0.64254594,Sube,1714.3186808325859,1965.570966136848,294.36365,22.0,,0.847457627118644,0.8983050847457628,0.9661016949152542,0.903954802259887,0.47193347193347196,0.9345114345114345,78.4,29.548698730581847,18.202249481561733,48.53868530236264,506.32,1.276106990334907,0.3232800629354913,,EE. UU.,,S&P 400 MidCap
11,ADBE,Adobe Inc.,United States,USD,Technology,Software - Application,241.05,83459.29443223555,1086.0468778232269,12.879827470790204,9.57564414643603,10.039101266735107,8313.422906568407,0.61902,0.11545830119458067,-0.28579897,Sube,8822.162248981213,1018.5918661303319,275.06375,32.0,,0.9381443298969072,0.8865979381443299,0.9587628865979382,0.9278350515463917,0.8056133056133057,0.5384615384615384,77.4,28.731085174809465,21.34611630920217,20.268784752061787,537.71,1.2306990250985272,0.1411066168844639,,EE. UU.,,S&P 500
12,BBY.L,BALFOUR BEATTY PLC ORD 50P,United Kingdom,GBp,Industrials,Engineering & Construction,866.0,4782.878776891012,13.522814935041701,15.664574060540538,16.11177080253968,11.5917848048,412.6093485543734,0.23518999,-5.354497354497354,0.33511448,Sube,222.80904821936164,-1193.0304592486452,1006.49994,10.0,,0.8175182481751825,0.4565217391304348,0.8985507246376812,0.7241969039810995,0.7557172557172557,0.8555093555093556,77.3,23.85289799493428,14.902927300550797,23.62644495949712,1318.68,0.5227251732101617,0.1622401154734412,,Europa,2.0,FTSE 100
13,NEM,Newmont Corporation,United States,USD,Basic Materials,Gold,115.55,108312.47646578858,745.6781241700212,14.162398417456032,6.937691551299949,13.810783492242527,7842.601871691592,0.25905,-0.19996484614817103,0.35717642,Sube,15174.795539963628,-3034.425655478779,137.33333,21.0,,0.7407407407407407,0.7407407407407407,0.7777777777777778,0.7530864197530863,0.6902286902286903,0.8638253638253639,76.7,21.04622607212937,10.305500847000912,25.278062990340636,171.71,0.48602336650800537,0.18851864993509304,,EE. UU.,,S&P 500
14,DECK,Deckers Outdoor Corporation,United States,USD,Consumer Cyclical,Footwear & Accessories,82.56,10001.92693628763,207.62198327874276,11.07876523779118,7.621009451315,12.90212477608051,775.2154865863946,0.42558,-0.851750545937826,-0.13158727,Sube,1180.4803794195298,-1005.4748076394764,120.40909,22.0,,0.85,0.8166666666666667,0.75,0.8055555555555555,0.8513513513513513,0.6070686070686071,76.0,17.49212070271248,11.379744329289522,19.3503161320983,123.82,0.49975775193798433,0.4584434350775195,,EE. UU.,,S&P 500
15,MLI,"Mueller Industries, Inc.",United States,USD,Industrials,Metal Fabrication,60.49,11902.190718658316,81.20694626181367,15.730906301564476,11.004203231557932,25.487234131237738,466.98636099045046,0.26325,-1.2771319311820741,0.22973251,Sube,969.1284018343571,-1237.7048273981095,80.0,2.0,,0.8102189781021898,0.7681159420289855,0.5507246376811594,0.7096865192707783,0.7546777546777548,0.8128898128898129,75.4,20.391615185586094,11.399545894650824,25.545063022289252,62.44,0.032236733344354285,0.32253265002479736,<3 analistas,EE. UU.,,S&P 400 MidCap
16,CHRD,Chord Energy Corporation,United States,USD,Energy,Oil & Gas E&P,142.34,6926.153838247643,92.2014572722192,9.260658739187942,3.255701902118525,8.09973787830607,855.108392680003,0.10312,0.3344024542361758,0.5712551,Sube,2370.9153963207755,792.8399273160027,174.4375,16.0,,0.8709677419354839,1.0,0.9032258064516129,0.924731182795699,0.343035343035343,0.9282744282744283,75.1,13.85207524579136,5.180773519293897,15.07592363569993,236.14,0.6589855276099479,0.225498805676549,,EE. UU.,,S&P 400 MidCap
17,FPE3.DE,FUCHS SE                      N,Germany,EUR,Basic Materials,Specialty Chemicals,43.96,2879.38,4.00484392,8.468764705882354,5.037574692442882,13.162940654830537,218.748992,0.17584999,-0.022847100175746926,0.12987018,Sube,569.0,-13.0,47.55556,9.0,,0.9259259259259259,0.8888888888888888,0.8518518518518519,0.888888888888889,0.5395010395010396,0.7692307692307692,74.8,28.990644695681596,11.925169937024632,19.08107240311562,103.79,1.3610100090991812,0.08179162875341217,,Europa,3.0,MDAX
18,ACS.MC,"ACS,ACTIVIDADES DE CONSTRUCCION",Spain,EUR,Industrials,Engineering & Construction,92.0,23996.604352,43.962108,23.751630415916324,10.53548728603338,8.06844591964636,2974.129664,0.2408,0.2010636866975218,0.3054775,Sube,2322.00704,466.871296,133.48666,15.0,,0.5474452554744526,0.8043478260869565,0.9710144927536232,0.774269191438344,0.6216216216216216,0.83991683991684,74.8,23.85289799493428,14.902927300550797,23.62644495949712,130.88,0.42260869565217396,0.4509419565217392,,Europa,4.0,IBEX 35
19,GMED,"Globus Medical, Inc.",United States,USD,Healthcare,Medical Devices,73.33,7295.277353267019,98.58099525705427,15.315936167466042,7.638756311711085,14.797370810444875,493.0117280103283,0.118140005,-0.47830586856249,0.29627013,Sube,898.7583427654783,-429.88138976422624,100.92308,13.0,,0.864406779661017,0.9661016949152542,0.864406779661017,0.8983050847457626,0.4604989604989605,0.8347193347193347,74.8,23.482717897143893,15.3969618186501,24.853646091789635,123.16,0.6795308877676258,0.3762863766534843,,EE. UU.,,S&P 400 MidCap
20,NTAP,"NetApp, Inc.",United States,USD,Technology,Software - Infrastructure,231.05,40372.36778986485,522.3224665340588,32.00466227450635,21.16496891584343,38.74302596101387,1042.0550999421303,1.14818,-0.49737462537853183,1.0278218,Sube,1863.7119161663645,-926.9630161167512,211.6875,16.0,,0.45360824742268047,0.5360824742268041,0.41237113402061853,0.4673539518900343,0.9033264033264033,0.9677754677754677,74.8,32.28893004115226,24.336301639705464,27.644413939269086,233.1,0.008872538411599074,-0.08380220731443411,,EE. UU.,,S&P 500
21,WDC,Western Digital Corporation,United States,USD,Technology,Computer Hardware,393.31,130971.42566167144,2690.487595697022,15.854521970549909,29.355675467396342,64.89259713012991,2018.2799187252876,1.30853,-0.07756897439600734,2.4076416,Sube,4449.778750034935,-345.1647739293574,670.7917,24.0,,0.8350515463917526,0.3402061855670103,0.23711340206185572,0.4707903780068729,0.867983367983368,0.9948024948024948,74.7,18.136951407561558,23.71526083111555,47.51009204147918,317.94,-0.1916300119498614,0.7055038010729451,,EE. UU.,,S&P 500
22,CF,"CF Industries Holdings, Inc.",United States,USD,Basic Materials,Agricultural Inputs,113.58,15291.31972791508,249.40487022191124,8.189130195948389,4.730695854418935,13.46307848179187,1135.7966715113348,0.29867,0.29253807248190977,0.30043507,Igual,3445.4204828295256,1007.9166669366402,127.686,20.0,,0.962962962962963,0.962962962962963,0.8148148148148149,0.9135802469135803,0.682952182952183,0.5867983367983368,74.6,21.04622607212937,7.015291077611383,25.278062990340636,213.26,0.8776192991723895,0.12419440042260965,,EE. UU.,,S&P 500
23,CCC.L,COMPUTACENTER PLC ORD 7 5/9P,United Kingdom,GBp,Technology,Information Technology Services,5485.0,6786.164896210517,22.809054690710127,28.17636875232501,15.351985083538084,19.99194983679514,339.4448741423208,0.22564,-0.3630903630903631,1.0275297,Sube,431.82515535847705,-156.79155245066187,6206.3643,11.0,,0.5463917525773196,0.711340206185567,0.6804123711340206,0.6460481099656358,0.655925155925156,0.9656964656964657,74.5,16.452954773314822,10.744082343340928,13.048015562043062,3579.86,-0.3473363719234275,0.1315158249772106,,Europa,5.0,FTSE 100
24,FSLR,"First Solar, Inc.",United States,USD,Technology,Solar,178.85,17098.975029445697,361.0694277479029,11.008486823248477,7.413561917333508,12.022990137768245,1422.189890660567,0.18509,-0.6425055314304132,-0.20831305,Sube,2122.496508152904,-1363.715746929978,274.47134,30.0,,0.9690721649484536,0.9690721649484536,0.8865979381443299,0.9415807560137456,0.6164241164241164,0.5727650727650728,73.3,32.14679615782931,21.16262382001365,29.669190760035757,484.09,1.706681576740285,0.5346454570869443,Potencial múltiplos >150%,EE. UU.,,S&P 500
25,JBL,Jabil Inc.,United States,USD,Technology,Electronic Components,299.16,27887.272586691757,312.1294977183691,30.08455426606526,13.360789168188521,24.57711074776359,1134.68474276332,0.66369003,0.9062375820417978,0.5421413,Sube,2239.1229739423893,2029.1773897997907,425.0,9.0,,0.4948453608247423,0.7525773195876289,0.5670103092783505,0.6048109965635738,0.7120582120582121,0.9241164241164241,73.3,36.91840841595243,20.243071055498,29.963057272894208,367.12,0.22716940767482274,0.42064447118598736,,EE. UU.,,S&P 500
26,BBY,"Best Buy Co., Inc.",United States,USD,Consumer Cyclical,Specialty Retail,88.4,16493.119150704842,286.15588776491796,14.575415489937107,7.742906630363655,13.21095845391503,1248.4422843534985,0.43126,0.6611918062003633,0.1244185,Sube,2328.972510221564,1539.8975406243899,86.95,20.0,,0.6333333333333333,0.7833333333333333,0.7333333333333334,0.7166666666666667,0.7182952182952183,0.7640332640332641,73.1,17.239038161923453,13.66595773722156,26.357986124233555,162.34,0.8364253393665158,-0.01640271493212675,,EE. UU.,,S&P 500
27,ENS,EnerSys,United States,USD,Industrials,Electrical Equipment & Parts,179.31,5752.914054092039,83.36656847776723,18.343139427952188,11.356041659142747,10.521032232699737,546.8012954291482,0.18363,0.9297325790357384,0.6399305,Sube,551.768992257133,512.9976082031745,249.48,4.0,,0.7226277372262774,0.7391304347826086,0.927536231884058,0.7964314679643146,0.44282744282744285,0.9324324324324325,73.1,27.888745562291806,19.979217038644048,50.65746354823736,327.61,0.8270592828063132,0.3913334448720094,,EE. UU.,,S&P 400 MidCap
28,GHC,Graham Holdings Company,United States,USD,Industrials,Conglomerates,1184.62,3447.026750464106,31.648858983993843,7.172616864878013,6.192272010643987,14.475236960276312,238.13266476560028,0.118710004,0.32019804336737756,0.24240422,Sube,587.0203218953646,187.9627584877839,990.0,1.0,,0.9854014598540146,0.9637681159420289,0.8260869565217391,0.9250855107725943,0.38149688149688143,0.8191268191268191,73.0,17.891091788278757,11.771693264739035,25.545063022289252,2310.2,0.9501612331380527,-0.16428897030271306,<3 analistas,EE. UU.,,S&P 400 MidCap
29,NTNX,"Nutanix, Inc.",United States,USD,Technology,Software - Infrastructure,73.11,17597.519466681075,172.137797833459,13.127754290418958,50.94620319611502,27.182202819093842,647.39122078509,374.6021,-2.2593143693247844,0.06979811,Sube,330.7461382184115,-747.2595026755383,77.78786,14.0,,0.9278350515463918,0.15463917525773196,0.5360824742268041,0.5395189003436426,0.9802494802494802,0.7307692307692308,72.9,32.28893004115226,24.336301639705464,27.644413939269086,74.35,0.016960744084256518,0.063983859937081,,EE. UU.,,S&P 400 MidCap
30,IDR.MC,"INDRA SISTEMAS S.A., SERIE A",Spain,EUR,Technology,Information Technology Services,58.32,10207.01226024,52.440585840000004,23.176422714663506,13.170644599791318,41.870950579949096,243.77312,0.24458,-1.8386518597000354,0.43268287,Sube,680.046016,-1250.367872,67.12375,16.0,,0.6185567010309279,0.7731958762886598,0.3608247422680413,0.584192439862543,0.7515592515592515,0.895010395010395,72.8,16.452954773314822,10.744082343340928,13.048015562043062,41.4,-0.2901234567901235,0.1509559327846366,,Europa,6.0,IBEX 35
31,QLYS,"Qualys, Inc.",United States,USD,Technology,Software - Infrastructure,193.86,5966.179250146337,125.61743053310914,32.47049971851035,24.872927002851064,27.442977672013214,217.4027658897504,0.38592,-1.4643892837787953,0.5050074,Sube,226.52950608999853,-331.7273811778972,179.36278,18.0,,0.4329896907216495,0.44329896907216493,0.5257731958762887,0.4673539518900343,0.8617463617463617,0.9116424116424117,71.9,32.28893004115226,24.336301639705464,27.644413939269086,192.78,-0.005571030640668551,-0.07478190446714139,,EE. UU.,,S&P 400 MidCap
32,RL,Ralph Lauren Corporation,United States,USD,Consumer Cyclical,Apparel Manufacturing,367.39,12321.810235549952,203.27068538698467,14.091929237472517,9.360567851223951,15.738158973315617,782.9257701896291,0.37537,0.6667712176751192,0.18735051,Sube,1417.3106129491039,945.0219232199436,446.70587,17.0,,0.6833333333333333,0.6666666666666667,0.6666666666666667,0.6722222222222222,0.6923076923076923,0.7972972972972974,71.6,14.103205817833292,8.68481750461714,13.563959500318656,338.83,-0.07773755409782523,0.21589011676964542,,EE. UU.,,S&P 500
33,GEV,GE Vernova Inc.,United States,USD,Industrials,Specialty Industrial Machinery,999.35,236776.33104376812,2069.2708898902083,27.93162618952399,65.48522026516319,16.929038465887405,13986.401621148218,0.82577,-2.2918257838867198,0.5720277,Sube,3493.4589930699285,-8006.3993952686005,1230.341,33.0,,0.3722627737226277,0.007246376811594235,0.7681159420289855,0.38254169752106915,0.9397089397089398,0.9293139293139293,71.4,26.118976045156405,15.738107918566687,27.328220697674972,934.5,-0.06489217991694607,0.23114124180717455,,EE. UU.,,S&P 500
34,BMY,Bristol-Myers Squibb Company,United States,USD,Healthcare,Drug Manufacturers - General,59.58,108268.70573866117,599.0090788361136,13.111930713510787,8.22456112927754,14.998682792538094,7218.547604228639,0.46598998,1.7953514078079758,0.35532308,Igual,16840.1266141795,30233.945024431723,65.91667,24.0,,0.9322033898305084,0.9152542372881356,0.8305084745762712,0.8926553672316384,0.5706860706860707,0.6127858627858628,71.2,25.194452991508065,12.765864190436991,20.378210115258447,101.66,0.7062772742531052,0.10635565626049015,,EE. UU.,,S&P 500
35,G,Genpact Limited,Bermuda,USD,Technology,Information Technology Services,34.67,5157.6871715532925,66.82141926305499,9.950605571763536,7.612802574186412,12.093059640922316,426.4997713316433,0.22447,1.0169658759575029,-0.119380236,Sube,781.9610168544979,795.2276704700541,42.18182,11.0,,0.9896907216494846,0.9587628865979382,0.865979381443299,0.9381443298969073,0.49688149688149685,0.6185031185031185,71.0,16.452954773314822,10.744082343340928,13.048015562043062,51.13,0.47476204211133544,0.21666628208826078,,EE. UU.,,S&P 400 MidCap
36,GDDY,GoDaddy Inc.,United States,USD,Technology,Software - Infrastructure,103.19,11625.982763673923,196.8846533226401,14.356559503844991,11.390627949789565,10.84590763286898,1071.9234532701435,4.42861,1.9136330482432815,-0.21036118,Sube,1226.758364276107,2347.5653480876285,106.75,16.0,,0.8762886597938144,0.8350515463917526,0.9278350515463918,0.879725085910653,0.6237006237006237,0.5706860706860707,71.0,32.28893004115226,24.336301639705464,27.644413939269086,244.15,1.3660238395193334,0.034499467002616635,,EE. UU.,,S&P 500
37,DINO,HF Sinclair Corporation,United States,USD,Energy,Oil & Gas Refining & Marketing,120.72,19092.652695051427,294.7193962713875,11.301772263278872,7.030276134561651,10.543232016215796,1810.8918276375189,0.19504999,0.33593259295091343,1.209209,Sube,2852.0574984500286,958.0990706994138,106.46667,15.0,,0.6129032258064516,0.4516129032258065,0.8387096774193549,0.6344086021505376,0.5415800415800416,0.971933471933472,70.8,15.580532978567973,9.99209322304873,14.625130589180621,167.46,0.3871769383697814,-0.11806933399602393,,EE. UU.,,S&P 400 MidCap
38,GOOG,Alphabet Inc.,United States,USD,Communication Services,Internet Content & Information,344.86,1695614.1412405584,5465.694224521018,7.807836585748843,10.304440833861662,84.09623380841013,20162.783331100694,0.48676,-0.7027037421946936,0.45210326,Sube,154046.68572528768,-108249.18253184955,420.36,14.0,,0.7647058823529411,0.5,0.05555555555555558,0.4400871459694989,0.8638253638253639,0.8991683991683992,70.5,17.55070924974179,14.698035706051927,33.71452846927896,482.51,0.39914748013686707,0.2189294206344603,,EE. UU.,,S&P 500
39,ARW,"Arrow Electronics, Inc.",United States,USD,Technology,Electronics & Computer Distribution,226.75,10268.478254617909,112.13940356999805,14.222037123185906,9.158859757182157,15.75040039585794,651.9502994551381,0.12036,1.3096606348980873,0.99779737,Sube,1308.2198699056373,1713.32406540691,235.0,4.0,,0.8865979381443299,0.9072164948453608,0.7422680412371134,0.845360824742268,0.25467775467775466,0.9636174636174637,70.4,32.14679615782931,21.16262382001365,29.669190760035757,512.53,1.2603307607497243,0.036383682469680156,,EE. UU.,,S&P 400 MidCap
40,HRB,"H&R Block, Inc.",United States,USD,Consumer Cyclical,Personal Services,44.59,4858.9643408544325,83.99613918643912,7.455265022221251,6.412431742486931,8.74198645747364,555.8192482328132,7.13542,1.1102011037841801,-0.122416854,Igual,916.4000346169837,1017.3883299396363,51.66667,3.0,,0.9333333333333333,0.9333333333333333,0.9333333333333333,0.9333333333333332,0.738045738045738,0.36434511434511435,70.4,17.49212070271248,11.379744329289522,19.3503161320983,98.7,1.2135007849293564,0.15870531509307018,,EE. UU.,,S&P 400 MidCap
41,CTSH,Cognizant Technology Solutions ,United States,USD,Technology,Information Technology Services,60.01,24046.915434979554,407.68862189685234,12.176196838779278,6.95593582311447,12.200928274276821,1970.9086796024849,0.14924,0.25842418235877107,-0.08799392,Sube,3590.4253288115633,927.85272991835,65.904,25.0,,0.9587628865979382,0.979381443298969,0.8556701030927836,0.9312714776632302,0.45945945945945943,0.6372141372141372,70.2,16.452954773314822,10.744082343340928,13.048015562043062,81.09,0.35127478753541097,0.09821696383936018,,EE. UU.,,S&P 500
42,PEGA,Pegasystems Inc.,United States,USD,Technology,Software - Application,35.49,5190.576748615797,80.5743343934995,18.00642983511091,26.441651215698588,11.49922878119846,451.38477087285423,0.54693,-1.3824017007988214,-0.3393522,Sube,186.54998839289175,-257.88702123833394,41.42857,7.0,,0.731958762886598,0.41237113402061853,0.9072164948453608,0.683848797250859,0.8991683991683992,0.527027027027027,70.1,28.731085174809465,21.34611630920217,20.268784752061787,56.63,0.5956607495069033,0.1673307974077205,,EE. UU.,,S&P 400 MidCap
43,WMG,Warner Music Group Corp.,United States,USD,Communication Services,Entertainment,28.91,3799.3554995360737,53.2104101782122,6.422343718736842,5.126709711100478,11.172946374694943,340.0495600821147,0.70074,2.5723684593301432,-0.12274146,Sube,1487.4110876543446,3826.169367939979,37.8125,16.0,,1.0,0.8333333333333334,0.8888888888888888,0.9074074074074074,0.4927234927234927,0.6133056133056133,69.5,17.933051336125608,9.578287355136972,15.122681404678609,79.29,1.742649602213767,0.30793842960913187,Potencial múltiplos >150%,EE. UU.,,S&P 400 MidCap
44,LEA,Lear Corporation,United States,USD,Consumer Cyclical,Auto Parts,118.53,5201.0142279101965,67.64145120009314,10.515223519640289,4.91613568658508,6.806227262673152,764.1552400745861,0.12094,1.4762296634502237,0.22473657,Sube,1511.9640457998348,2232.0061744799286,148.35715,14.0,,0.8666666666666667,0.9833333333333333,0.9666666666666667,0.938888888888889,0.23596673596673598,0.8118503118503119,69.0,18.29624726583372,7.011412795443594,12.139202089238719,206.24,0.7399814392980681,0.25164220028684703,,EE. UU.,,S&P 400 MidCap
45,ADP,"Automatic Data Processing, Inc.",United States,USD,Technology,Software - Application,270.73,95433.77353429068,539.8784888445148,24.306601092890837,16.933145339100328,20.46083518513334,4664.216913473405,0.72239,0.2003680758672323,-0.07656789,Sube,5703.403089216227,1142.779902881484,286.4,15.0,,0.5876288659793815,0.6597938144329897,0.6494845360824743,0.6323024054982818,0.8066528066528067,0.6434511434511434,68.8,28.731085174809465,21.34611630920217,20.268784752061787,320.01,0.18202637313928993,0.0578805451926272,,EE. UU.,,S&P 500
46,SNA,Snap-On Incorporated,United States,USD,Industrials,Tools & Accessories,358.88,16514.382152944458,100.44578212663704,17.95862516764632,12.878579945606106,16.73208607505065,986.9888356341405,0.17932,-0.23610026735767678,0.096385956,Sube,1259.2287333563872,-297.3042406099117,414.8889,9.0,,0.7372262773722628,0.6739130434782609,0.782608695652174,0.7312493388342326,0.5727650727650728,0.7453222453222453,68.8,25.353134480378266,13.91187134467063,18.053240089525907,387.22,0.07896790013374955,0.1560658158716004,,EE. UU.,,S&P 500
47,LNTH,"Lantheus Holdings, Inc.",United States,USD,Healthcare,Drug Manufacturers - Specialty & Generic,100.12,5816.047332964095,117.83779786464859,23.747566063022933,16.749273123829905,14.475227795047557,401.7931472521595,0.22215,0.08071905831028729,0.8700037,Sube,348.9233265286702,28.164762339887144,107.7375,8.0,,0.44067796610169496,0.288135593220339,0.8813559322033898,0.536723163841808,0.6091476091476091,0.9573804573804574,68.5,17.431767062000567,13.493519478241708,14.7235786452589,80.56,-0.19536556132640837,0.07608369956052718,,EE. UU.,,S&P 400 MidCap
48,INCY,Incyte Corporation,United States,USD,Healthcare,Biotechnology,112.75,20331.06886276432,163.38708062720946,14.174157877923415,9.450947574123175,19.357039523391276,1050.31912747794,0.30667,-2.315524324154229,0.34546542,Baja,1727.8814787073738,-4000.951593202502,129.125,24.0,,0.9152542372881356,0.864406779661017,0.6779661016949152,0.8192090395480226,0.8274428274428275,0.3596673596673597,68.4,29.548698730581847,18.202249481561733,48.53868530236264,235.05,1.0847006651884703,0.1452328159645233,,EE. UU.,,S&P 500
49,GOOGL,Alphabet Inc.,United States,USD,Communication Services,Internet Content & Information,348.29,1817872.2782064378,8359.957586650973,8.37080166812855,11.09808424391141,90.15978837616163,20162.783331100694,0.48676,-0.7027037421946936,0.47224927,Sube,154046.68572528768,-108249.18253184955,429.47406,54.0,,0.7058823529411764,0.4444444444444444,0.0,0.38344226579520696,0.8638253638253639,0.9043659043659044,68.4,17.55070924974179,14.698035706051927,33.71452846927896,454.54,0.3050618737259181,0.23309328433202214,,EE. UU.,,S&P 500
50,NXPI,NXP Semiconductors N.V.,Netherlands,USD,Technology,Semiconductors,231.07,51834.831415288776,744.6013181439615,19.585739305106785,13.027145268987926,16.390316353642685,3162.527818065493,0.27921,1.5299920047991409,0.12513995,Sube,4508.492687206613,6897.957765121511,306.72415,29.0,,0.711340206185567,0.7835051546391752,0.731958762886598,0.7422680412371134,0.5062370062370063,0.7650727650727651,67.8,65.45886963719407,30.016676755342434,65.32247238810488,772.28,2.3421906781494783,0.3274079283334055,Potencial múltiplos >150%,EE. UU.,,S&P 500
51,NXT,Nextpower Inc.,United States,USD,Technology,Solar,85.26,11508.27294614649,187.27166221153502,21.77653482899199,15.703873324832715,39.92102581398973,288.2759826806251,0.27224,-1.5695887100640404,0.02611804,Sube,666.2400926286156,-1045.7229275818956,137.10715,28.0,,0.6391752577319587,0.6907216494845361,0.3917525773195877,0.5738831615120276,0.7837837837837838,0.7068607068607069,67.7,32.14679615782931,21.16262382001365,29.669190760035757,112.2,0.3159746657283602,0.6081063804832276,,EE. UU.,,S&P 400 MidCap
52,EOG,"EOG Resources, Inc.",United States,USD,Energy,Oil & Gas E&P,148.51,69297.90249039502,400.5345259038324,11.328944884751325,5.6047485686572855,17.392760102721944,3984.295884098924,0.22507,0.23063126369940024,0.3742019,Sube,12894.750627505715,2973.932632310277,164.0,28.0,,0.5806451612903225,0.7096774193548387,0.4516129032258065,0.5806451612903226,0.5956340956340956,0.8721413721413722,67.3,13.85207524579136,5.180773519293897,15.07592363569993,136.79,-0.07891724462999128,0.1043027405561916,,EE. UU.,,S&P 500
53,CCH.L,COCA-COLA HBC AG ORD CHF6.70 (C,Switzerland,GBp,Consumer Defensive,Beverages - Non-Alcoholic,4254.0,18277.794807014394,33.9141988936832,18.38442446893421,10.964280839030545,11.472559102491584,1593.17504,0.25959998,0.7958277199073786,0.2695756,Sube,1797.500032,1430.500352,5129.5713,15.0,,0.5263157894736843,0.5,0.868421052631579,0.6315789473684211,0.5696465696465696,0.8295218295218295,67.2,23.296840306101117,12.924920986283178,23.41756250634549,5390.69,0.26720498354489886,0.20582306064880096,,Europa,7.0,FTSE 100
54,EXPD,Expeditors International of Was,United States,USD,Industrials,Integrated Freight & Logistics,193.71,22400.556329690204,187.2487302290111,27.405867926892427,19.558475605091957,31.571809853510622,709.5113151138967,0.4267,-0.3673006632589085,0.7122779,Sube,1124.1999321888482,-412.91938072858386,180.86667,15.0,,0.3868613138686131,0.26086956521739135,0.4130434782608695,0.353591452448958,0.8212058212058212,0.9469854469854471,67.2,26.03251082366654,13.650965546182057,15.608887214124325,136.28,-0.29647411078416186,-0.06630184296112751,,EE. UU.,,S&P 500
55,EDV.L,ENDEAVOUR MINING PLC ORD USD0.0,United Kingdom,GBp,Basic Materials,Gold,4073.0,11573.076445292472,35.28004753664325,15.489110662057135,4.480699731755013,7.374993549065937,1569.2320770583228,0.31336,-0.06006984287765095,0.3290155,Baja,2548.703750559442,-153.10023383778537,4701.4067,8.0,,0.5925925925925926,1.0,1.0,0.8641975308641975,0.7338877338877339,0.3492723492723493,67.1,21.04622607212937,10.305500847000912,25.278062990340636,9297.76,1.2827792781733365,0.15428595629756914,,Europa,8.0,FTSE 100
56,TGT,Target Corporation,United States,USD,Consumer Defensive,Discount Stores,154.76,62545.069439153056,548.4681664364316,16.007960579089254,9.786100189361935,20.479744880298185,3053.9965123941715,0.26408002,1.604212699792006,0.80942357,Sube,7644.332621156668,12263.135472293843,164.67647,34.0,,0.6578947368421053,0.7105263157894737,0.4473684210526315,0.6052631578947368,0.4760914760914761,0.9542619542619543,67.1,18.82733520041669,13.143661159936215,43.051217819463886,218.27,0.4103773584905661,0.06407644094081166,,EE. UU.,,S&P 500
57,M,Macy's Inc,United States,USD,Consumer Cyclical,Department Stores,22.79,5295.090742234134,117.4266834448205,7.936287683120001,6.962296927385713,9.838373160892562,538.2079593486114,0.15993,2.71071424,0.3803755,Sube,1245.439905930671,3376.031688070531,23.36364,11.0,,0.9166666666666666,0.9,0.8833333333333333,0.9,0.15696465696465695,0.8752598752598753,67.0,17.49212070271248,11.379744329289522,19.3503161320983,46.47,1.0390522158841597,0.025170688898639826,,EE. UU.,,S&P 400 MidCap
58,MMM,3M Company,United States,USD,Industrials,Conglomerates,163.58,75048.31652818143,457.179360837487,28.148773698492334,14.213759617271887,13.285072692095971,5649.070823137599,0.81891996,1.211004843403206,0.09969747,Sube,5771.724364055854,6989.586159659927,187.26111,18.0,,0.35766423357664234,0.5942028985507246,0.8478260869565217,0.5998977396946296,0.6808731808731809,0.7484407484407485,66.9,17.891091788278757,11.771693264739035,25.545063022289252,132.86,-0.18779801931776496,0.14476775889473026,,EE. UU.,,S&P 500
59,PTC,PTC Inc.,United States,USD,Technology,Software - Application,193.73,18721.91661939423,378.32179489799825,17.196503108557305,17.478179124986557,20.404118989760686,917.5557459152916,0.35053003,0.9845403272955046,-0.016099572,Sube,1135.099225164014,1117.550962655852,201.0,15.0,,0.7628865979381443,0.6288659793814433,0.6597938144329897,0.683848797250859,0.6309771309771309,0.6767151767151767,66.6,28.731085174809465,21.34611630920217,20.268784752061787,239.16,0.23450162597429425,0.03752645434367419,,EE. UU.,,S&P 500
60,CPAY,"Corpay, Inc.",United States,USD,Technology,Software - Infrastructure,402.08,23485.804355136006,178.09509384660242,23.29099448779921,12.13563945905904,13.565275341117783,1731.3179249630157,0.29215,2.7011218873095664,0.3836342,Sube,2489.3487320921863,6724.034345400522,461.0,15.0,,0.6082474226804124,0.7938144329896908,0.7938144329896908,0.731958762886598,0.3607068607068607,0.8783783783783784,66.5,32.28893004115226,24.336301639705464,27.644413939269086,819.39,1.0378780342220453,0.14653800238758463,,EE. UU.,,S&P 500
61,AYI,Acuity Inc.,United States,USD,Industrials,Electrical Equipment & Parts,300.43,8000.6493639857235,82.20353310321246,16.927416497666105,10.747343260682475,14.470402786050432,552.8974889142966,0.18645,0.07252221996523568,-0.16702712,Sube,749.487914923224,54.3545274273479,375.16666,6.0,,0.7664233576642336,0.782608695652174,0.8333333333333334,0.7941217955499137,0.5623700623700624,0.5893970893970895,66.3,27.888745562291806,19.979217038644048,50.65746354823736,560.25,0.8648270811836367,0.2487656359218453,,EE. UU.,,S&P 400 MidCap
62,DHL.DE,DHL AG                        N,Germany,EUR,Industrials,Integrated Freight & Logistics,54.94,60983.4,84.4120136,16.406618523008767,10.082695932371369,11.240402256475669,5425.375232,0.18090001,2.8201737690278237,0.44800627,Sube,8397.000192,23680.99968,56.1216,18.0,,0.781021897810219,0.8188405797101449,0.9130434782608696,0.8376353185937445,0.19022869022869024,0.8981288981288982,66.2,26.03251082366654,13.650965546182057,15.608887214124325,81.93,0.4912631962140519,0.021507098653076095,,Europa,9.0,DAX
63,VNT,Vontier Corporation,United States,USD,Technology,Scientific & Technical Instruments,32.2,3872.819931482015,40.680621901431714,12.509885057471264,8.606807246414744,12.523380367312601,309.2471695254502,0.289,2.381381536113555,-0.16102135,Sube,622.0972045451724,1481.4507965717314,40.849,10.0,,0.9484536082474226,0.9381443298969072,0.845360824742268,0.9106529209621993,0.3981288981288981,0.5925155925155925,66.1,44.98841689308054,20.039034649044467,32.44093942522212,91.33,1.8363354037267077,0.2686024844720494,Potencial múltiplos >150%,EE. UU.,,S&P 400 MidCap
64,BF-B,Brown Forman Inc,United States,USD,Consumer Defensive,Beverages - Wineries & Distilleries,26.54,6855.947287788748,54.88681034868,10.689009515450762,8.302509103406406,11.24051134493014,609.9319752816244,0.18122,1.804384431703204,-0.005992532,Sube,1055.0655203098402,1903.743799273916,28.25882,17.0,,0.9473684210526316,0.8421052631578947,0.8947368421052632,0.8947368421052632,0.3206860706860707,0.683991683991684,65.9,19.291558699572555,10.903177716891074,17.8533750975633,42.15,0.5881688018085909,0.06476337603617188,,EE. UU.,,S&P 500
65,LMT,Lockheed Martin Corporation,United States,USD,Industrials,Aerospace & Defense,507.89,104275.62642938188,513.1438386919057,18.644236416086983,13.839185417063016,21.07212243058611,4948.510847584398,0.89165,1.7300619107438016,0.0056232214,Sube,8611.327349577783,14898.129448450898,627.1905,21.0,,0.7153284671532847,0.6376811594202898,0.644927536231884,0.6659790542684861,0.6153846153846154,0.6912681912681913,65.8,31.508485958114548,18.028351817434313,27.794651520363615,683.6,0.34596073953021333,0.2348943668904686,,EE. UU.,,S&P 500
66,PATH,"UiPath, Inc.",United States,USD,Technology,Software - Infrastructure,13.25,5380.4403408115295,764.238094743528,16.711540502763565,26.23771109189126,12.75289401088647,421.8995575607021,0.20027,-6.52285579433555,-0.22287393,Sube,164.23526367834535,-1071.2829413185218,15.49882,17.0,,0.7938144329896908,0.4226804123711341,0.8247422680412371,0.6804123711340205,0.7099792099792099,0.5654885654885655,65.5,32.28893004115226,24.336301639705464,27.644413939269086,25.6,0.9320754716981132,0.1697222641509435,,EE. UU.,,S&P 400 MidCap
67,EAT,"Brinker International, Inc.",United States,USD,Consumer Cyclical,Restaurants,190.2,7086.389068777106,203.96613107743295,16.35691098973306,11.358798926967621,21.67126566994457,326.99470241856125,1.19568,1.945166627274876,0.52330613,Sube,752.77946314181,1464.281489401346,262.5909,22.0,,0.5,0.4833333333333333,0.5,0.49444444444444446,0.6029106029106029,0.9178794178794178,65.4,25.883490249745158,16.634546789820792,32.74244841016279,296.8,0.5604626708727656,0.3806041009463721,,EE. UU.,,S&P 400 MidCap
68,R,"Ryder System, Inc.",United States,USD,Industrials,Rental & Leasing Services,235.18,8022.782637918262,61.56309631084541,18.25590367659919,6.19921531135114,9.500570522253492,844.4527219840365,0.16697,2.958677686900693,0.33269107,Sube,2475.756669938008,7324.966017541149,288.33334,9.0,,0.7299270072992701,0.9565217391304348,0.9565217391304348,0.8809901618533799,0.14968814968814967,0.8513513513513513,65.3,25.22532789479769,14.563818337666827,25.545063022289252,632.35,1.6887915639084956,0.22601131048558565,Potencial múltiplos >150%,EE. UU.,,S&P 400 MidCap
69,EXEL,"Exelixis, Inc.",United States,USD,Healthcare,Biotechnology,59.02,13009.576548226461,122.89728799053222,16.992429751073715,13.672774648069979,19.769874577556298,658.0505352823811,0.44393003,-0.6600432767324806,0.5470511,Baja,907.6775143926044,-599.1064408160879,54.46667,15.0,,0.7966101694915254,0.576271186440678,0.6440677966101696,0.672316384180791,0.8482328482328483,0.42723492723492723,65.2,29.548698730581847,18.202249481561733,48.53868530236264,102.63,0.7389020670958995,-0.07714893256523214,,EE. UU.,,S&P 400 MidCap
70,TTC,Toro Company (The),United States,USD,Industrials,Tools & Accessories,96.81,8152.615485095281,62.72475685318402,25.22532789479769,14.945162743735155,15.071413221799451,540.932384051633,0.26447,1.3401128266033253,0.3316369,Sube,599.2345147392144,803.0418593454406,111.0,5.0,,0.4744525547445255,0.5434782608695652,0.8115942028985508,0.6098416728375472,0.5083160083160083,0.8503118503118503,65.2,25.353134480378266,13.91187134467063,18.053240089525907,97.3,0.005061460592913791,0.14657576696622243,,EE. UU.,,S&P 400 MidCap
71,TPR,"Tapestry, Inc.",United States,USD,Consumer Cyclical,Luxury Goods,115.82,20445.480709499698,312.17264448938215,15.044041233127784,12.743702000811234,16.417151948695263,1245.3731788189111,1.97135,1.385767260516653,0.070227265,Sube,1800.1054925034216,2494.5272569874473,166.5,20.0,,0.6166666666666667,0.41666666666666663,0.6333333333333333,0.5555555555555555,0.6954261954261954,0.7328482328482329,65.1,29.28170930494189,15.10093561507915,16.346238036810252,139.86,0.20756346054222097,0.4375755482645485,,EE. UU.,,S&P 500
72,SHEL.L,SHELL PLC ORD EUR0.07,United Kingdom,GBp,Energy,Oil & Gas Integrated,3780.5,253757.57483423923,447.69154542273174,10.983369978361113,5.675741440257312,13.293136062193097,19089.368652138386,0.14341,0.7239301746671455,0.35311568,Sube,51245.405211136596,37098.09514538677,4006.4397,16.0,,0.7096774193548387,0.6451612903225806,0.7096774193548387,0.6881720430107526,0.38357588357588357,0.8607068607068606,64.9,11.02829541847976,5.695995906867232,14.226853693634204,3795.96,0.004089406163205966,0.059764502049993284,,Europa,10.0,FTSE 100
73,TTE.PA,TOTALENERGIES,France,EUR,Energy,Oil & Gas Integrated,77.58,171255.89257902,275.24367702,10.792671357072523,5.642090380500132,14.226853693634204,12037.509927837968,0.14479999,0.7868852797717729,0.47477508,Sube,35272.63813290376,27755.51972549848,88.15009,22.0,,0.7419354838709677,0.6774193548387097,0.5483870967741935,0.6559139784946236,0.37629937629937626,0.9054054054054055,64.7,11.02829541847976,5.695995906867232,14.226853693634204,78.44,0.01108533127094602,0.1362476153647849,,Europa,11.0,CAC 40
74,GSK.L,GSK PLC ORD 31 1/4P,United Kingdom,GBp,Healthcare,Drug Manufacturers - General,1735.5,81981.95980168722,135.61197969204096,14.424810881295647,7.832225674876584,19.96827552465493,4105.610406890854,0.33383,1.403863976677259,0.1018461,Igual,12753.165370992043,17903.7094529436,2172.905,21.0,,0.8983050847457628,0.9322033898305084,0.6271186440677966,0.8192090395480226,0.5634095634095634,0.4994802494802495,64.7,25.194452991508065,12.765864190436991,20.378210115258447,3031.23,0.7466032843560935,0.25203399596658027,,Europa,12.0,FTSE 100
75,AENA.MC,"AENA, S.M.E., S.A.",Spain,EUR,Industrials,Airports & Air Services,24.6,36900.0,29.714635200000004,16.437418285094573,11.387771740358733,24.794684423900225,1488.222208,0.27127,1.6633628174460293,0.11276877,Sube,3794.575104,6311.755136,26.96136,22.0,,0.7737226277372262,0.7318840579710144,0.572463768115942,0.6926901512747276,0.47401247401247404,0.7567567567567568,64.6,25.22532789479769,14.563818337666827,25.545063022289252,32.63,0.32642276422764227,0.09599024390243893,,Europa,13.0,IBEX 35
76,FTNT,"Fortinet, Inc.",United States,USD,Technology,Software - Infrastructure,189.1,123427.76666291071,774.6528695172095,65.42427014133227,52.09840837044528,61.24029836714456,2015.4664486273919,1.17442,-1.3514908365454141,1.2772157,Sube,2309.2235625164217,-3120.8944842757005,164.31944,36.0,,0.15463917525773196,0.12371134020618557,0.24742268041237114,0.1752577319587629,0.9417879417879418,0.9760914760914761,64.5,32.28893004115226,24.336301639705464,27.644413939269086,90.88,-0.5194077207826546,-0.13104473823373886,,EE. UU.,,S&P 500
77,IAG.MC,INTL CONSOLIDATED AIRLINES GROU,United Kingdom,EUR,Industrials,Airlines,4.951,21612.457206198,25.895452948,7.030728076164994,4.137872605903171,19.850707838376096,1088.749952,0.42138,0.7380839393248204,0.091064215,Baja,6357.000192,4691.999744,5.98636,11.0,,1.0,1.0,0.7173913043478262,0.9057971014492754,0.6964656964656964,0.24220374220374222,64.4,12.296264008260868,7.319740788756204,19.850707838376096,8.66,0.7491415875580691,0.2091213896182591,,Europa,14.0,IBEX 35
78,BR,"Broadridge Financial Solutions,",United States,USD,Technology,Information Technology Services,165.21,16593.008576179487,160.97682866442625,16.590068269890434,12.03367331391658,15.615081445293098,1062.627091271507,0.40916002,1.7228856154033607,-0.2904874,Sube,1609.286221514593,2772.616082114319,213.375,8.0,,0.8041237113402062,0.8144329896907216,0.7525773195876289,0.7903780068728522,0.5550935550935552,0.5374220374220374,64.4,16.452954773314822,10.744082343340928,13.048015562043062,144.55,-0.12505296289570844,0.2915380424913745,,EE. UU.,,S&P 500
79,JKHY,"Jack Henry & Associates, Inc.",United States,USD,Technology,Information Technology Services,149.05,9296.491391791775,133.6788330471033,20.784988644943276,14.975432291784388,29.669190760035757,313.3382189956492,0.24040002,0.0936537843186542,-0.024310231,Sube,624.6895414501706,58.504539581093276,189.72221,18.0,,0.6597938144329897,0.731958762886598,0.5051546391752577,0.6323024054982818,0.6361746361746361,0.6683991683991684,64.4,16.452954773314822,10.744082343340928,13.048015562043062,106.67,-0.2843341160684335,0.2728762831264675,,EE. UU.,,S&P 500
80,SHELL.AS,SHELL PLC,United Kingdom,EUR,Energy,Oil & Gas Integrated,44.75,254795.523183,197.82162625,11.02829541847976,5.695995906867232,13.347509172570664,19089.368652138386,0.14341,0.7239301746671455,0.39358783,Sube,51245.405211136596,37098.09514538677,44.348576,7.0,,0.6774193548387097,0.6129032258064516,0.6774193548387097,0.6559139784946237,0.38357588357588357,0.8835758835758836,64.3,11.02829541847976,5.695995906867232,14.226853693634204,44.75,0.0,-0.00897036871508372,,Europa,15.0,AEX
81,REGN,"Regeneron Pharmaceuticals, Inc.",United States,USD,Healthcare,Biotechnology,739.57,66540.75285765344,484.8722981257797,17.279671833758055,14.781922807064479,24.401694642871576,2726.8906455680067,0.14043,-1.1245321537938073,0.30983126,Sube,4183.254724034563,-4704.204444686707,859.03845,26.0,,0.7796610169491526,0.44067796610169496,0.5084745762711864,0.576271186440678,0.5280665280665281,0.844074844074844,64.2,29.548698730581847,18.202249481561733,48.53868530236264,1264.68,0.7100206876969049,0.16153771786308257,,EE. UU.,,S&P 500
82,QCOM,QUALCOMM Incorporated,United States,USD,Technology,Semiconductors,176.01,167200.69134660508,1915.710039470702,20.297022292768066,16.244390242566613,18.35274127575841,9110.39331042363,0.33754003,0.5805483687045312,0.14597309,Igual,10674.30919521789,6196.952790331523,194.13333,30.0,,0.7010309278350515,0.6701030927835052,0.7216494845360825,0.6975945017182131,0.683991683991684,0.5275467775467775,64.2,65.45886963719407,30.016676755342434,65.32247238810488,567.64,2.2250440315891145,0.10296761547639344,Potencial múltiplos >150%,EE. UU.,,S&P 500
83,MUSA,Murphy USA Inc.,United States,USD,Consumer Cyclical,Specialty Retail,518.22,8473.495780502004,121.3890641431059,15.432701591607257,9.837608367722547,24.625293232523266,344.0972540099883,0.86394,2.1012020792722543,0.3707348,Sube,1095.2754372727447,2301.395026173319,617.8,10.0,,0.55,0.65,0.4,0.5333333333333333,0.5602910602910602,0.867983367983368,64.2,17.239038161923453,13.66595773722156,26.357986124233555,578.88,0.11705453282389722,0.192157770830921,,EE. UU.,,S&P 400 MidCap
84,IESC,"IES Holdings, Inc.",United States,USD,Industrials,Engineering & Construction,300.43,11333.214794900456,86.70557004732909,28.05064137679503,22.5387328931162,38.670306988673254,293.07279091991734,0.44522998,-0.5638274336283187,0.66185415,Sube,490.56098694743525,-276.59174230874754,440.0,1.0,,0.36496350364963503,0.1811594202898551,0.26086956521739135,0.26899749638562714,0.843035343035343,0.9376299376299376,64.2,23.85289799493428,14.902927300550797,23.62644495949712,201.13,-0.330526245714476,0.4645674533169124,<3 analistas,EE. UU.,,S&P 400 MidCap
85,NVDA,NVIDIA Corporation,United States,USD,Technology,Semiconductors,230.48,4950979.964223504,24874.01695036816,28.854212621595224,27.534662838266065,133.11210730609167,37194.06194087749,1.17211,-0.1173024727005246,0.25835335,Sube,179046.22360639146,-21002.564756720756,328.71695,59.0,,0.5360824742268041,0.38144329896907214,0.08247422680412375,0.3333333333333333,0.8669438669438669,0.8274428274428274,64.2,65.45886963719407,30.016676755342434,65.32247238810488,251.17,0.08976917736896906,0.4262276553280111,,EE. UU.,,S&P 500
86,CROX,"Crocs, Inc.",United States,USD,Consumer Cyclical,Footwear & Accessories,116.84,4983.452143639647,108.80705521158168,9.439966302340318,7.685422629155508,10.492640479682269,474.9473836723464,0.42299998,1.639358178524337,0.5233377,Baja,824.2472742941743,1351.2365102405472,138.25,12.0,,0.9,0.8,0.8666666666666667,0.8555555555555556,0.5758835758835759,0.4189189189189189,64.1,17.49212070271248,11.379744329289522,19.3503161320983,215.47,0.8441458404655939,0.18324204039712422,,EE. UU.,,S&P 400 MidCap
87,AAPL,Apple Inc.,United States,USD,Technology,Consumer Electronics,340.42,4419666.578359897,13751.829786394113,38.53370727455102,29.71020105066599,46.12016579333774,95829.37316756864,1.4875101,0.13065685929459026,0.32526374,Sube,149416.31790422084,19522.266824727547,328.09384,39.0,,0.35051546391752575,0.31958762886597936,0.3298969072164949,0.3333333333333333,0.8451143451143451,0.8482328482328483,64.1,32.14679615782931,21.16262382001365,29.669190760035757,242.05,-0.288966570706774,-0.03620868339110517,,EE. UU.,,S&P 500
88,GAP,"Gap, Inc. (The)",United States,USD,Consumer Cyclical,Apparel Retail,23.36,7299.763836766167,146.1407495194102,6.5803287723969195,7.793372250899184,33.30561190816886,219.1751905622774,0.33776,2.2036785177111717,0.18578684,Sube,1305.9327013615894,2877.855839567054,26.51053,19.0,,0.9833333333333333,0.7666666666666666,0.19999999999999996,0.65,0.4573804573804574,0.7962577962577962,63.6,17.769415218662502,12.403559079043978,25.36986506328337,42.63,0.8249143835616439,0.13486857876712333,,EE. UU.,,S&P 400 MidCap
89,EXLS,"ExlService Holdings, Inc.",United States,USD,Technology,Information Technology Services,36.87,4972.821669198225,72.85327701450271,22.359900076603502,15.287885393708752,21.3086349131503,233.37119855243864,0.25944,0.5442326817220378,-0.1061818,Sube,337.2855944412798,183.5618435689893,44.625,8.0,,0.6288659793814433,0.7216494845360825,0.6288659793814433,0.6597938144329897,0.6164241164241164,0.6247401247401247,63.6,16.452954773314822,10.744082343340928,13.048015562043062,25.51,-0.30810957417954965,0.21033360455655004,,EE. UU.,,S&P 400 MidCap
90,RR.L,ROLLS-ROYCE HOLDINGS PLC ORD SH,United Kingdom,GBp,Industrials,Aerospace & Defense,1367.0,132546.99714683674,296.29523260793303,37.00931834549613,21.64475489583565,24.42896502457998,5425.81304666286,1.14485,-0.41416511251845534,0.23355293,Sube,6008.770923356123,-2488.623285569411,1732.0499,20.0,,0.13868613138686137,0.2028985507246377,0.5797101449275363,0.30709827567967846,0.8918918918918919,0.816008316008316,63.5,31.508485958114548,18.028351817434313,27.794651520363615,1163.82,-0.14863204096561822,0.2670445501097294,,Europa,16.0,FTSE 100
91,FOXA,Fox Corporation,United States,USD,Communication Services,Entertainment,63.57,11390.951926864118,273.3347436784639,7.5991565040985245,4.164754976854363,23.055734911361938,494.0615413326349,0.14291,0.8663060728715039,0.11000526,Sube,3453.426825290398,2991.7246309664297,76.42222,18.0,,0.8235294117647058,0.9444444444444444,0.5,0.75599128540305,0.35550935550935553,0.7536382536382537,63.5,17.933051336125608,9.578287355136972,15.122681404678609,150.02,1.3599182004089982,0.20217429605159665,,EE. UU.,,S&P 500
92,IAG.L,INTERNATIONAL CONSOLIDATED AIRL,United Kingdom,GBp,Industrials,Airlines,420.0,21613.819968108168,52.35439766335465,7.031171394957094,4.138086977756091,19.851959514123745,1088.749952,0.42138,0.7380839393248204,0.06078434,Baja,6357.000192,4691.999744,540.6537,15.0,,0.9927007299270073,0.9927536231884058,0.7101449275362319,0.8985330935505483,0.6964656964656964,0.2234927234927235,63.5,12.296264008260868,7.319740788756204,19.850707838376096,734.51,0.7488333333333332,0.28727071428571427,,Europa,17.0,FTSE 100
93,ALGN,"Align Technology, Inc.",United States,USD,Healthcare,Medical Instruments & Supplies,141.03,8912.679618213719,112.95791084839937,24.224573635815194,9.762744063552455,16.86342157732853,528.5214259362451,0.10155,-1.0605911866648312,0.12115431,Sube,823.4688672361682,-873.363823083552,201.7143,14.0,,0.4067796610169492,0.8305084745762712,0.7796610169491526,0.672316384180791,0.45114345114345117,0.761954261954262,63.3,26.30240004743095,13.494479100300703,23.1141365201509,189.66,0.34482025101042324,0.430293554562859,,EE. UU.,,S&P 500
94,ABNB,"Airbnb, Inc.",United States,USD,Consumer Cyclical,Travel Services,163.23,60919.63386394163,685.0992420824371,25.447717501756255,21.335317131235165,21.354063375830865,2852.8356777704516,0.34542,-3.4672221709171387,0.38108134,Sube,2456.1853575474497,-8516.140327570556,183.5641,39.0,,0.25,0.050000000000000044,0.5166666666666666,0.2722222222222222,0.8648648648648649,0.8773388773388773,63.2,15.690321852636561,10.148480894607566,15.557892856591833,100.64,-0.3834466703424615,0.1245733014764443,,EE. UU.,,S&P 500
95,REP.MC,"REPSOL,  S.A.",Spain,EUR,Energy,Oil & Gas Integrated,30.09,31949.77666206,91.72075926000001,9.339309342232037,4.810133713357789,106.01335815496685,301.375008,0.13338,0.6040021197176747,0.9772178,Sube,7596.000256,4588.000256,29.99545,22.0,,0.8387096774193549,0.8387096774193549,0.032258064516129004,0.5698924731182796,0.3814968814968815,0.9625779625779626,63.1,11.02829541847976,5.695995906867232,14.226853693634204,35.53,0.1807909604519775,-0.003142239946826164,,Europa,18.0,IBEX 35
96,EME,"EMCOR Group, Inc.",United States,USD,Industrials,Engineering & Construction,778.24,30538.265982945963,278.9061730341602,23.85289799493428,17.056650954048955,35.09019218417274,870.2792456269332,0.40348998,-0.18908719859785075,0.15250504,Sube,1770.7717531510284,-334.83027015953286,1033.2858,7.0,,0.5109489051094891,0.3695652173913043,0.3115942028985508,0.39736944179978134,0.7962577962577962,0.7785862785862786,63.1,23.85289799493428,14.902927300550797,23.62644495949712,681.05,-0.12488435444078949,0.32772126850328953,,EE. UU.,,S&P 500
97,FFIV,"F5, Inc.",United States,USD,Technology,Software - Infrastructure,461.66,23256.370550972893,239.2765516973134,35.98368125198703,26.84825672380928,36.454066601874814,637.9636819387615,0.1983,-1.4658249244019304,0.39159,Sube,821.3711763610089,-1203.9863424953005,436.1,10.0,,0.3711340206185567,0.4020618556701031,0.44329896907216493,0.40549828178694164,0.6777546777546778,0.8814968814968815,63.0,32.28893004115226,24.336301639705464,27.644413939269086,414.26,-0.10267296278646632,-0.055365420439284274,,EE. UU.,,S&P 500
98,STX,Seagate Technology Holdings PLC,Singapore,USD,Technology,Computer Hardware,774.825,156738.42718912943,3193.969597987624,55.33598997253455,39.623231202304844,90.64426527189288,1729.1598836284147,3.7152898,0.4873389181742822,2.614283,Sube,4004.979011368707,1951.782138711132,1144.3478,23.0,,0.20618556701030932,0.24742268041237114,0.17525773195876293,0.2096219931271478,0.8232848232848233,0.996881496881497,63.0,18.136951407561558,23.71526083111555,47.51009204147918,406.12,-0.475855838415126,0.47691130255218916,,EE. UU.,,S&P 500
99,HOT.DE,HOCHTIEF AG                   I,Germany,EUR,Industrials,Engineering & Construction,390.2,29360.968519399998,24.8389614,33.03008335586564,18.13184825203113,13.156792159987079,2231.620608,0.92904997,0.5776448366286572,0.542791,Igual,1672.589056,966.162432,506.925,8.0,,0.24817518248175185,0.33333333333333337,0.855072463768116,0.47886032652773375,0.7869022869022869,0.6751559251559252,63.0,23.85289799493428,14.902927300550797,23.62644495949712,318.43,-0.18393131727319323,0.2991414659149154,,Europa,19.0,MDAX
100,MPC,Marathon Petroleum Corporation,United States,USD,Energy,Oil & Gas Refining & Marketing,463.34,115752.3819815246,1039.45211509528,15.225526285664332,10.173497727031789,14.067690241201797,8228.243584899687,0.42099,1.7226732764335084,1.3579655,Sube,13697.170336242147,23595.74930100212,388.8889,18.0,,0.4516129032258065,0.22580645161290325,0.5806451612903225,0.41935483870967744,0.5602910602910602,0.9781704781704782,62.9,15.580532978567973,9.99209322304873,14.625130589180621,474.14,0.023309017136444066,-0.16068351534510295,,EE. UU.,,S&P 500
101,APPF,"AppFolio, Inc.",United States,USD,Technology,Software - Application,197.45,4230.9823067774905,64.4258109424937,30.191779329071654,23.472971587535564,23.90937901945764,176.95910476530085,0.3209,-0.9548633884272053,-0.121937096,Sube,173.20332771777845,-165.38551639146561,238.53625,8.0,,0.4742268041237113,0.4742268041237113,0.5773195876288659,0.5085910652920962,0.8024948024948024,0.6153846153846154,62.9,28.731085174809465,21.34611630920217,20.268784752061787,180.26,-0.08706001519371998,0.2080843251456066,,EE. UU.,,S&P 400 MidCap
102,CNX,CNX Resources Corporation,United States,USD,Energy,Oil & Gas E&P,33.83,4452.388273752651,52.212373876058884,5.271424762827168,4.03316830861189,11.449877864456784,388.85901897468716,0.21249,1.2975580098356212,0.057187557,Igual,1627.5667172858489,2111.862230556121,37.63636,11.0,,1.0,0.8709677419354839,0.8064516129032258,0.89247311827957,0.4365904365904366,0.4714137214137214,62.9,13.85207524579136,5.180773519293897,15.07592363569993,48.02,0.4194501921371565,0.1125143363878216,,EE. UU.,,S&P 400 MidCap
103,UBER,"Uber Technologies, Inc.",United States,USD,Technology,Software - Application,70.24,127630.3889709343,1126.4295947158635,14.977495122112856,20.445467655881703,19.803226665434675,6444.928956638433,0.3716,1.2496654942409933,-0.24796575,Sube,6648.869783935377,8308.863144685609,100.85522,46.0,,0.8556701030927836,0.5567010309278351,0.7010309278350515,0.7044673539518901,0.603950103950104,0.5519750519750519,62.9,28.731085174809465,21.34611630920217,20.268784752061787,73.54,0.04698177676537596,0.435865888382688,,EE. UU.,,S&P 500
104,VLO,Valero Energy Corporation,United States,USD,Energy,Oil & Gas Refining & Marketing,443.8,113675.04293183495,1188.1588603589264,17.76480026814225,9.810688719065672,15.182570937159444,7487.206442330167,0.27637,0.25973542393935756,1.6177397,Sube,11901.957785705157,3091.3600511784657,386.6842,19.0,,0.22580645161290325,0.25806451612903225,0.5161290322580645,0.3333333333333333,0.6642411642411643,0.9833679833679834,62.8,15.580532978567973,9.99209322304873,14.625130589180621,427.51,-0.0367057232987833,-0.12869716088328087,,EE. UU.,,S&P 500
105,FIX,"Comfort Systems USA, Inc.",United States,USD,Industrials,Engineering & Construction,1706.39,53425.147309775864,611.1576912803089,41.867825006732566,29.219993435044348,32.60478267522399,1638.5678089605253,0.55292,-0.7672103050595096,1.0909848,Sube,1781.5981700996983,-1366.8604755756535,2197.0,8.0,,0.1021897810218978,0.06521739130434778,0.3840579710144928,0.18382171444691278,0.8752598752598753,0.9698544698544699,62.7,23.85289799493428,14.902927300550797,23.62644495949712,972.16,-0.43028264347540723,0.2875134054934685,,EE. UU.,,S&P 500
106,JLL,Jones Lang LaSalle Incorporated,United States,USD,Real Estate,Real Estate Services,303.14,12407.050180651851,100.23784406707881,13.959338044961648,9.911298198126323,9.297074954942955,1334.5111490206307,0.13520001,1.6377172808963358,0.07029617,Sube,1499.5985782666112,2455.9185060348054,427.0,10.0,,1.0,1.0,0.5,0.8333333333333334,0.24220374220374222,0.7338877338877339,62.6,13.959338044961648,17.587004660213495,10.304590048532885,335.99,0.10836577159068428,0.4085900903872799,,EE. UU.,,S&P 400 MidCap
107,BFSA.DE,BEFESA S.A.                   A,Luxembourg,EUR,Industrials,Waste Management,34.65,1385.9999307,2.5319447999999998,16.21355962168359,8.21004409717584,6.710649459882748,206.537376,0.11043,2.3481166920497443,0.1567657,Sube,236.440992,555.19104,42.5,10.0,,0.7956204379562044,0.9057971014492754,0.9927536231884058,0.8980570541979619,0.09563409563409564,0.7837837837837838,62.3,29.435738535677274,13.735420460029095,34.18015382752529,67.31,0.9425685425685426,0.22655122655122661,,Europa,20.0,MDAX
108,DOCU,"DocuSign, Inc.",United States,USD,Technology,Software - Application,71.43,11876.552436353904,203.28279719221388,40.463242245135476,28.88209382799789,10.169976458815382,1167.805302642491,0.17803,-1.3462582678484378,0.04429829,Sube,392.8944720074853,-528.9374313320237,69.99312,16.0,,0.3402061855670103,0.3608247422680413,0.9484536082474226,0.549828178694158,0.6273388773388773,0.7151767151767152,62.3,28.731085174809465,21.34611630920217,20.268784752061787,53.62,-0.24933501329973407,-0.020115917681646445,,EE. UU.,,S&P 400 MidCap
109,CSCO,"Cisco Systems, Inc.",United States,USD,Technology,Communication Equipment,114.89,402956.5712386326,1986.434516104683,34.14214177383619,25.11698365915374,40.506036394529055,9948.062242225653,0.27319,0.8189572162228581,0.6910509,Sube,16583.9218335309,13581.522458845946,136.16,25.0,,0.41237113402061853,0.4329896907216495,0.3711340206185567,0.40549828178694164,0.5883575883575883,0.9428274428274428,62.2,34.40836762791153,23.58890428124989,41.39963592823426,115.79,0.007833579946035396,0.18513360605796847,,EE. UU.,,S&P 500
110,ASML.AS,ASML HOLDING,Netherlands,EUR,Technology,Semiconductor Equipment & Materials,1630.6,626313.46,977.1158522,58.87290289356729,46.018530175920375,74.22820378909763,8437.675008,0.53942,-0.4149565363317139,0.89479876,Sube,13488.400384,-5597.099904,2057.3438,32.0,,0.17525773195876293,0.18556701030927836,0.20618556701030932,0.18900343642611686,0.8492723492723493,0.9604989604989604,61.9,57.04637964920593,41.89212822862234,82.65535001393664,1580.01,-0.031025389427204675,0.261709677419355,,Europa,21.0,AEX
111,AMAT,"Applied Materials, Inc.",United States,USD,Technology,Semiconductor Equipment & Materials,509.57,359748.3850844948,3196.861558910951,43.63800961102265,39.63628321651171,131.4940244211296,2735.8534858766347,0.41068,-0.18581985343942997,1.363368,Sube,9033.887146858217,-1678.6755856175441,638.94446,36.0,,0.2989690721649485,0.23711340206185572,0.1030927835051546,0.21305841924398627,0.7983367983367984,0.9792099792099792,61.8,57.04637964920593,41.89212822862234,82.65535001393664,538.44,0.05665561159408927,0.2538894754400771,,EE. UU.,,S&P 500
112,PCTY,Paylocity Holding Corporation,United States,USD,Technology,Software - Application,153.02,7536.784323411101,94.17972006807902,31.408297482645875,19.47045495565953,23.542446458828802,320.1359865718069,0.21972999,-0.32464540481243376,0.016811728,Sube,380.7398894759332,-123.60545554715561,172.2,20.0,,0.4639175257731959,0.5773195876288659,0.5876288659793815,0.5429553264604811,0.6372141372141372,0.6985446985446986,61.8,28.731085174809465,21.34611630920217,20.268784752061787,139.98,-0.08521761861194632,0.12534309240622132,,EE. UU.,,S&P 400 MidCap
113,KEX,Kirby Corporation,United States,USD,Industrials,Marine Shipping,138.11,6487.147746819206,60.54130634719024,20.530789675210595,10.894823051714333,21.001745710236435,308.88612005512067,0.10414,1.5263450838960015,0.72745466,Sube,692.444148249397,1056.9087215530212,163.83333,6.0,,0.6423357664233577,0.7753623188405797,0.6521739130434783,0.6899573327691385,0.19126819126819128,0.9501039501039501,61.8,25.22532789479769,14.563818337666827,25.545063022289252,169.69,0.2286583158352038,0.18625247990731997,,EE. UU.,,S&P 400 MidCap
114,HALO,"Halozyme Therapeutics, Inc.",United States,USD,Healthcare,Biotechnology,109.84,11090.30459901014,213.03785471710057,30.142023423824217,13.718773253334959,36.959089811633646,300.06974347943043,1.73674,1.8535760492172748,0.7135725,Sube,934.6919742017751,1732.5226567760212,102.11111,9.0,,0.2542372881355932,0.5423728813559322,0.2542372881355932,0.35028248587570615,0.6330561330561331,0.9480249480249481,61.4,29.548698730581847,18.202249481561733,48.53868530236264,144.25,0.3132738528769119,-0.07036498543335767,,EE. UU.,,S&P 400 MidCap
115,CCK,"Crown Holdings, Inc.",United States,USD,Consumer Cyclical,Packaging & Containers,108.88,10534.504016078443,93.60496303782699,15.104393415408165,8.254299720758778,13.868358163353108,759.6071497429078,0.27367002,2.6553190685860892,0.19991183,Sube,1881.503914822517,4995.993222647606,134.92857,14.0,,0.6,0.7333333333333334,0.7,0.6777777777777777,0.34615384615384615,0.7983367983367984,61.4,15.727188743730538,8.254299720758778,12.754330540615324,108.88,0.0,0.23924109110947844,,EE. UU.,,S&P 400 MidCap
116,ENR.DE,Siemens Energy AG             N,Germany,EUR,Industrials,Specialty Industrial Machinery,142.5,121245.9207975,274.8758025,45.039346507243685,24.558601328267265,19.54121688736814,6204.624896,0.27749002,-1.7648718432688675,0.3084283,Sube,4606.000128,-8128.999936,197.41962,26.0,,0.058394160583941646,0.13043478260869568,0.7246376811594203,0.3044888747840192,0.7972972972972974,0.840956340956341,61.3,26.118976045156405,15.738107918566687,27.328220697674972,94.75,-0.33508771929824566,0.38540084210526326,,Europa,22.0,DAX
117,LRCX,Lam Research Corporation,United States,USD,Technology,Semiconductor Equipment & Materials,320.59,356902.27661841275,2658.027726991756,55.21985640484457,46.258691303520415,129.81593624232661,2749.2947857509994,0.65066004,-0.16867845618279484,1.4403594,Sube,7687.324922037416,-1296.686100024795,375.64517,31.0,,0.21649484536082475,0.17525773195876293,0.11340206185567014,0.16838487972508595,0.8388773388773388,0.9802494802494803,61.3,57.04637964920593,41.89212822862234,82.65535001393664,290.44,-0.09404535387878588,0.1717307776287471,,EE. UU.,,S&P 500
118,NXT.L,NEXT PLC ORD 10P,United Kingdom,GBp,Consumer Cyclical,Apparel Retail,14455.0,19452.384003892566,50.972339544248264,17.769415218662502,12.403559079043978,22.466331967925804,865.8460149019378,0.54543996,1.2770059705135657,0.16927397,Sube,1748.2848294660973,2232.5701653864976,16275.789,19.0,,0.44999999999999996,0.43333333333333335,0.4666666666666667,0.45,0.6496881496881497,0.7920997920997921,61.3,17.769415218662502,12.403559079043978,25.36986506328337,14455.0,0.0,0.125962573503978,,Europa,23.0,FTSE 100
119,CHWY,"Chewy, Inc.",United States,USD,Consumer Cyclical,Internet Retail,18.91,3792.5788788534223,141.13730241009358,15.576327980270367,11.129141924606843,9.493382825258447,399.4970969423824,0.71988,1.2696577243293246,-0.5155009,Sube,384.6630109460159,488.39036311138466,28.63636,22.0,,0.5333333333333333,0.5166666666666666,0.9,0.6499999999999999,0.6673596673596673,0.5062370062370063,61.2,22.712444351500856,17.159000681676503,16.77548587738502,30.47,0.6113167636171337,0.5143500793231095,,EE. UU.,,S&P 400 MidCap
120,CNA.L,CENTRICA PLC ORD 6 14/81P,United Kingdom,GBp,Utilities,Utilities - Independent Power Producers,147.0,7848.733411599235,30.947307842381278,9.363947242616034,1.287939400052466,3.108382451622722,2525.0217866536427,0.19869,-0.14507099729464326,-0.13676733,Baja,5477.094531993187,-794.5675660332889,205.846,13.0,,1.0,1.0,1.0,1.0,0.5997920997920998,0.104989604989605,61.1,19.436513426945424,14.034607826244976,30.474067236210693,1441.16,8.803809523809525,0.4003129251700681,Potencial múltiplos >150%,Europa,24.0,FTSE 100
121,GRMN,Garmin Ltd.,Switzerland,USD,Technology,Scientific & Technical Instruments,268.44,46053.996727407364,217.3053797126581,27.576558519400198,21.341425815340905,49.60381779557885,928.4365352118547,0.21886998,-1.0553181505759999,0.082288384,Sube,2056.2808950038357,-2170.03055118021,302.0,6.0,,0.5670103092783505,0.5257731958762887,0.30927835051546393,0.4673539518900344,0.6756756756756757,0.738045738045738,61.1,44.98841689308054,20.039034649044467,32.44093942522212,252.83,-0.058150797198629034,0.1250186261361943,,EE. UU.,,S&P 500
122,KLAC,KLA Corporation,United States,USD,Technology,Semiconductor Equipment & Materials,196.72,228378.87502402495,1763.6986268536527,53.142835062492715,42.60619275851051,97.81379936845848,2334.832881439724,0.87496,0.20633435706422093,1.0017297,Sube,5386.312210331221,1111.3812668658552,232.76923,26.0,,0.23711340206185572,0.20618556701030932,0.14432989690721654,0.19587628865979387,0.8108108108108107,0.9646569646569647,61.1,57.04637964920593,41.89212822862234,82.65535001393664,193.41,-0.01682594550630334,0.18325147417649457,,EE. UU.,,S&P 500
123,RAA.DE,RATIONAL AG                   I,Germany,EUR,Industrials,Specialty Industrial Machinery,557.0,6333.09,6.297442,23.816218752120978,16.513318656516404,30.419213749285376,208.193744,0.32166,-1.1267656323074535,-0.1461944,Sube,359.016992,-404.528008,795.8571,14.0,,0.5255474452554745,0.42028985507246375,0.4565217391304348,0.46745301315279103,0.8087318087318087,0.5997920997920998,61.0,26.118976045156405,15.738107918566687,27.328220697674972,532.52,-0.0439497307001796,0.4288278276481148,,Europa,25.0,MDAX
124,CRUS,"Cirrus Logic, Inc.",United States,USD,Technology,Semiconductors,113.2,5046.974331262872,81.39508204926759,13.176518401587444,9.362422626236418,12.57947344547876,401.20712151722256,0.20903999,-1.4499538361548503,-0.02143848,Baja,466.777525627024,-676.8058639137723,165.0,4.0,,0.9175257731958762,0.8969072164948454,0.8350515463917526,0.8831615120274914,0.683991683991684,0.17151767151767153,61.0,65.45886963719407,30.016676755342434,65.32247238810488,562.36,3.967844522968198,0.45759717314487625,Potencial múltiplos >150%,EE. UU.,,S&P 400 MidCap
125,AA,Alcoa Corporation,United States,USD,Basic Materials,Aluminum,42.83,10055.362905018086,174.62259728315559,8.88619617087264,5.268819181369785,11.765018309768106,854.683149678522,0.18226999,0.3777585079287995,0.22301543,Baja,2055.865501652811,776.6206844066586,62.225,12.0,,0.8888888888888888,0.8518518518518519,0.962962962962963,0.9012345679012346,0.5145530145530146,0.3108108108108108,60.8,21.04622607212937,10.305500847000912,25.278062990340636,92.02,1.1484940462292785,0.4528367966378708,,EE. UU.,,S&P 400 MidCap
126,TTEK,"Tetra Tech, Inc.",United States,USD,Industrials,Engineering & Construction,33.41,7610.033109607952,74.42465242247114,19.62118523666223,14.277192121254702,21.567154167644876,352.8529100526648,0.24297,1.2107477393812014,-0.016774595,Sube,582.4104008099566,705.1520761727544,40.33333,6.0,,0.7007299270072993,0.5797101449275363,0.6376811594202898,0.6393737437850417,0.49584199584199584,0.6756756756756757,60.7,23.85289799493428,14.902927300550797,23.62644495949712,36.6,0.09548039509129014,0.20722328644118537,,EE. UU.,,S&P 400 MidCap
127,ITH.L,ITHACA ENERGY PLC ORD 1P,United Kingdom,GBp,Energy,Oil & Gas E&P,279.6,5440.640275158583,6.286484369754141,23.486283062097048,3.804050772852738,6.364687598126833,854.8165469676463,0.10168,0.6149032464290056,0.3743744,Sube,1705.9857626779794,1049.0161838323527,305.8742,9.0,,0.0,0.9032258064516129,0.967741935483871,0.6236559139784946,0.3139293139293139,0.8731808731808732,60.6,13.85207524579136,5.180773519293897,15.07592363569993,400.3,0.4316881258941343,0.09397067238912715,,Europa,26.0,FTSE 100
128,DLTR,"Dollar Tree, Inc.",United States,USD,Consumer Defensive,Discount Stores,118.62,19799.56422206025,266.1605706426084,13.754839940383711,11.530236134453586,21.20519312899224,933.7129872677189,0.46032003,2.641065474467533,0.35395503,Sube,2227.3803686981205,5882.657390275371,136.15385,26.0,,0.7631578947368421,0.42105263157894735,0.39473684210526316,0.5263157894736842,0.45426195426195426,0.8617463617463618,60.5,18.82733520041669,13.143661159936215,43.051217819463886,162.36,0.3687405159332322,0.14781529253077053,,EE. UU.,,S&P 500
129,HSY,The Hershey Company,United States,USD,Consumer Defensive,Confectioners,162.54,21156.08816543589,210.0035251562065,15.970361174556444,10.623716284389745,13.639068545423395,1551.1387815801277,0.32808998,1.885680925364621,-0.1540103,Sube,2421.1492968593584,4565.515046547656,203.14285,21.0,,0.6842105263157895,0.631578947368421,0.7631578947368421,0.6929824561403509,0.49480249480249483,0.5956340956340956,60.4,19.291558699572555,10.903177716891074,17.8533750975633,196.34,0.20794881259997555,0.24980220253476082,,EE. UU.,,S&P 500
130,WSM,"Williams-Sonoma, Inc.",United States,USD,Consumer Cyclical,Specialty Retail,239.0,25041.54630847802,226.9063228295372,23.873825808708457,17.26109109077238,26.324410819469772,951.267114018638,0.54960996,0.3006627665368492,0.31716728,Sube,1476.4689800136127,443.9192482367327,247.85,20.0,,0.2833333333333333,0.21666666666666667,0.3666666666666667,0.2888888888888889,0.7796257796257796,0.8451143451143451,60.3,17.239038161923453,13.66595773722156,26.357986124233555,188.34,-0.21196652719665265,0.037029288702928875,,EE. UU.,,S&P 500
131,DSY.PA,DASSAULT SYSTEMES,France,EUR,Technology,Software - Application,21.59,28370.42691791,40.6461976,21.431051175647926,15.496303190988,22.389382456041456,1267.137536,0.15088001,-1.3557469299768923,-0.24175441,Sube,1683.500032,-2282.4,23.325,20.0,,0.6494845360824743,0.7010309278350515,0.6185567010309279,0.6563573883161512,0.576923076923077,0.5540540540540541,60.2,28.731085174809465,21.34611630920217,20.268784752061787,28.94,0.34043538675312646,0.08036127836961549,,Europa,27.0,CAC 40
132,WFRD,Weatherford International plc,United States,USD,Energy,Oil & Gas Equipment & Services,76.9,4892.159828035208,73.46752985316358,15.025357370491806,6.481464798277719,9.855341931182796,496.39676250665326,0.22793,0.5618945102260497,0.25142395,Igual,826.438337578281,464.37116492557897,117.08333,12.0,,0.4838709677419355,0.5806451612903225,0.8709677419354839,0.6451612903225806,0.5717255717255717,0.5732848232848233,60.2,18.051534301453483,8.82194561713861,13.222100750270977,103.17,0.34161248374512354,0.5225400520156047,,EE. UU.,,S&P 400 MidCap
133,COKE,"Coca-Cola Consolidated, Inc.",United States,USD,Consumer Defensive,Beverages - Non-Alcoholic,191.86,9646.301879228222,83.65728352640123,19.71669850778371,10.909278999059385,24.450646405931106,394.5213438974061,0.97331,2.0115404668503407,0.54129183,,1084.1296183641994,2180.7705986506035,,,,0.39473684210526316,0.5526315789473684,0.3421052631578947,0.4298245614035087,0.5841995841995842,0.8461538461538461,60.1,23.296840306101117,12.924920986283178,23.41756250634549,226.7,0.18159074325028657,,,EE. UU.,,S&P 400 MidCap
134,VMI,"Valmont Industries, Inc.",United States,USD,Industrials,Conglomerates,468.7,8049.2664979469655,78.54065450358536,17.891091788278757,14.435142187447502,63.35710948291248,127.04598684568882,0.29777,1.0919580509339988,0.2018565,Sube,603.2493005863736,658.7229304955945,624.5,4.0,,0.7445255474452555,0.5652173913043479,0.08695652173913049,0.4655664868295779,0.579002079002079,0.7993762993762994,60.0,17.891091788278757,11.771693264739035,25.545063022289252,375.14,-0.19961595903563045,0.33240879027096226,,EE. UU.,,S&P 400 MidCap
135,CART,Maplebear Inc.,United States,USD,Consumer Cyclical,Internet Retail,46.3,9775.40126088611,166.06658431442386,23.2807975,16.276058271999997,11.97171327710886,816.5415454425957,0.16001,-1.3055999999999999,0.15656173,Sube,555.9999580047639,-725.9135451710198,58.21429,28.0,,0.30000000000000004,0.30000000000000004,0.8,0.46666666666666673,0.5914760914760915,0.7827442827442828,59.9,22.712444351500856,17.159000681676503,16.77548587738502,48.63,0.050323974082073564,0.25732807775377964,,EE. UU.,,S&P 400 MidCap
136,LULU,lululemon athletica inc.,Canada,USD,Consumer Cyclical,Apparel Retail,92.68,8706.03224713682,390.7754877039184,6.901704419456857,4.420375406281066,8.520960278196947,1021.7196140924898,0.30898002,0.3151901841571245,-0.4467196,Baja,2120.740423651943,668.4365646803141,104.91111,27.0,,0.9666666666666667,1.0,0.95,0.9722222222222223,0.6871101871101871,0.014553014553014554,59.9,17.769415218662502,12.403559079043978,25.36986506328337,272.91,1.9446482520500648,0.13197140699179966,Potencial múltiplos >150%,EE. UU.,,S&P 500
137,TER,"Teradyne, Inc.",United States,USD,Technology,Semiconductor Equipment & Materials,398.72,55454.2649555476,1013.7611022174443,54.19500800347738,41.253060898739,142.5213909490697,389.094328832114,0.36465,-0.16924912992141522,1.8361456,Sube,1338.753558581797,-226.58287496916756,446.46667,15.0,,0.22680412371134018,0.22680412371134018,0.07216494845360821,0.17525773195876285,0.7744282744282744,0.9875259875259875,59.9,57.04637964920593,41.89212822862234,82.65535001393664,404.87,0.015424357945425404,0.11974987459871578,,EE. UU.,,S&P 500
138,GD,General Dynamics Corporation,United States,USD,Industrials,Aerospace & Defense,329.9,79402.85985631493,334.51090627453476,19.892314989389757,14.232296006839581,20.285064649532604,3914.3508402939437,0.17803,0.775817868483694,-0.009130776,Sube,5900.716297378563,4577.881140359232,415.01715,21.0,,0.6788321167883211,0.5869565217391304,0.6811594202898551,0.6489826862724355,0.4495841995841996,0.6798336798336798,59.8,31.508485958114548,18.028351817434313,27.794651520363615,452.03,0.37020309184601397,0.258008942103668,,EE. UU.,,S&P 500
139,PUIG.MC,"PUIG BRANDS, S.A. CLASE B",Spain,EUR,Consumer Defensive,Household & Personal Products,18.04,3065.44279668,8.80674916,5.27158574108484,4.774751299435935,6.099364079795616,502.584,0.15607001,1.6316649152412466,0.35928142,Baja,975.297024,1591.357936,19.57812,16.0,,1.0,1.0,1.0,1.0,0.29417879417879417,0.3659043659043659,59.8,20.97956664826717,13.204359458079086,20.30749355462014,66.42,2.681818181818182,0.08526164079822607,Potencial múltiplos >150%,Europa,28.0,IBEX 35
140,GNTX,Gentex Corporation,United States,USD,Consumer Cyclical,Auto Parts,21.15,3964.0150006922,44.71245279466347,11.101208955108982,7.054609822282079,12.48915441762586,317.3965881227164,0.16354999,-0.38679134159286904,-0.17479515,Igual,532.6973930576302,-206.04273932378464,27.27778,9.0,,0.8333333333333334,0.8666666666666667,0.7833333333333333,0.8277777777777778,0.5498960498960499,0.3362785862785863,59.7,18.29624726583372,7.011412795443594,12.139202089238719,21.03,-0.005673758865248124,0.28972955082742335,,EE. UU.,,S&P 400 MidCap
141,TXN,Texas Instruments Incorporated,United States,USD,Technology,Semiconductors,288.2,234140.9080854876,1628.763916322463,43.74239420055064,28.387498205168068,74.23961061750192,3153.8542044870196,0.35176,0.7406512403361344,0.678509,Sube,8468.991360328564,6272.568955423357,324.7097,31.0,,0.28865979381443296,0.3711340206185567,0.19587628865979378,0.2852233676975945,0.6642411642411643,0.9417879417879418,59.6,65.45886963719407,30.016676755342434,65.32247238810488,305.18,0.05891741845940324,0.12668181818181812,,EE. UU.,,S&P 500
142,ASM.AS,ASM International N.V.,Netherlands,EUR,Technology,Semiconductor Equipment & Materials,898.4,43857.223345599996,146.3888896,40.831602878885846,37.01733926013162,186.40833855842436,235.275008,0.26798,-0.9608589954970558,0.694193,Sube,1154.8,-1109.599968,1142.7,20.0,,0.3298969072164949,0.27835051546391754,0.04123711340206182,0.21649484536082475,0.7536382536382535,0.9438669438669438,59.6,57.04637964920593,41.89212822862234,82.65535001393664,1013.72,0.12836153161175434,0.27192787177203925,,Europa,29.0,AEX
143,KEYS,Keysight Technologies Inc.,United States,USD,Technology,Scientific & Technical Instruments,374.67,56743.66423679381,410.13686666226994,49.87145849677612,37.659952179711425,34.1624684380798,1660.9942674266324,0.20897,0.09481754534746757,1.2292228,Sube,1510.5406859073428,143.22575998521424,418.0,12.0,,0.24742268041237114,0.25773195876288657,0.45360824742268047,0.3195876288659794,0.5831600831600832,0.974012474012474,59.5,44.98841689308054,20.039034649044467,32.44093942522212,337.99,-0.09789948488002775,0.11564843729148322,,EE. UU.,,S&P 500
144,MEDP,"Medpace Holdings, Inc.",United States,USD,Healthcare,Diagnostics & Research,602.7,14965.165404843607,146.04191738658707,34.22656046490336,26.936810321498694,32.95938368109381,454.0487027804448,1.6215401,-0.5866753926701571,0.20246601,Sube,543.7234789320188,-318.989185506426,594.53845,13.0,,0.1694915254237288,0.10169491525423724,0.3220338983050848,0.19774011299435026,0.9178794178794178,0.8004158004158004,59.5,33.384229424981505,21.970769966906186,33.00345546894367,587.87,-0.024605939936950483,-0.013541645926663404,,EE. UU.,,S&P 400 MidCap
145,FDX,FedEx Corporation,United States,USD,Industrials,Integrated Freight & Logistics,291.73,61421.41855664696,406.83576277931763,15.599608675847247,8.311116901232348,12.205840787972017,5032.133355137106,0.14846,2.4816785784624886,0.5134964,Igual,10536.421376435896,26148.011223555215,355.49588,26.0,,0.8248175182481752,0.8913043478260869,0.8913043478260869,0.8691420713001164,0.15696465696465695,0.6637214137214138,59.4,26.03251082366654,13.650965546182057,15.608887214124325,486.84,0.6688033455592497,0.21857841154492164,,EE. UU.,,S&P 500
146,DXCM,"DexCom, Inc.",United States,USD,Healthcare,Medical Devices,84.41,28336.44638539874,332.84564028345,31.862581967842974,22.309308801061857,31.19290249928058,908.4260878272638,0.38491002,-0.39096355758266826,0.29622233,Sube,1248.2866257156556,-488.0345800726573,96.23077,26.0,,0.22033898305084743,0.2033898305084746,0.3389830508474576,0.2542372881355932,0.8056133056133057,0.8336798336798337,59.3,23.482717897143893,15.3969618186501,24.853646091789635,62.21,-0.2630020139793863,0.14003992417959976,,EE. UU.,,S&P 500
147,ACN,Accenture plc,Ireland,USD,Technology,Information Technology Services,208.36,113427.77919935685,1225.5931806244664,15.238843839674553,9.102669194667541,11.403400764628316,9946.837924980526,0.26025,0.03974904807801064,-0.13522041,Baja,12515.588504003412,497.48272917022894,223.65459,24.0,,0.845360824742268,0.9175257731958762,0.9175257731958762,0.8934707903780068,0.6704781704781705,0.10602910602910603,59.0,16.452954773314822,10.744082343340928,13.048015562043062,238.41,0.1442215396429256,0.07340463620656545,,EE. UU.,,S&P 500
148,ELV,"Elevance Health, Inc.",United States,USD,Healthcare,Healthcare Plans,400.94,77352.11361627802,424.5502506555965,17.519963025676585,9.668618094157404,20.191360422734075,3830.9510600972135,0.11133,-0.7772703977632415,0.12894762,Igual,7405.029612953065,-5755.71031270861,451.4762,21.0,,0.7457627118644068,0.847457627118644,0.6101694915254237,0.7344632768361582,0.4604989604989605,0.5171517671517671,58.7,22.96392665390237,10.388901214949943,13.904605601612303,428.59,0.06896293709781998,0.12604429590462418,,EE. UU.,,S&P 500
149,IMB.L,IMPERIAL BRANDS PLC ORD 10P,United Kingdom,GBp,Consumer Defensive,Tobacco,2614.0,23131.4904605595,87.17911716775966,11.289711024994247,7.558893864900397,7.841158280218563,2950.009377940364,0.37151,2.6730577689243025,-0.2083996,Igual,4734.3975536981825,12655.318162089137,3259.0913,11.0,,0.868421052631579,0.8947368421052632,0.9736842105263158,0.912280701754386,0.41476091476091476,0.3217255717255717,58.6,19.291558699572555,10.903177716891074,17.8533750975633,4466.73,0.7087719969395561,0.24678320581484314,,Europa,30.0,FTSE 100
150,GEHC,GE HealthCare Technologies Inc.,United States,USD,Healthcare,Medical Devices,64.22,25804.88421655136,234.54942813371778,14.613245359540404,10.428413967953936,18.43927930136145,1399.4518871811915,0.19376,2.355134919768615,-0.095620334,Sube,3196.332501643391,7527.794289811724,82.9,20.0,,0.8813559322033898,0.7796610169491526,0.6949152542372881,0.7853107344632768,0.27338877338877343,0.632016632016632,58.6,23.482717897143893,15.3969618186501,24.853646091789635,103.2,0.6069760199314855,0.29087511678604816,,EE. UU.,,S&P 500
151,APH,Amphenol Corporation,United States,USD,Technology,Electronic Components,85.32,187168.5317653387,938.6517751225272,40.90607374897319,23.647039258630464,55.10100551972199,3396.8260651495107,0.38115,1.415112376844792,0.40213645,Sube,8418.907311119463,11913.69993547426,101.65789,19.0,,0.31958762886597936,0.4639175257731959,0.28865979381443296,0.35738831615120276,0.5904365904365905,0.8856548856548856,58.6,36.91840841595243,20.243071055498,29.963057272894208,72.26,-0.1530707923112985,0.19148956868260658,,EE. UU.,,S&P 500
152,WTS,"Watts Water Technologies, Inc.",United States,USD,Industrials,Specialty Industrial Machinery,347.14,8482.167284002813,60.46642692385396,24.84317630640959,16.176783246815834,41.6754014082867,203.5293481856236,0.18805,-0.23425129087779686,0.27250803,Sube,516.8575609612285,-121.07455085511738,404.0,7.0,,0.4963503649635036,0.4492753623188406,0.23913043478260865,0.39491872068831757,0.5935550935550935,0.8305613305613306,58.5,26.118976045156405,15.738107918566687,27.328220697674972,337.86,-0.026732730310537467,0.16379558679495299,,EE. UU.,,S&P 400 MidCap
153,RRC,Range Resources Corporation,United States,USD,Energy,Oil & Gas E&P,40.77,8475.31981994945,99.7425857167102,11.085631598693697,6.491508531109984,20.96251406553147,404.3083665181824,0.19475001,0.6257345902867855,0.12128711,Sube,1444.876653183813,904.1093005949151,45.56522,23.0,,0.6451612903225806,0.5483870967741935,0.32258064516129037,0.5053763440860215,0.5135135135135135,0.762993762993763,58.5,13.85207524579136,5.180773519293897,15.07592363569993,31.66,-0.22344861417709105,0.1176163845965168,,EE. UU.,,S&P 400 MidCap
154,AMGN,Amgen Inc.,United States,USD,Healthcare,Drug Manufacturers - General,407.44,195956.71782185312,989.200979305263,25.194452991508065,15.264656628789883,25.478216831928336,7691.14726962711,0.91473,2.5083968233467244,0.39823306,Sube,15361.61232293477,38533.01955233347,392.4955,29.0,,0.3728813559322034,0.4067796610169492,0.4576271186440678,0.4124293785310735,0.5114345114345114,0.8846153846153846,58.4,25.194452991508065,12.765864190436991,20.378210115258447,327.63,-0.19588160219909678,-0.03667902022383662,,EE. UU.,,S&P 500
155,MIDD,The Middleby Corporation,United States,USD,Industrials,Specialty Industrial Machinery,105.4,4240.2207757920205,55.000926751324684,14.893435690359835,9.403752725481723,7.890161300218423,537.406095319577,0.10974,2.6183270996259775,0.014654636,Sube,624.9012235333821,1636.195808166885,155.66667,9.0,,0.8613138686131387,0.8478260869565217,0.9782608695652174,0.8958002750449593,0.0550935550935551,0.6964656964656964,58.4,26.118976045156405,15.738107918566687,27.328220697674972,203.79,0.9334914611005691,0.4769133776091081,,EE. UU.,,S&P 400 MidCap
156,STRL,"Sterling Infrastructure, Inc.",United States,USD,Industrials,Engineering & Construction,518.41,14106.736295635666,300.56505754544287,36.75116718360063,22.0301648000205,45.386669646860916,310.81232453043253,0.40005,-0.17875940513459265,0.53999937,Sube,635.1832337903714,-113.5449770238337,836.5714,7.0,,0.14598540145985406,0.19565217391304346,0.1811594202898551,0.17426566522091755,0.7931392931392931,0.9220374220374221,58.4,23.85289799493428,14.902927300550797,23.62644495949712,336.47,-0.3509577361547809,0.6137254296792116,,EE. UU.,,S&P 400 MidCap
157,CI,The Cigna Group,United States,USD,Healthcare,Healthcare Plans,281.03,66061.24957353133,418.17339080246313,11.574112185252492,7.75047087794018,9.305556249852932,7099.118827482815,0.16758,1.9298480518154613,-0.09022313,Igual,11349.51560115327,21902.840571934823,342.29166,24.0,,0.9491525423728814,0.9491525423728814,1.0,0.9661016949152543,0.2702702702702703,0.38513513513513514,58.3,22.96392665390237,10.388901214949943,13.904605601612303,419.92,0.49421769917802383,0.21798975198377413,,EE. UU.,,S&P 500
158,CRM,"Salesforce, Inc.",United States,USD,Technology,Software - Application,227.8,166781.66164281336,2689.8114743411143,19.403787778546384,16.93560696647847,10.573016217711606,15774.27464486677,0.19381,2.401193806622062,-0.05743134,Sube,11474.949817957498,27553.578434178504,283.36075,54.0,,0.7216494845360825,0.6494845360824743,0.9381443298969072,0.7697594501718212,0.2661122661122661,0.6517671517671517,58.3,28.731085174809465,21.34611630920217,20.268784752061787,337.3,0.48068481123792806,0.24390144863915708,,EE. UU.,,S&P 500
159,FOX,Fox Corporation,United States,USD,Communication Services,Entertainment,56.97,11162.319283785964,58.014281787594946,7.446630600394277,4.098550405382394,22.592973445530248,494.0615413326349,0.14291,0.8663060728715039,0.108365774,,3453.426825290398,2991.7246309664297,,,,0.8823529411764706,1.0,0.5555555555555556,0.8126361655773421,0.35550935550935553,0.5031185031185031,58.3,17.933051336125608,9.578287355136972,15.122681404678609,137.2,1.4082850623134981,,,EE. UU.,,S&P 500
160,MANH,"Manhattan Associates, Inc.",United States,USD,Technology,Software - Application,206.78,10725.28554710673,141.0061629611827,57.34733637886865,41.2700538201905,37.5449609888482,285.6651136298267,0.96378,-0.4576503488758445,-0.00687927,Sube,257.0303293862407,-117.63001991528627,220.7,10.0,,0.19587628865979378,0.21649484536082475,0.4226804123711341,0.27835051546391754,0.8877338877338877,0.681912681912682,58.2,28.731085174809465,21.34611630920217,20.268784752061787,108.05,-0.47746397137053875,0.06731792242963519,,EE. UU.,,S&P 400 MidCap
161,SAP.DE,SAP SE                        I,Germany,EUR,Technology,Software - Application,184.62,213089.18531184,466.73486807999996,27.333144216152505,17.976461368693876,23.4405441595958,9090.624512,0.18320999,-0.14336731428571428,-0.18620688,Sube,11760.0,-1685.999616,210.38615,26.0,,0.5773195876288659,0.6082474226804124,0.5979381443298969,0.5945017182130584,0.5686070686070686,0.579002079002079,58.2,28.731085174809465,21.34611630920217,20.268784752061787,194.06,0.05113205503195761,0.13956315675441444,,Europa,31.0,DAX
162,ITW,Illinois Tool Works Inc.,United States,USD,Industrials,Specialty Industrial Machinery,264.71,67066.41229120642,308.1906517599381,23.60344740802795,17.529006634266988,30.986193992238558,2164.3965795865493,1.04618,1.8424885335333892,0.05179429,Sube,4275.417390942224,7877.407518880287,299.7857,14.0,,0.5547445255474452,0.3623188405797102,0.4347826086956522,0.4506153249409359,0.6174636174636174,0.7193347193347194,58.1,26.118976045156405,15.738107918566687,27.328220697674972,234.49,-0.11416266858071089,0.1325061387933968,,EE. UU.,,S&P 500
163,UNP,Union Pacific Corporation,United States,USD,Industrials,Railroads,278.2,147025.7853273811,660.4491982756077,22.54731329190397,15.08280090257661,35.009649047890285,4199.578953969577,0.39696,2.2551226328245417,0.23397648,Sube,11461.605306555823,25847.325535315904,328.16666,24.0,,0.583941605839416,0.5289855072463768,0.32608695652173914,0.479671356535844,0.4812889812889813,0.817047817047817,58.1,25.22532789479769,14.563818337666827,25.545063022289252,266.94,-0.04047447879223576,0.1796069734004313,,EE. UU.,,S&P 500
164,AVY,Avery Dennison Corporation,United States,USD,Consumer Cyclical,Packaging & Containers,167.62,11301.129145285133,134.84818791718072,18.021859751368297,10.767864068567757,12.645439341071075,893.6920924985372,0.3116,2.2789842598914105,0.05640638,Sube,1331.286270979409,3033.9804569716043,199.6,10.0,,0.43333333333333335,0.55,0.7666666666666666,0.5833333333333334,0.4313929313929314,0.7203742203742204,57.9,15.727188743730538,8.254299720758778,12.754330540615324,146.28,-0.1273117766376327,0.19078868870063226,,EE. UU.,,S&P 500
165,HWDN.L,HOWDEN JOINERY GROUP PLC ORD 10,United Kingdom,GBp,Consumer Cyclical,"Furnishings, Fixtures & Appliances",748.0,4792.435614864135,13.355599927339474,15.277081416459975,10.821157090847125,17.812384740580907,269.05075792270594,0.23942,0.9252676923076921,-0.06736714,Sube,484.2854868175331,448.0937148057662,1008.0,16.0,,0.5666666666666667,0.5333333333333333,0.5833333333333333,0.5611111111111111,0.5291060291060291,0.6486486486486487,57.8,17.49212070271248,11.379744329289522,19.3503161320983,812.58,0.086336898395722,0.3475935828877006,,Europa,32.0,FTSE 100
166,FTI,TechnipFMC plc,United Kingdom,USD,Energy,Oil & Gas Equipment & Services,69.63,24291.777242114655,187.58516705793565,23.227633835011908,13.89117122663829,18.660041662156505,1301.80723504919,0.35814,0.12647445503863033,0.85365856,Sube,1764.788403638157,223.2006516086303,76.0,21.0,,0.06451612903225812,0.032258064516129004,0.4193548387096774,0.17204301075268816,0.738045738045738,0.9563409563409564,57.7,18.051534301453483,8.82194561713861,13.222100750270977,49.34,-0.2913973861841159,0.0914835559385323,,EE. UU.,,S&P 400 MidCap
167,LIVN,LivaNova PLC,United Kingdom,USD,Healthcare,Medical Devices,75.91,3709.6360517858257,43.57775170283258,22.115824444620852,15.3969618186501,69.64793909116126,53.262682287416034,0.15404001,-0.6330102330301608,0.49753404,Sube,231.41874732070926,-146.49043516903006,90.54545,11.0,,0.5932203389830508,0.38983050847457623,0.05084745762711862,0.3446327683615819,0.5498960498960499,0.9106029106029105,57.6,23.482717897143893,15.3969618186501,24.853646091789635,75.91,0.0,0.19280002634699,,EE. UU.,,S&P 400 MidCap
168,ANET,"Arista Networks, Inc.",United States,USD,Technology,Computer Hardware,210.97,236705.25184563722,1153.4959014232625,65.78661914113049,54.47393254416256,68.37458669144488,3461.889326129617,0.31476,-2.8759589654015976,0.3690461,Sube,4127.387962123036,-11870.198413358374,243.69,29.0,,0.14432989690721654,0.11340206185567014,0.21649484536082475,0.15807560137457047,0.838877338877339,0.8669438669438669,57.5,18.136951407561558,23.71526083111555,47.51009204147918,97.82,-0.5363321799307958,0.15509314120491058,,EE. UU.,,S&P 500
169,IT,"Gartner, Inc.",United States,USD,Technology,Information Technology Services,195.41,10977.611040432334,216.86444084125864,15.915297435777008,10.246925786116316,11.723819245955633,936.3510994268596,1.13581,1.3301456834786893,-0.18392152,Baja,1231.1182864299974,1637.5666745465417,186.46153,13.0,,0.8247422680412371,0.865979381443299,0.8969072164948454,0.8625429553264605,0.682952182952183,0.08108108108108109,57.4,16.452954773314822,10.744082343340928,13.048015562043062,206.31,0.05578015454685015,-0.04579330638145429,,EE. UU.,,S&P 500
170,FIVE,"Five Below, Inc.",United States,USD,Consumer Cyclical,Specialty Retail,209.73,10271.750287949648,207.821739287399,18.647962088986123,15.11164659482495,31.430930607343008,326.8038867913737,0.28250998,1.0370062189707747,0.51440537,Sube,729.8055235266547,756.812866536363,310.4762,21.0,,0.3833333333333333,0.33333333333333337,0.23333333333333328,0.31666666666666665,0.5748440748440748,0.9147609147609148,57.4,17.239038161923453,13.66595773722156,26.357986124233555,188.19,-0.10270347589758255,0.48036141706002966,,EE. UU.,,S&P 400 MidCap
171,BNZL.L,BUNZL PLC ORD 32 1/7P,United Kingdom,GBp,Consumer Defensive,Food Distribution,2710.0,10056.68672642311,35.86368427360327,17.459445223495702,10.816165318975143,12.155219776371032,827.3554005146549,0.18155001,2.2001818709280068,0.0869565,Sube,1167.2128651433884,2568.08058540242,2779.1108,18.0,,0.5789473684210527,0.6052631578947368,0.8421052631578947,0.6754385964912281,0.26715176715176714,0.7411642411642412,57.3,19.291558699572555,10.903177716891074,17.8533750975633,2994.37,0.10493357933579328,0.02550214022140218,,Europa,33.0,FTSE 100
172,AGCO,AGCO Corporation,United States,USD,Industrials,Farm & Heavy Construction Machinery,108.13,6736.522941366237,97.05288211685819,14.196720766347955,9.774249530219453,16.818035976884914,400.5534861873923,0.118269995,2.288552756030051,0.0011924505,Sube,899.9192920281907,2059.5127759757283,125.86667,15.0,,0.8686131386861313,0.8333333333333334,0.7753623188405797,0.8257695969533482,0.11954261954261955,0.6881496881496881,57.3,28.694871282421147,13.48059553670473,21.037797146969265,161.67,0.49514473319152863,0.16403098122630166,,EE. UU.,,S&P 400 MidCap
173,DCI,"Donaldson Company, Inc.",United States,USD,Industrials,Specialty Industrial Machinery,87.16,8980.438068725167,52.191209377369454,22.245301137681793,15.733208643890134,31.36528866902165,286.31772414053427,0.28205,1.5867433183856503,0.091136694,Sube,634.8185120515193,1007.2940323852687,100.4,5.0,,0.5985401459854014,0.46376811594202894,0.42028985507246375,0.494199372333298,0.502079002079002,0.7432432432432432,57.1,26.118976045156405,15.738107918566687,27.328220697674972,87.19,0.00034419458467183084,0.15190454336851777,,EE. UU.,,S&P 400 MidCap
174,UPS,"United Parcel Service, Inc.",United States,USD,Industrials,Integrated Freight & Logistics,94.13,62749.05170516245,410.0996901565339,15.434630518223786,7.82491399601357,12.609270844947563,4976.421910257048,0.29602,1.9877523784230888,0.13587546,Baja,10749.925360309724,21368.189702826337,114.26923,26.0,,0.8394160583941606,0.9130434782608696,0.8840579710144928,0.8788391692231743,0.45114345114345117,0.27442827442827444,56.9,26.03251082366654,13.650965546182057,15.608887214124325,158.76,0.6866036332731329,0.21395123765005852,,EE. UU.,,S&P 500
175,NOC,Northrop Grumman Corporation,United States,USD,Industrials,Aerospace & Defense,484.48,61228.22310190333,365.2216313866029,15.308428566832738,11.519185980875548,27.775097369357358,2204.4287473660793,0.26958,2.0323914627052995,-0.25440544,Sube,6454.047569453695,13117.151180051578,634.04346,23.0,,0.8540145985401459,0.7246376811594203,0.5144927536231885,0.6977150111075848,0.41683991683991684,0.5488565488565489,56.9,31.508485958114548,18.028351817434313,27.794651520363615,816.9,0.6861377146631438,0.3087092552840158,,EE. UU.,,S&P 500
176,WDAY,"Workday, Inc.",United States,USD,Technology,Software - Application,187.81,32746.84962259751,638.7553706170124,29.425066440284372,23.442471586380833,12.083463481463966,2710.054917022026,0.16006,0.23266074148802018,-0.19457072,Sube,1410.905493432889,328.26231827161695,207.99658,38.0,,0.5154639175257731,0.48453608247422686,0.8762886597938144,0.6254295532646048,0.48232848232848236,0.5758835758835759,56.8,28.731085174809465,21.34611630920217,20.268784752061787,183.38,-0.02358766838826476,0.10748405303231978,,EE. UU.,,S&P 500
177,HPE,Hewlett Packard Enterprise Comp,United States,USD,Technology,Communication Equipment,71.0,83844.79305240484,1283.787908915808,35.23364375852217,15.726415202609745,19.889735700049346,4215.480502950918,0.10936,2.047169765752936,1.909836,Sube,6129.343423175726,12547.80653984195,72.0281,21.0,,0.38144329896907214,0.6804123711340206,0.6907216494845361,0.584192439862543,0.12266112266112267,0.9916839916839917,56.8,34.40836762791153,23.58890428124989,41.39963592823426,111.81,0.5747887323943661,0.014480281690140817,,EE. UU.,,S&P 500
178,AOS,A.O. Smith Corporation,United States,USD,Industrials,Specialty Industrial Machinery,56.56,5537.110550824535,76.79701342402034,12.441076201958825,8.574927521038255,12.843808753827634,431.11125811293306,0.27133,0.6327676665159696,-0.16516608,Baja,697.1794388741357,441.15260667929994,69.90909,11.0,,0.9051094890510949,0.8768115942028986,0.8695652173913043,0.8838287668817659,0.6216216216216216,0.09147609147609148,56.7,26.118976045156405,15.738107918566687,27.328220697674972,118.74,1.099363507779349,0.2360164427157001,,EE. UU.,,S&P 500
179,CMI,Cummins Inc.,United States,USD,Industrials,Specialty Industrial Machinery,520.4,63731.47208765589,470.72162457520216,26.386960348447346,15.139959220512042,32.1348359096321,1983.2518288525946,0.21114,0.868924283975176,0.21240246,Sube,4465.791890431847,3880.43502077564,743.0842,19.0,,0.4233576642335767,0.5217391304347826,0.3913043478260869,0.44546704749814875,0.48856548856548854,0.8056133056133057,56.6,26.118976045156405,15.738107918566687,27.328220697674972,515.11,-0.010165257494235136,0.4279096848578017,,EE. UU.,,S&P 500
180,TWLO,Twilio Inc.,United States,USD,Technology,Software - Infrastructure,275.77,37675.836772204384,708.6425291418209,36.86766726516251,81.55257101006785,44.36213478874293,849.2791645762904,0.13497,-3.182844228183623,1.5744026,Sube,444.6291632167121,-1415.185365826426,265.7143,28.0,,0.3608247422680413,0.061855670103092786,0.3402061855670103,0.25429553264604815,0.5602910602910602,0.9823284823284824,56.5,32.28893004115226,24.336301639705464,27.644413939269086,171.85,-0.37683576893788295,-0.03646408238749688,,EE. UU.,,S&P 500
181,EEFT,"Euronet Worldwide, Inc.",United States,USD,Technology,Software - Infrastructure,63.66,2118.2378382172856,36.597366500916095,8.256285914355063,4.568840577181902,7.640649238738607,277.2327026187351,0.22371,0.9473763310782619,-0.2340272,Baja,584.9119842882095,554.1317696786699,84.66667,6.0,,1.0,1.0,0.979381443298969,0.993127147766323,0.503118503118503,0.056133056133056136,56.5,32.28893004115226,24.336301639705464,27.644413939269086,248.96,2.910775997486648,0.32998224945020427,Potencial múltiplos >150%,EE. UU.,,S&P 400 MidCap
182,MAS,Masco Corporation,United States,USD,Industrials,Building Products & Equipment,69.5,12191.545751256286,145.79427651761165,15.485340548022599,11.040799947612731,15.276050168269082,798.0823326032387,58.625,1.952917729442971,0.021810055,Baja,1341.5166986738943,2619.871745184052,79.89474,19.0,,0.8321167883211679,0.7608695652173914,0.8043478260869565,0.7991113932085052,0.6174636174636174,0.20166320166320167,56.5,29.626225539649127,13.88835661866539,30.17029911476915,132.97,0.9132374100719425,0.14956460431654683,,EE. UU.,,S&P 500
183,REL.L,RELX PLC ORD 14 51/116P,United Kingdom,GBp,Industrials,Specialty Business Services,2595.0,53157.879943190004,130.1416414707288,19.934438512551665,16.335875714155527,20.198981649158736,2631.7108885241237,1.31864,2.6385177351154314,-0.23060983,Sube,3880.885644117135,10239.785599957935,3394.4062,17.0,,0.6642335766423357,0.4347826086956522,0.6956521739130435,0.5982227864170104,0.5218295218295218,0.5623700623700624,56.5,19.956581930290795,10.957769656932872,16.664074858408142,2140.86,-0.1750057803468208,0.30805633911368013,,Europa,34.0,FTSE 100
184,VLTO,Veralto Corp,United States,USD,Industrials,Pollution & Treatment Controls,96.48,20924.44177474102,143.27059468313988,23.806864199514173,17.982145108719426,29.141932243773223,718.0183386505527,0.34312,1.0604315625899279,-0.052910566,Sube,1236.5439066025951,1311.2701870896437,114.0,15.0,,0.5328467153284672,0.34782608695652173,0.4782608695652174,0.45297789061673543,0.6174636174636174,0.6548856548856549,56.3,25.22532789479769,14.563818337666827,25.545063022289252,84.57,-0.12344527363184088,0.18159203980099492,,EE. UU.,,S&P 500
185,RMD,ResMed Inc.,United States,USD,Healthcare,Medical Instruments & Supplies,226.73,28366.793656398488,267.31570909193556,20.933027587693537,14.908003412189803,33.94963510625885,835.5551854272763,0.24269,-0.3069580844160246,-0.16643381,Sube,1864.4012778294962,-572.2930448253306,250.22295,17.0,,0.6440677966101696,0.423728813559322,0.30508474576271183,0.45762711864406774,0.6746361746361746,0.5904365904365905,56.3,26.30240004743095,13.494479100300703,23.1141365201509,205.67,-0.09288581131742601,0.10361641600141147,,EE. UU.,,S&P 500
186,ROST,"Ross Stores, Inc.",United States,USD,Consumer Cyclical,Apparel Retail,225.2,64264.60868723138,459.87846535579695,27.167425979942166,19.876652065695612,36.083115513284035,1781.0160728380647,0.42628,0.12332908965149482,0.5246091,Sube,3253.3568536882844,401.2335390768275,270.55557,18.0,,0.15000000000000002,0.09999999999999998,0.16666666666666663,0.13888888888888887,0.7702702702702702,0.91995841995842,56.3,17.769415218662502,12.403559079043978,25.36986506328337,147.3,-0.3459147424511545,0.20140128774422728,,EE. UU.,,S&P 500
187,OXY,Occidental Petroleum Corporatio,United States,USD,Energy,Oil & Gas E&P,60.28,53605.637939075896,455.28264699137173,17.728196407553817,5.156301388533295,15.907115490959859,3369.915681415679,0.10629,0.7636681759183978,0.43013048,Sube,12203.531536648588,9319.448668355068,68.36,25.0,,0.25806451612903225,0.8064516129032258,0.4838709677419355,0.5161290322580645,0.29625779625779625,0.8929313929313929,56.3,13.85207524579136,5.180773519293897,15.07592363569993,57.13,-0.05225613802256135,0.13404114134041145,,EE. UU.,,S&P 500
188,AUTO.L,AUTOTRADER GROUP PLC ORD 1P,United Kingdom,GBp,Communication Services,Internet Content & Information,485.9,4385.997579477672,20.362604878620253,12.658952851099013,9.66715969105237,15.265017396894608,287.32345764439964,0.60195,0.4762845849802372,-0.38665974,Igual,477.21218369945814,227.28880686080913,560.105,19.0,,0.5882352941176471,0.5555555555555556,0.7222222222222222,0.6220043572984749,0.7702702702702703,0.2697505197505198,56.1,17.55070924974179,14.698035706051927,33.71452846927896,751.87,0.5473760032928587,0.15271660835562884,,Europa,35.0,FTSE 100
189,PR,Permian Resources Corporation,United States,USD,Energy,Oil & Gas E&P,22.84,17017.871056306536,191.76205237989132,15.49193845812919,5.205245650054499,41.734582694109136,407.7642558699556,0.114029996,0.7095325998464885,0.8721311,Sube,3785.3552631699094,2685.832961219535,27.19048,21.0,,0.4193548387096774,0.7741935483870968,0.12903225806451613,0.4408602150537633,0.32536382536382535,0.9584199584199584,56.1,13.85207524579136,5.180773519293897,15.07592363569993,20.42,-0.10595446584938695,0.1904763572679511,,EE. UU.,,S&P 400 MidCap
190,VRT,"Vertiv Holdings, LLC",United States,USD,Industrials,Electrical Equipment & Parts,243.73,83473.97941887235,1127.9328912649742,54.176193652015,35.11302524554174,34.79764843823798,2398.839667773227,0.43943,0.08496346829749304,0.45955706,Sube,2383.060186136267,202.47305857580662,337.42856,28.0,,0.021897810218978075,0.021739130434782594,0.33333333333333337,0.125656757995698,0.7837837837837838,0.9022869022869022,55.6,27.888745562291806,19.979217038644048,50.65746354823736,138.43,-0.43203544906248714,0.38443589217576823,,EE. UU.,,S&P 500
191,PBF,PBF Energy Inc.,United States,USD,Energy,Oil & Gas Refining & Marketing,89.34,9420.935441143303,264.8842872216954,7.826532300991034,12.602932816816855,134.96997478795475,69.80023116951834,0.23228,1.6729282170850481,1.848196,Sube,861.9333464301073,1441.9526164894685,77.0,13.0,,0.9032258064516129,0.09677419354838712,0.0,0.3333333333333333,0.41372141372141374,0.9885654885654886,55.4,15.580532978567973,9.99209322304873,14.625130589180621,68.0,-0.2388627714349676,-0.13812402059547801,,EE. UU.,,S&P 400 MidCap
192,LECO,"Lincoln Electric Holdings, Inc.",United States,USD,Industrials,Tools & Accessories,258.78,12547.80687118234,96.7844795066669,25.480941065958845,17.02190398143121,45.93308611354697,273.1757853187582,0.37736,1.0843576812371014,0.11949122,Sube,787.3110850840018,853.7268226339544,304.9091,11.0,,0.45255474452554745,0.3840579710144928,0.17391304347826086,0.336841919672767,0.6340956340956341,0.7598752598752598,55.3,25.353134480378266,13.91187134467063,18.053240089525907,208.28,-0.1951464564494937,0.17825604760800706,,EE. UU.,,S&P 400 MidCap
193,RIO.L,RIO TINTO PLC ORD 10P,United Kingdom,GBp,Basic Materials,Other Industrial Metals & Mining,7022.0,103860.58391947087,234.71101213751186,9.647146721736299,5.6782664255277755,32.471079094110365,3198.5565868770036,0.19312,0.5824712622101414,0.40904987,Baja,20381.624572964996,11871.710590908157,7652.2886,20.0,,0.8518518518518519,0.8148148148148149,0.4444444444444444,0.7037037037037037,0.5124740124740125,0.3887733887733888,55.2,21.04622607212937,10.305500847000912,25.278062990340636,13398.32,0.9080489888920535,0.08975912845343204,,Europa,36.0,FTSE 100
194,YETI,"YETI Holdings, Inc.",United States,USD,Consumer Cyclical,Leisure,39.6,2571.2607894854464,58.13029947880001,16.16575515128476,10.556691367221736,22.68422833373883,113.3501546385488,0.25320998,0.6614640392199825,0.23326063,Igual,259.84858197337525,171.8804926176935,54.93333,15.0,,0.5166666666666666,0.5833333333333333,0.44999999999999996,0.5166666666666666,0.5873180873180873,0.564968814968815,55.2,16.297594691397258,11.303727575745384,20.083836546676352,39.92,0.008080808080808133,0.38720530303030287,,EE. UU.,,S&P 400 MidCap
195,ULTA,"Ulta Beauty, Inc.",United States,USD,Consumer Cyclical,Specialty Retail,564.21,21460.880216442867,289.668750298948,19.936904344626,13.66595773722156,26.391561428997335,813.1720540362968,0.46117002,1.1944981926764104,0.02718103,Sube,1720.7994092262898,2055.491784279438,631.44,25.0,,0.3666666666666667,0.3666666666666667,0.35,0.36111111111111116,0.6496881496881497,0.7079002079002079,55.2,17.239038161923453,13.66595773722156,26.357986124233555,563.49,-0.0012761205933961017,0.11915776040835868,,EE. UU.,,S&P 500
196,COP,ConocoPhillips,United States,USD,Energy,Oil & Gas E&P,134.19,143410.16009080247,785.8962263774915,17.422184476596843,6.6021461434227255,20.959512977487208,6842.246775716619,0.1418,0.5824495502200492,0.5311501,Sube,23823.486428325705,13875.978954851753,147.73077,26.0,,0.29032258064516125,0.5161290322580645,0.3548387096774194,0.3870967741935483,0.3981288981288982,0.920997920997921,55.1,13.85207524579136,5.180773519293897,15.07592363569993,102.51,-0.23608316566063037,0.10090744466800805,,EE. UU.,,S&P 500
197,AIT,Applied Industrial Technologies,United States,USD,Industrials,Industrial Distribution,332.12,10853.17363035192,82.75960024380416,29.431424987277968,20.40684880089845,33.62346936648322,322.7856564132747,0.22368999,0.5790879775046927,0.33282876,Sube,547.3726320899946,316.97691045841515,400.0,6.0,,0.35036496350364965,0.23188405797101452,0.3623188405797102,0.3148559540181248,0.5602910602910602,0.8534303534303534,55.0,26.838640033630597,15.754904066867667,42.54364827407968,302.86,-0.08810068649885583,0.20438395760568473,,EE. UU.,,S&P 400 MidCap
198,NUE,Nucor Corporation,United States,USD,Basic Materials,Steel,246.14,49678.08818887737,294.3824410814781,19.437236385180345,10.60555877088466,81.71674534749133,607.9303327320105,0.14548999,0.77574368203619,0.841676,Sube,5053.817161345707,3920.466733080005,283.8125,16.0,,0.4444444444444444,0.4814814814814815,0.18518518518518523,0.3703703703703704,0.3804573804573805,0.9553014553014554,54.9,23.99053177007619,13.980105718602214,81.71674534749133,303.8,0.23425692695214106,0.15305314048915264,,EE. UU.,,S&P 500
199,TSCO.L,TESCO PLC ORD 6 1/3P,United Kingdom,GBp,Consumer Defensive,Grocery Stores,500.4,36744.088144624635,82.95399931063041,17.441823479878735,9.569017266481536,13.871178810442615,2648.952093167644,0.15459,2.482037101023022,0.065621495,Sube,5184.731336446088,12868.695535895866,522.333,15.0,,0.6052631578947368,0.736842105263158,0.736842105263158,0.6929824561403509,0.1704781704781705,0.7276507276507277,54.7,17.441823479878735,8.001044287722737,9.222659874846801,389.69,-0.22124300559552357,0.043830935251798486,,Europa,37.0,FTSE 100
200,MSA,MSA Safety Incorporated,United States,USD,Industrials,Security & Protection Services,178.1,6112.257232127703,41.243563941472125,21.885968066421178,14.102656613660546,21.71160026930399,281.52034655728505,0.2366,0.8550216028363002,0.051002502,Igual,461.3847850679431,394.4939584530746,209.14285,7.0,,0.6058394160583942,0.6086956521739131,0.6304347826086957,0.6149899502803343,0.5353430353430353,0.4682952182952183,54.7,25.22532789479769,14.563818337666827,25.545063022289252,205.27,0.15255474452554751,0.1743001122964627,,EE. UU.,,S&P 400 MidCap
201,CBT,Cabot Corporation,United States,USD,Basic Materials,Specialty Chemicals,75.61,3472.8384004676145,27.8707502470862,20.876045129786096,6.7171473359646745,15.116439261452081,229.73918264756847,0.13345,1.4130434782608694,0.09294593,Sube,654.74555054641,925.183930119927,90.33333,6.0,,0.2962962962962963,0.7777777777777778,0.7407407407407407,0.6049382716049382,0.2692307692307693,0.7442827442827443,54.6,28.990644695681596,11.925169937024632,19.08107240311562,105.0,0.38870519772516854,0.19472728475069445,,EE. UU.,,S&P 400 MidCap
202,RMBS,"Rambus, Inc.",United States,USD,Technology,Semiconductors,108.47,10465.992046357029,232.4879722739976,49.08557275287884,34.63352991731012,58.15468298131834,179.96817297962286,0.17789,-2.5375428138586833,0.21100819,Sube,281.562819616477,-714.47770956758,141.57143,7.0,,0.25773195876288657,0.28865979381443296,0.2680412371134021,0.27147766323024053,0.6517671517671517,0.8045738045738046,54.5,65.45886963719407,30.016676755342434,65.32247238810488,121.84,0.12325988752650496,0.3051666820318981,,EE. UU.,,S&P 400 MidCap
203,EHC,Encompass Health Corporation,United States,USD,Healthcare,Medical Care Facilities,122.54,10754.360844512566,99.84381125588052,20.024824111569277,10.128859074298948,52.57795409800428,204.5412574339931,0.24968,1.8685342290446905,0.0031927824,Sube,1301.9295301311531,2432.6998908541304,148.16667,12.0,,0.6779661016949152,0.8135593220338984,0.10169491525423724,0.5310734463276836,0.41476091476091476,0.6902286902286903,54.4,14.085574929093568,8.908194428512985,18.226500581380936,86.2,-0.2965562265382732,0.2091290190958055,,EE. UU.,,S&P 400 MidCap
204,VICR,Vicor Corporation,United States,USD,Technology,Electronic Components,262.32,8025.015299108731,203.60880653994204,62.10150452834578,74.6973077152514,26571.211052960232,0.30201917718818777,0.20131999,-3.8849264434300843,4.401977,Sube,102.1225138865838,-396.73845466754545,393.75,4.0,,0.1649484536082474,0.07216494845360821,0.0,0.0790378006872852,0.70997920997921,0.997920997920998,54.4,36.91840841595243,20.243071055498,29.963057272894208,80.54,-0.692970417810308,0.5010292772186642,P/FCF extremo; Rent. 12m >300%,EE. UU.,,S&P 400 MidCap
205,UNH,UnitedHealth Group Incorporated,United States,USD,Healthcare,Healthcare Plans,370.95,296203.6920642778,1628.8171517171622,23.577595201873205,14.048304455820302,13.717838124728956,21592.59275193775,0.14152999,1.5689067835692079,0.046403408,Sube,23735.415750305776,37238.65478149015,481.72,25.0,,0.47457627118644063,0.4915254237288136,0.9152542372881356,0.6271186440677966,0.2588357588357588,0.7162162162162162,54.3,22.96392665390237,10.388901214949943,13.904605601612303,361.3,-0.026014287639843592,0.29861167273217437,,EE. UU.,,S&P 500
206,FLEX,Flex Ltd.,United States,USD,Technology,Electronic Components,114.74,37711.823589635904,368.4047562862741,43.56823353527235,21.423405431333983,67.7457293581915,556.6671721879686,0.18378,1.4554874134944913,1.0275667,Sube,1888.620714284978,2748.863678506761,160.5,10.0,,0.30927835051546393,0.5051546391752577,0.22680412371134018,0.3470790378006872,0.37422037422037424,0.9667359667359667,54.1,36.91840841595243,20.243071055498,29.963057272894208,97.23,-0.1526058915809656,0.39881471152170134,,EE. UU.,,S&P 500
207,MOG-A,Moog Inc.,United States,USD,Industrials,Aerospace & Defense,362.92,9182.940658353591,89.23415431579856,27.37198723787829,18.028351817434313,30.954716345424924,296.6572381371804,0.18106002,1.7057389153837397,0.7780608,Sube,562.5901143070028,959.631851383641,446.4,5.0,,0.3941605839416058,0.3405797101449275,0.44202898550724634,0.39225642653125986,0.3284823284823285,0.9511434511434511,54.1,31.508485958114548,18.028351817434313,27.794651520363615,362.92,0.0,0.23002314559682557,,EE. UU.,,S&P 400 MidCap
208,AMS.MC,"AMADEUS IT GROUP, S.A.",Spain,EUR,Technology,Information Technology Services,51.28,21536.91674528,35.673085840000006,16.452954773314822,9.746306860169302,7.395284030219997,2912.250112,0.26466998,1.0610154849185367,-0.23177236,Baja,2479.699968,2631.000064,69.155,22.0,,0.8144329896907216,0.8762886597938144,0.9896907216494846,0.8934707903780069,0.5509355509355509,0.059251559251559255,54.0,16.452954773314822,10.744082343340928,13.048015562043062,57.17,0.11485959438377535,0.3485764430577223,,Europa,38.0,IBEX 35
209,ALV,"Autoliv, Inc.",Sweden,USD,Consumer Cyclical,Auto Parts,111.03,7233.806943465782,67.40003125007185,12.646233597993781,6.378144792372504,10.95708713648873,660.1943430180572,0.25858,1.1622834263078003,-0.071650565,Baja,1386.8863521814787,1611.955021313016,134.3125,16.0,,0.75,0.95,0.8333333333333334,0.8444444444444444,0.5239085239085239,0.14656964656964658,53.9,18.29624726583372,7.011412795443594,12.139202089238719,124.51,0.12140862829865795,0.20969557777177328,,EE. UU.,,S&P 400 MidCap
210,BDC,Belden Inc,United States,USD,Technology,Communication Equipment,107.94,3752.42142012182,43.41276285193436,17.277240034651967,11.463476122228768,42.293235461939474,88.72391480899347,0.18643999,2.1885439878367845,-0.040683925,Sube,404.57669832511505,885.433900738287,153.2,5.0,,0.7525773195876289,0.8247422680412371,0.35051546391752575,0.6426116838487972,0.2806652806652806,0.66008316008316,53.9,34.40836762791153,23.58890428124989,41.39963592823426,214.97,0.9915693904020753,0.41930702241986273,,EE. UU.,,S&P 400 MidCap
211,MSI,"Motorola Solutions, Inc.",United States,USD,Technology,Communication Equipment,447.12,65826.46521166305,363.7297317335275,34.67459348198688,22.060824903346038,37.39038913470192,1760.5183239606802,0.91567004,2.370675895836478,-0.020118356,Sube,3343.116661359836,7925.446086055085,526.9091,11.0,,0.4020618556701031,0.4948453608247423,0.4329896907216495,0.443298969072165,0.5332640332640333,0.6735966735966736,53.9,34.40836762791153,23.58890428124989,41.39963592823426,481.82,0.07760780103775278,0.17845119878332438,,EE. UU.,,S&P 500
212,ZTS,Zoetis Inc.,United States,USD,Healthcare,Drug Manufacturers - Specialty & Generic,73.08,26864.477560967724,354.7642364672764,11.451794299232018,9.291043307283212,14.971929495470246,1794.3230075385786,0.64911,1.8639941718129005,-0.48210615,Baja,3617.113212927001,6742.277947683365,96.0,14.0,,0.9661016949152542,0.8813559322033898,0.847457627118644,0.8983050847457626,0.5831600831600832,0.011434511434511435,53.8,17.431767062000567,13.493519478241708,14.7235786452589,111.24,0.5221674876847291,0.31362889983579634,,EE. UU.,,S&P 500
213,AXTA,Axalta Coating Systems Ltd.,United States,USD,Basic Materials,Specialty Chemicals,32.81,6246.767260132058,52.75345697791033,20.120332669255017,9.541872958193744,13.015747330984404,479.93919221691004,0.14344,2.4561049445005043,0.24327397,Sube,881.5935334123536,2165.2862364537527,39.13333,15.0,,0.40740740740740744,0.5555555555555556,0.8888888888888888,0.6172839506172839,0.14656964656964655,0.8212058212058212,53.7,28.990644695681596,11.925169937024632,19.08107240311562,47.27,0.44071929289850664,0.19272569338616274,,EE. UU.,,S&P 400 MidCap
214,DAL,"Delta Air Lines, Inc.",United States,USD,Industrials,Airlines,82.14,48053.65806712319,455.8160973346957,13.675228843992583,9.382730492298423,19.172866992980634,2506.336589343476,0.20125,2.1871587504908057,0.39281523,Baja,6678.226524783633,14606.341581440327,101.27083,24.0,,0.8832116788321168,0.855072463768116,0.7318840579710144,0.8233894001904156,0.3076923076923077,0.38253638253638256,53.6,12.296264008260868,7.319740788756204,19.850707838376096,73.86,-0.10080350620891165,0.2329051619186755,,EE. UU.,,S&P 500
215,BA.L,BAE SYSTEMS PLC ORD 2.5P,United Kingdom,GBp,Industrials,Aerospace & Defense,1836.5,63352.24018871524,123.30298796293238,25.432641726549484,15.638734822645624,18.288738486380733,3464.002737853812,0.18626,1.319744346513093,-0.07894075,Sube,4424.351024907329,5839.012252110855,2322.65,20.0,,0.45985401459854014,0.47101449275362317,0.7463768115942029,0.5590817729821221,0.39397089397089397,0.6424116424116424,53.5,31.508485958114548,18.028351817434313,27.794651520363615,2275.24,0.23890008167710297,0.26471549142390427,,Europa,39.0,FTSE 100
216,IDCC,"InterDigital, Inc.",United States,USD,Technology,Software - Application,328.3,7536.790353208405,64.74727908717288,28.037103909334554,18.281660341391408,14.100264472491721,534.5141126900114,0.26403,-1.674461875868758,-0.05029857,Baja,377.6680795575501,-632.3908009516866,462.66666,3.0,,0.5567010309278351,0.5876288659793815,0.7835051546391752,0.6426116838487972,0.7713097713097713,0.15592515592515593,53.5,28.731085174809465,21.34611630920217,20.268784752061787,378.71,0.15354858361254942,0.4092801096558025,,EE. UU.,,S&P 400 MidCap
217,ODFL,"Old Dominion Freight Line, Inc.",United States,USD,Industrials,Trucking,181.65,33606.8068463868,281.55762172854963,34.681235515287646,20.919360305098152,38.91468125185419,863.6022643712523,0.24818,-0.14718697177265114,0.24299264,Sube,1595.2688594245383,-234.8027925819089,222.38095,21.0,,0.1970802919708029,0.21014492753623193,0.2536231884057971,0.22028280263761066,0.6673596673596673,0.8201663201663202,53.4,25.22532789479769,14.563818337666827,25.545063022289252,126.85,-0.3016790531241399,0.2242276355628956,,EE. UU.,,S&P 500
218,IMI.L,IMI PLC ORD 28 4/7P,United Kingdom,GBp,Industrials,Specialty Industrial Machinery,3032.0,8393.509520749925,26.564511053916476,21.304243757989227,13.897448223637623,22.584864790730645,371.6431158000475,0.35782,1.2037797085415416,0.3200692,Baja,661.2359154304254,795.9823775540369,3250.312,16.0,,0.6131386861313868,0.6231884057971014,0.6231884057971014,0.6198384992418632,0.603950103950104,0.34615384615384615,53.3,26.118976045156405,15.738107918566687,27.328220697674972,3668.79,0.21002308707124007,0.0720026385224275,,Europa,40.0,FTSE 100
219,WKL.AS,WOLTERS KLUWER,Netherlands,EUR,Industrials,Specialty Business Services,71.78,15966.53568402,89.45108752,11.959951249874997,10.282760802220498,12.79498058742976,1247.874944,1.46141,2.0821777723372485,-0.35132664,Baja,1947.000064,4054.000256,89.78125,16.0,,0.9124087591240876,0.8115942028985508,0.8768115942028986,0.8669381854085123,0.5914760914760915,0.02598752598752599,53.2,19.956581930290795,10.957769656932872,16.664074858408142,93.49,0.30245193647255486,0.25078364446921153,,Europa,41.0,AEX
220,OSK,Oshkosh Corporation (Holding Co,United States,USD,Industrials,Farm & Heavy Construction Machinery,127.35,6994.530210165538,80.62276777224125,14.133662741097954,8.214292211736208,10.71138326353145,652.9997142366748,0.12387,0.6708241183283395,0.025197268,Baja,927.2300384325825,622.0082730190895,166.42587,17.0,,0.8759124087591241,0.8985507246376812,0.9202898550724637,0.898250996156423,0.3586278586278586,0.20582120582120583,52.9,28.694871282421147,13.48059553670473,21.037797146969265,250.12,0.9640361209265804,0.3068383981154299,,EE. UU.,,S&P 400 MidCap
221,COLM,Columbia Sportswear Company,United States,USD,Consumer Cyclical,Apparel Manufacturing,56.76,2584.9333798624057,34.29733548052775,14.103205817833292,8.009067158010327,11.389760027321698,226.95240054765694,0.12658,-0.4770829653512769,0.15931368,Baja,304.6061337927923,-145.32239757405316,69.83333,6.0,,0.6666666666666667,0.75,0.8166666666666667,0.7444444444444445,0.4792099792099792,0.28586278586278585,52.7,14.103205817833292,8.68481750461714,13.563959500318656,61.28,0.07963354474982398,0.23032646229739262,,EE. UU.,,S&P 400 MidCap
222,NTGY.MC,"NATURGY ENERGY GROUP, S.A.",Spain,EUR,Utilities,Utilities - Regulated Gas,29.9,27699.167772899997,48.8960082,13.24685170975681,7.884910122792695,15.660307293057102,1768.749952,0.22853,2.3583400534188055,0.1293037,Sube,5011.999744,11819.999744,30.68176,17.0,,0.5,0.5,0.5,0.5,0.3232848232848233,0.7681912681912682,52.7,16.333196096525345,12.07964539699568,30.474067236210693,52.59,0.7588628762541807,0.02614581939799332,,Europa,42.0,IBEX 35
223,EXPO,"Exponent, Inc.",United States,USD,Industrials,Engineering & Construction,69.78,2951.484180727623,32.092755632833885,29.683866346246752,24.171394616693217,43.11817717160967,68.45104256102391,0.31204,0.10223224380013529,0.06909764,Sube,122.62513065480053,12.536242253125012,84.0,3.0,,0.3211678832116789,0.1376811594202898,0.21739130434782605,0.2254134489932649,0.7151767151767152,0.7297297297297297,52.4,23.85289799493428,14.902927300550797,23.62644495949712,42.91,-0.385067354542849,0.2037833190025795,,EE. UU.,,S&P 400 MidCap
224,CVLT,"Commvault Systems, Inc.",United States,USD,Technology,Software - Application,151.0,5567.231283795822,80.8298754436382,91.62707414348462,51.17112197280026,20.603555308783303,270.20731132857003,0.32773998,-0.09980350647222698,-0.112808466,Sube,108.58456779849838,-10.837120615061401,162.31766,17.0,,0.07216494845360821,0.14432989690721654,0.6391752577319587,0.2852233676975945,0.7453222453222452,0.6216216216216216,52.4,28.731085174809465,21.34611630920217,20.268784752061787,63.16,-0.5817218543046359,0.07495139072847667,,EE. UU.,,S&P 400 MidCap
225,CAP.PA,CAPGEMINI,France,EUR,Technology,Information Technology Services,110.85,18401.34387,65.33022344999999,13.382794918909909,8.533358301610466,9.675370048936298,1901.874944,0.12202,2.56470974889996,-0.073517144,Igual,3083.000064,7907.00032,140.50764,17.0,,0.9072164948453608,0.9484536082474226,0.9690721649484536,0.9415807560137458,0.09459459459459457,0.3944906444906445,52.3,16.452954773314822,10.744082343340928,13.048015562043062,149.49,0.348579161028417,0.26754749661705013,,Europa,43.0,CAC 40
226,KRN.DE,KRONES AG                     I,Germany,EUR,Industrials,Specialty Industrial Machinery,104.0,3285.679488,3.386968,11.24893692311906,5.470263293163653,20.997054041950147,156.48288,0.14051,-0.6689100589663275,-0.19290125,Baja,535.199008,-358.0,147.9,10.0,,0.9416058394160584,0.9782608695652174,0.6594202898550725,0.8597623329454495,0.5124740124740125,0.07796257796257797,52.1,26.118976045156405,15.738107918566687,27.328220697674972,241.48,1.3219230769230768,0.42211538461538467,,Europa,44.0,MDAX
227,TT,Trane Technologies plc,Ireland,USD,Industrials,Building Products & Equipment,469.94,91982.5796771917,480.89321692347556,34.47049186130052,24.7646896419784,33.122370537415016,2777.053036505591,0.36643,0.7655974668098422,0.11616182,Sube,3832.7524643771512,2934.3455776363267,526.67365,22.0,,0.21897810218978098,0.1159420289855072,0.3695652173913043,0.2348284495221975,0.6652806652806653,0.7588357588357588,52.1,29.626225539649127,13.88835661866539,30.17029911476915,403.9,-0.14052857811635533,0.12072530535813075,,EE. UU.,,S&P 500
228,OPCH,"Option Care Health, Inc.",United States,USD,Healthcare,Medical Care Facilities,31.05,4137.606871677911,98.4867950219933,22.192842751316945,14.126066963304636,18.16349382733184,227.79796172539082,0.15999,2.644566302356833,0.16248596,Sube,360.37160941436986,953.0266145833411,30.39375,8.0,,0.5593220338983051,0.47457627118644063,0.728813559322034,0.5875706214689266,0.16424116424116422,0.788981288981289,52.1,14.085574929093568,8.908194428512985,18.226500581380936,19.71,-0.3652173913043478,-0.021135265700483075,,EE. UU.,,S&P 400 MidCap
229,DUOL,"Duolingo, Inc.",United States,USD,Technology,Software - Application,151.22,5412.903314247249,154.15039097267393,14.812895998940597,27.128926098098045,20.268784752061787,267.05613486258153,0.3442,-6.857638784003271,-0.53470767,Baja,159.2659726872809,-1092.188511272303,134.2911,18.0,,0.865979381443299,0.3917525773195877,0.6701030927835052,0.6426116838487973,0.8721413721413722,0.004158004158004158,52.0,28.731085174809465,21.34611630920217,20.268784752061787,151.22,0.0,-0.111948816294141,,EE. UU.,,S&P 400 MidCap
230,ROVI.MC,LABORATORIOS FARMACEUTICOS ROVI,Spain,EUR,Healthcare,Drug Manufacturers - Specialty & Generic,58.15,2973.9726024499996,6.33212795,16.059728280556424,16.785103496324997,17.750887423921167,167.539376,0.2865,-0.11582985779353203,0.01636517,Baja,175.964992,-20.382,74.35556,9.0,,0.8305084745762712,0.27118644067796616,0.7457627118644068,0.6158192090395481,0.7162162162162162,0.19750519750519752,52.0,17.431767062000567,13.493519478241708,14.7235786452589,48.23,-0.17059329320722272,0.27868546861564925,,Europa,45.0,IBEX 35
231,SN,"SharkNinja, Inc.",United States,USD,Consumer Cyclical,"Furnishings, Fixtures & Appliances",184.87,23274.489587567798,291.388691680143,37.63256206270183,23.687920185589014,40.96477689319475,568.1585828784108,0.27528,0.11997433782928664,1.0919995,Sube,987.5485007438684,118.4804774510504,209.56416,12.0,,0.01666666666666672,0.033333333333333326,0.1333333333333333,0.061111111111111116,0.6798336798336799,0.9708939708939709,52.0,17.49212070271248,11.379744329289522,19.3503161320983,87.33,-0.5276139990263429,0.13357581002866858,,EE. UU.,,S&P 400 MidCap
232,CHRW,"C.H. Robinson Worldwide, Inc.",United States,USD,Industrials,Integrated Freight & Logistics,141.34,14666.915363949674,241.34733895325675,26.03251082366654,19.627136159131688,34.30391440561839,427.55806787890907,0.37123,1.949282694216977,0.12792277,Sube,829.677392284032,1617.2757825623337,197.47826,23.0,,0.43795620437956206,0.2536231884057971,0.3405797101449275,0.34405303431009554,0.5041580041580042,0.7661122661122661,51.9,26.03251082366654,13.650965546182057,15.608887214124325,93.56,-0.3380500919767936,0.39718593462572516,,EE. UU.,,S&P 500
233,HST,"Host Hotels & Resorts, Inc.",United States,USD,Real Estate,REIT - Hotel & Motel,22.54,13737.828399366019,178.92251629521036,15.036712710282375,11.288910611781546,9.12487101763212,1505.536721869297,0.15558,2.1781711602342453,0.3736875,Igual,1507.8719430433155,3284.403179663324,25.29033,20.0,,0.5,0.5,1.0,0.6666666666666666,0.2162162162162162,0.6211018711018711,51.8,23.955962077769094,17.148486380806,18.65260557154471,37.04,0.6433007985803016,0.12201996450754216,,EE. UU.,,S&P 500
234,MPWR,"Monolithic Power Systems, Inc.",United States,USD,Technology,Semiconductors,1369.8,59884.38149031243,903.1643897862851,83.94091714785618,65.90267087725535,151.50492443974485,395.2635976141429,0.21979,-1.3944338159748362,0.5145283,Sube,889.8507857550751,-1240.8380268286558,1839.8,15.0,,0.1030927835051546,0.08247422680412375,0.061855670103092786,0.08247422680412371,0.6964656964656964,0.9158004158004158,51.7,65.45886963719407,30.016676755342434,65.32247238810488,639.36,-0.533245729303548,0.343115783326033,,EE. UU.,,S&P 500
235,AIR.PA,AIRBUS SE,Netherlands,EUR,Industrials,Aerospace & Defense,187.26,148212.63637013998,179.65143894,24.955824408428736,16.588142151441094,47.37119698935493,3128.75008,0.23193,0.12738780268644187,-0.07207918,Sube,9004.000256,1146.999808,230.95651,23.0,,0.4817518248175182,0.4057971014492754,0.16666666666666663,0.35140519764448674,0.6101871101871101,0.6455301455301455,51.7,31.508485958114548,18.028351817434313,27.794651520363615,203.64,0.08747196411406599,0.23334673715689425,,Europa,46.0,"CAC 40, DAX"
236,BYD,Boyd Gaming Corporation,United States,USD,Consumer Cyclical,Resorts & Casinos,70.0,4524.397598875698,62.56261869858248,2.7987879350778098,6.83591354611283,17.91045232666467,252.61213487835136,0.93084997,2.501219675171482,-0.14152563,Baja,1043.7640427634522,2610.683159996475,95.625,16.0,,1.0,0.9166666666666666,0.5666666666666667,0.8277777777777778,0.5176715176715176,0.10291060291060292,51.7,17.530260319574317,10.477153988026298,16.281154053594165,128.8,0.8400000000000001,0.3660714285714286,PER<4 (¿extraordinario?),EE. UU.,,S&P 400 MidCap
237,PNR,Pentair plc.,United Kingdom,USD,Industrials,Specialty Industrial Machinery,52.3,7425.561807139848,157.69357607196557,13.134664956240316,9.68301124081948,14.950551564927135,496.67477316085484,0.17126,1.6166409277155007,-0.51217234,Igual,920.5580104693275,1488.2117560610693,75.33333,15.0,,0.8978102189781022,0.8405797101449275,0.8188405797101449,0.8524101696110583,0.3264033264033264,0.2572765072765073,51.6,26.118976045156405,15.738107918566687,27.328220697674972,95.6,0.8279158699808795,0.44040783938814543,,EE. UU.,,S&P 500
238,BAH,Booz Allen Hamilton Holding Cor,United States,USD,Industrials,Consulting Services,72.87,7797.491069088553,123.47848642708172,11.353841946256477,9.868657650132201,10.181694091542264,765.8343492725613,0.68637,2.884462004298352,-0.24984556,Baja,1116.4479726079617,3220.3517567635927,84.76923,13.0,,0.9343065693430657,0.8260869565217391,0.9492753623188406,0.9032229627278818,0.4625779625779626,0.05093555093555094,51.5,21.488442062823843,11.477830639070968,18.045462336966025,129.15,0.7723342939481268,0.16329394812680098,,EE. UU.,,S&P 400 MidCap
239,LLY,Eli Lilly and Company,United States,USD,Healthcare,Drug Manufacturers - General,1169.6,927835.6037475246,2589.4796452331975,39.04686406134512,26.1092562894137,94.25177757268212,9844.223924923066,1.02286,1.1019253075879267,0.40325618,Sube,37102.54422680431,40884.232459416,1330.2476,29.0,,0.13559322033898302,0.11864406779661019,0.0,0.0847457627118644,0.7151767151767152,0.8866943866943867,51.4,25.194452991508065,12.765864190436991,20.378210115258447,545.53,-0.5335755813953489,0.1373525991792066,,EE. UU.,,S&P 500
240,PSX,Phillips 66,United States,USD,Energy,Oil & Gas Refining & Marketing,281.6,100438.76954558592,711.6285686474185,15.935539671471616,13.034690101495164,24.839159776545376,4043.5655009726306,0.23452999,1.6590428019610863,1.2215209,Sube,8829.279503918839,14648.1526074791,257.6842,19.0,,0.3870967741935484,0.06451612903225812,0.25806451612903225,0.23655913978494625,0.420997920997921,0.972972972972973,51.3,15.580532978567973,9.99209322304873,14.625130589180621,206.28,-0.267471590909091,-0.08492826704545475,,EE. UU.,,S&P 500
241,GBF.DE,Bilfinger SE                  I,Germany,EUR,Industrials,Engineering & Construction,53.95,1992.8980558500002,7.796800050000001,10.64013911292045,5.626555209562997,15.442417246183414,129.053504,0.14723,-0.02866061293984109,-0.4570158,Baja,352.4,-10.1,84.6,5.0,,0.9562043795620438,0.9710144927536232,0.7971014492753623,0.9081067738636764,0.48336798336798337,0.013513513513513514,51.2,23.85289799493428,14.902927300550797,23.62644495949712,120.94,1.241705282669138,0.568118628359592,,Europa,47.0,MDAX
242,CRS,Carpenter Technology Corporatio,United States,USD,Industrials,Metal Fabrication,387.1,17066.192662367863,251.35620249705323,36.22379323753777,23.6270689827699,80.33971869231483,212.42534751369982,0.25752002,0.40455156148850013,0.6055579,Sube,734.8984760251789,297.30432601150517,612.125,8.0,,0.16058394160583944,0.14492753623188404,0.02898550724637683,0.11149899502803344,0.6237006237006237,0.9303534303534304,51.1,20.391615185586094,11.399545894650824,25.545063022289252,183.28,-0.526530612244898,0.5813097390855075,,EE. UU.,,S&P 400 MidCap
243,KBX.DE,Knorr-Bremse AG               I,Germany,EUR,Consumer Cyclical,Auto Parts,97.8,15765.36,14.474889,26.949333333333332,13.604772360853028,23.6939478769938,665.374976,0.19827999,0.9823858053424271,0.21580553,Sube,1248.999936,1226.999808,119.53333,15.0,,0.16666666666666663,0.3833333333333333,0.41666666666666663,0.3222222222222222,0.46465696465696466,0.8066528066528067,51.0,18.29624726583372,7.011412795443594,12.139202089238719,50.11,-0.48762781186094073,0.22222218813905936,,Europa,48.0,MDAX
244,DCC.L,DCC ENERGY PLC ORD EUR0.25 (CDI,Ireland,GBp,Energy,Oil & Gas Refining & Marketing,6445.0,6490.445848213889,49.15746689150975,20.235619076133354,8.488224041047387,4.207069727221671,1542.747391662593,0.10375,1.5595517827897207,0.33278143,Sube,936.7517478516185,1460.9128583933784,6406.25,8.0,,0.12903225806451613,0.3548387096774194,1.0,0.4946236559139785,0.18607068607068608,0.8523908523908523,50.9,15.580532978567973,9.99209322304873,14.625130589180621,7843.89,0.21705042668735453,-0.006012412723041094,,Europa,49.0,FTSE 100
245,META,"Meta Platforms, Inc.",United States,USD,Communication Services,Internet Content & Information,720.89,1414157.0620101322,12226.006043296667,23.343638840272575,14.698035706051927,73.75349085653586,19174.10343004548,0.29848,0.2011581831846415,0.022104025,Sube,97549.07977800388,19622.795659476913,799.34,58.0,,0.17647058823529416,0.38888888888888884,0.11111111111111116,0.22549019607843138,0.6902286902286903,0.7027027027027027,50.8,17.55070924974179,14.698035706051927,33.71452846927896,541.99,-0.24816546213708057,0.10882381500645044,,EE. UU.,,S&P 500
246,TOST,"Toast, Inc.",United States,USD,Technology,Software - Infrastructure,30.53,13959.975777588987,247.49934378535764,32.28893004115226,29.30696030188679,33.088920462673116,421.892753900416,0.25162,-3.5911948343815507,-0.12721556,Igual,424.33916794923584,-1523.884627965061,38.92308,26.0,,0.44329896907216493,0.35051546391752575,0.4639175257731959,0.41924398625429554,0.7744282744282744,0.3601871101871102,50.8,32.28893004115226,24.336301639705464,27.644413939269086,25.92,-0.1509990173599738,0.2749125450376677,,EE. UU.,,S&P 400 MidCap
247,PAYX,"Paychex, Inc.",United States,USD,Technology,Software - Application,104.46,33080.41419984541,278.38054332397354,20.590099783820595,13.278888352788265,19.705089778296028,1678.7751069412277,0.47055,1.1977581828092763,-0.16798091,Baja,2738.188707050653,3279.687929945872,113.92857,14.0,,0.6701030927835052,0.7628865979381443,0.711340206185567,0.7147766323024055,0.6517671517671517,0.08731808731808732,50.8,28.731085174809465,21.34611630920217,20.268784752061787,145.76,0.39536664752058215,0.09064302125215384,,EE. UU.,,S&P 500
248,CSL,Carlisle Companies Incorporated,United States,USD,Industrials,Building Products & Equipment,321.25,11349.662928020543,156.19923437811474,17.460195247740184,12.338602400901527,19.049501871458673,595.7984100899469,0.39183,1.8320019808745256,-0.008242786,Baja,1080.2412268754936,1979.004067458232,410.375,8.0,,0.7518248175182481,0.6956521739130435,0.7391304347826086,0.7288691420713,0.5395010395010396,0.18087318087318088,50.8,29.626225539649127,13.88835661866539,30.17029911476915,508.79,0.5837821011673152,0.2774319066147859,,EE. UU.,,S&P 400 MidCap
249,AMZN,"Amazon.com, Inc.",United States,USD,Consumer Cyclical,Internet Retail,254.06,2437833.702768592,8856.592840393434,20.256878771056087,16.98528178712562,851.2781681085839,2863.733376582538,0.30558002,0.7616214837282254,0.17419231,Sube,150264.09929564944,114444.3662566379,331.53,58.0,,0.35,0.23333333333333328,0.01666666666666672,0.19999999999999998,0.6288981288981289,0.7941787941787941,50.7,22.712444351500856,17.159000681676503,16.77548587738502,256.78,0.01070613240966689,0.3049279697709202,P/FCF extremo,EE. UU.,,S&P 500
250,ADSK,"Autodesk, Inc.",United States,USD,Technology,Software - Application,233.6,43432.40375950686,445.5458069874771,29.733495736906214,21.16027872418387,15.462359931713873,2808.9117024384736,0.53854,-0.1968504386715414,-0.2425561,Baja,2033.625560267016,-400.3200836322212,307.54147,34.0,,0.5051546391752577,0.5463917525773196,0.7628865979381443,0.6048109965635738,0.8316008316008316,0.05301455301455302,50.7,28.731085174809465,21.34611630920217,20.268784752061787,235.63,0.008690068493150793,0.31653026541095897,,EE. UU.,,S&P 500
251,NEU,NewMarket Corp,United States,USD,Basic Materials,Specialty Chemicals,903.63,7392.707417144061,100.18460907269971,19.251205223885993,12.492621795458254,19.08107240311562,387.4366839013176,0.25123,1.15468975649471,0.15310407,,652.0331390008812,752.895986499409,,,,0.4814814814814815,0.2222222222222222,0.6666666666666667,0.45679012345679015,0.5155925155925156,0.5592515592515592,50.5,28.990644695681596,11.925169937024632,19.08107240311562,903.63,0.0,,,EE. UU.,,S&P 400 MidCap
252,CXT,"Crane NXT, Co.",United States,USD,Industrials,Business Equipment & Supplies,48.18,2467.130719985247,23.512860410930003,19.76695386115467,9.325433027959992,11.565672024010059,213.31494744650746,0.11484,2.874389467317981,-0.26521277,Sube,382.4390111139968,1099.2786654375768,68.71429,7.0,,0.6861313868613139,0.8623188405797102,0.9057971014492754,0.8180824429634331,0.04677754677754675,0.5436590436590436,50.4,25.22532789479769,14.563818337666827,25.545063022289252,87.3,0.8119551681195516,0.42619946035699474,,EE. UU.,,S&P 400 MidCap
253,UHS,"Universal Health Services, Inc.",United States,USD,Healthcare,Medical Care Facilities,175.72,8079.858060258433,123.47474933341198,5.9517786361484895,5.262217419785596,18.226500581380936,443.30276260009646,0.20948,1.8978184534757123,-0.103972256,Baja,2401.575479355389,4557.754262135436,194.94118,17.0,,1.0,1.0,0.711864406779661,0.903954802259887,0.3492723492723493,0.12681912681912683,50.4,14.085574929093568,8.908194428512985,18.226500581380936,366.15,1.0837127247894376,0.1093852720236741,,EE. UU.,,S&P 500
254,FCX,"Freeport-McMoRan, Inc.",United States,USD,Basic Materials,Copper,71.14,90880.00488284315,840.7493980615124,34.795056739175756,11.349935953842559,47.31193255582939,1920.8685837468638,0.14755,0.6572116546078179,0.65920115,Sube,8499.237644175231,5585.7980350334565,77.13636,22.0,,0.03703703703703709,0.37037037037037035,0.33333333333333337,0.2469135802469136,0.4106029106029106,0.9365904365904366,50.3,21.04622607212937,10.305500847000912,25.278062990340636,43.03,-0.3951363508574641,0.08428956986224345,,EE. UU.,,S&P 500
255,PLTR,Palantir Technologies Inc.,United States,USD,Technology,Software - Infrastructure,198.78,406845.8929816768,5911.077779832046,151.6017546338427,168.30656743030593,211.81734973773237,1920.739228799834,0.38097,-3.4543662239548927,0.13303697,Sube,2368.675369456367,-8182.272191763951,200.884,25.0,,0.010309278350515427,0.0,0.030927835051546393,0.01374570446735394,0.8814968814968815,0.7723492723492724,50.2,32.28893004115226,24.336301639705464,27.644413939269086,32.16,-0.8382130999094477,0.010584565851695205,P/FCF extremo,EE. UU.,,S&P 500
256,INTU,Intuit Inc.,United States,USD,Technology,Software - Application,303.88,72242.34282839119,1058.9284536546768,17.78529859909807,12.03514040622704,12.781313746915249,5652.184451369623,0.23596,0.17827423031238884,-0.5265118,Baja,6092.8698828650095,1086.2016887612945,405.6,31.0,,0.7422680412371134,0.8041237113402062,0.8144329896907216,0.7869415807560137,0.6174636174636174,0.005197505197505198,50.2,28.731085174809465,21.34611630920217,20.268784752061787,490.9,0.6154403053837041,0.3347373963406608,,EE. UU.,,S&P 500
257,ILMN,"Illumina, Inc.",United States,USD,Healthcare,Diagnostics & Research,264.57,35539.579587659806,632.3639772541288,48.48309466019417,35.76542664503263,50.08627964009313,709.5671677560781,0.32339,1.1766233668364543,1.8187726,Sube,1027.4879793271994,1208.9663656199546,232.15,20.0,,0.05084745762711862,0.05084745762711862,0.11864406779661019,0.07344632768361581,0.5883575883575883,0.9864864864864865,50.2,33.384229424981505,21.970769966906186,33.00345546894367,174.33,-0.34108175530105445,-0.12253845863098611,,EE. UU.,,S&P 500
258,CIEN,Ciena Corporation,United States,USD,Technology,Communication Equipment,425.93,53732.28523691765,900.9957101441997,92.297652129418,59.53589348914361,95.36394076350044,563.4444718488724,0.22396,0.639542807132306,1.7287452,Sube,912.3194326083956,583.467330931726,512.9907,20.0,,0.061855670103092786,0.09278350515463918,0.15463917525773196,0.10309278350515465,0.551975051975052,0.9854469854469854,50.2,34.40836762791153,23.58890428124989,41.39963592823426,165.97,-0.6103350315779588,0.20440142746460666,,EE. UU.,,S&P 500
259,UTHR,United Therapeutics Corporation,United States,USD,Healthcare,Drug Manufacturers - Specialty & Generic,532.78,20328.517509959518,318.88099592099763,17.431767062000567,13.493519478241708,41.015555463768905,495.62945765580855,0.19315,-1.7793744271353853,0.21086359,Baja,1331.0193625323686,-2368.381815712139,651.8571,14.0,,0.7627118644067796,0.5932203389830508,0.2033898305084746,0.519774011299435,0.6746361746361746,0.30353430353430355,50.1,17.431767062000567,13.493519478241708,14.7235786452589,532.78,0.0,0.22350144524944615,,EE. UU.,,S&P 400 MidCap
260,MSFT,Microsoft Corporation,United States,USD,Technology,Software - Infrastructure,522.61,3452238.7263731603,12872.01502882846,29.014530074262073,20.246576141432634,234.54499963883293,14718.875830604504,0.34039003,0.26755971977394727,0.022800207,Igual,172793.22732978416,46232.50748319302,587.6338,53.0,,0.5257731958762887,0.5670103092783505,0.020618556701030966,0.3711340206185567,0.7130977130977131,0.45374220374220375,49.9,32.28893004115226,24.336301639705464,27.644413939269086,581.59,0.1128566234859647,0.12442127016321902,P/FCF extremo,EE. UU.,,S&P 500
261,MTX.DE,MTU Aero Engines AG           N,Germany,EUR,Industrials,Aerospace & Defense,343.7,18515.3300318,43.3910939,19.655339736518044,13.172941899596104,58.89568051096479,314.375008,0.22635001,0.013503953898896198,-0.088051975,Igual,1407.000064,19.000064,413.35,20.0,,0.6934306569343065,0.6666666666666667,0.10869565217391308,0.4895976585916288,0.6247401247401247,0.3861746361746362,49.9,31.508485958114548,18.028351817434313,27.794651520363615,470.51,0.3689554844340994,0.2026476578411407,,Europa,50.0,DAX
262,ADI,"Analog Devices, Inc.",United States,USD,Technology,Semiconductors,405.93,174984.00361422973,1268.0563784944263,47.56940108742641,29.40164422409387,47.42791916166647,3689.4725028472308,0.12227,0.9879275418056491,0.72389436,Sube,6158.434166527273,6084.0867275092105,470.71875,32.0,,0.2680412371134021,0.3298969072164949,0.31958762886597936,0.30584192439862545,0.3056133056133056,0.9490644490644491,49.9,65.45886963719407,30.016676755342434,65.32247238810488,558.59,0.37607469268100413,0.15960572019806363,,EE. UU.,,S&P 500
263,INGR,Ingredion Incorporated,United States,USD,Consumer Defensive,Packaged Foods,95.11,5335.833778956131,54.611935089441616,10.13178216670608,5.917690733700172,13.117583931265921,406.76955504268636,0.13693,0.720104041594454,-0.20562935,Baja,1026.598322459996,739.2576010975297,120.83333,6.0,,0.9736842105263158,0.9473684210526316,0.8157894736842105,0.912280701754386,0.3700623700623701,0.07484407484407485,49.8,14.039295566362597,8.821863608896443,14.568468706726916,131.79,0.3856587109662495,0.27045873199453263,,EE. UU.,,S&P 400 MidCap
264,UNA.AS,UNILEVER PLC,United Kingdom,EUR,Consumer Defensive,Household & Personal Products,54.62,117626.30788142,56.482760479999996,21.012201713443762,13.221157094593947,17.471091839871306,6732.624896,0.31869,2.405939632960597,0.042997003,Sube,10876.000256,26167.000064,62.225,8.0,,0.2894736842105263,0.26315789473684215,0.631578947368421,0.3947368421052631,0.41580041580041577,0.7141372141372142,49.7,20.97956664826717,13.204359458079086,20.30749355462014,54.54,-0.0014646649578908821,0.13923471255950215,,Europa,51.0,AEX
265,DG.PA,VINCI,France,EUR,Industrials,Engineering & Construction,106.95,59074.71366105,91.412304,11.617445709046299,6.639883409799675,7.319266362446887,8071.124992,0.16318001,2.017448943625436,-0.08045977,Baja,12780.000256,25782.998016,142.95,20.0,,0.927007299270073,0.9420289855072463,0.9855072463768116,0.9515145103847104,0.24740124740124741,0.14137214137214138,49.7,23.85289799493428,14.902927300550797,23.62644495949712,298.13,1.7875642823749414,0.3366058906030853,Potencial múltiplos >150%,Europa,52.0,CAC 40
266,EXE,Expand Energy Corporation,United States,USD,Energy,Oil & Gas E&P,88.86,18300.339801661314,256.17542609260437,7.397133104622984,3.516802100225463,14.029958680320094,1304.3758872455774,0.14893,0.4560333327162823,-0.12672597,Baja,5979.001091465633,2726.6237940553624,123.22222,27.0,,0.935483870967742,0.935483870967742,0.6129032258064516,0.8279569892473119,0.4407484407484408,0.11122661122661123,49.7,13.85207524579136,5.180773519293897,15.07592363569993,137.17,0.5436641908620301,0.3867006527121313,,EE. UU.,,S&P 500
267,AZN.L,ASTRAZENECA PLC ORD SHS $0.25,United Kingdom,GBp,Healthcare,Drug Manufacturers - General,11892.0,217425.92365884836,471.76568309909584,23.397343736550784,13.422423607580846,47.72674452672937,4555.641198973438,0.21965,1.352264269373545,-0.047097504,Sube,18013.508982487147,24359.024563056773,15817.101,23.0,,0.4915254237288136,0.6271186440677966,0.15254237288135597,0.42372881355932207,0.43451143451143454,0.656964656964657,49.7,25.194452991508065,12.765864190436991,20.378210115258447,11245.13,-0.05439539186007403,0.3300623107971745,,Europa,53.0,FTSE 100
268,NVR,"NVR, Inc.",United States,USD,Consumer Cyclical,Residential Construction,6002.55,14300.983709149756,196.98239348044171,14.085224294329684,10.459588750929164,17.505733217916656,816.9314321843473,0.31544,-0.0022653563169328984,-0.19438589,Baja,1366.9645516509925,-3.096661782105923,6395.3335,6.0,,0.7,0.6,0.6,0.6333333333333333,0.7307692307692308,0.07692307692307693,49.6,12.443586389778801,10.441979605617748,16.621673432011555,5699.41,-0.05050187003856699,0.06543610632147989,,EE. UU.,,S&P 500
269,CVX,Chevron Corporation,United States,USD,Energy,Oil & Gas Integrated,211.55,369163.6648747342,1556.4799402883846,20.15332823288772,8.754533702046572,18.91935671528323,19512.485040071177,0.12231,0.5634400984036094,0.42075217,Sube,45068.91054334305,25393.63139148468,225.25,24.0,,0.16129032258064513,0.32258064516129037,0.3870967741935484,0.2903225806451613,0.37422037422037424,0.8918918918918919,49.6,11.02829541847976,5.695995906867232,14.226853693634204,132.56,-0.3733869061687545,0.06476010399432752,,EE. UU.,,S&P 500
270,LDO.MI,LEONARDO,Italy,EUR,Industrials,Aerospace & Defense,45.8,26417.318721599997,89.4924214,23.46120667992895,12.835113364358017,24.183378193628442,1092.37504,0.11893,1.511787412239346,-0.13034028,Sube,2332.999936,3526.999936,68.27895,19.0,,0.5620437956204379,0.6811594202898551,0.5869565217391304,0.6100532458831411,0.2286902286902287,0.6081081081081081,49.5,31.508485958114548,18.028351817434313,27.794651520363615,61.51,0.3430131004366812,0.4908067685589519,,Europa,54.0,FTSE MIB
271,TJX,"TJX Companies, Inc. (The)",United States,USD,Consumer Cyclical,Apparel Retail,138.75,135771.98804235717,902.2556360997243,25.155992383995475,18.07642364852958,34.70146915343873,3912.57175429712,0.62171,0.9337301894014677,-0.011611342,Sube,7920.108258720657,7395.244184495368,169.8,20.0,,0.2666666666666667,0.15000000000000002,0.18333333333333335,0.20000000000000004,0.7047817047817048,0.6777546777546778,49.5,17.769415218662502,12.403559079043978,25.36986506328337,98.01,-0.29362162162162153,0.22378378378378394,,EE. UU.,,S&P 500
272,ROKU,"Roku, Inc.",United States,USD,Communication Services,Entertainment,153.81,18080.710234900715,308.2881913396428,57.21918716133923,31.50532649976934,24.29560602096753,744.1967168588735,0.13122,-3.5977520036892554,0.6714845,Sube,515.0747742286842,-1853.1113010310396,162.3265,20.0,,0.0,0.0,0.33333333333333337,0.11111111111111112,0.5602910602910602,0.9397089397089398,49.4,17.933051336125608,9.578287355136972,15.122681404678609,57.73,-0.6246667966972239,0.0553702620115728,,EE. UU.,,S&P 400 MidCap
273,JD.L,JD SPORTS FASHION PLC ORD 0.05P,United Kingdom,GBp,Consumer Cyclical,Apparel Retail,84.02,4661.718331953072,16.004320565288943,7.036208406441636,5.438317948198778,3.4348308009105937,1357.1900923670605,0.17433001,2.3172848584796917,-0.12142253,Baja,1493.6459172153984,3461.2030678932533,101.872,18.0,,0.95,0.9666666666666667,1.0,0.9722222222222222,0.23492723492723494,0.11642411642411643,49.4,17.769415218662502,12.403559079043978,25.36986506328337,271.53,2.2317305403475363,0.21247322066174723,Potencial múltiplos >150%,Europa,55.0,FTSE 100
274,GME,GameStop Corporation,United States,USD,Consumer Cyclical,Specialty Retail,25.28,11345.766303239981,171.5599064223877,14.277158271654615,23.777550658758404,149.25435959274432,76.01631425841131,0.15786,-1.4375245235270864,0.08497858,Sube,449.95964601409537,-646.8280257428288,,,,0.65,0.01666666666666672,0.033333333333333326,0.23333333333333336,0.5945945945945946,0.7390852390852392,49.3,17.239038161923453,13.66595773722156,26.357986124233555,15.14,-0.4011075949367089,,,EE. UU.,,S&P 400 MidCap
275,ULVR.L,UNILEVER PLC ORD 3.5P,United Kingdom,GBp,Consumer Defensive,Household & Personal Products,4626.0,117443.61678238415,188.96102714965113,20.97956664826717,13.204359458079086,17.44395664344229,6732.624896,0.31869,2.405939632960597,-0.036174834,Sube,10876.000256,26167.000064,5199.2397,14.0,,0.3157894736842105,0.2894736842105263,0.6578947368421053,0.42105263157894735,0.41580041580041577,0.6632016632016632,49.2,20.97956664826717,13.204359458079086,20.30749355462014,4626.0,0.0,0.12391692607003901,,Europa,56.0,FTSE 100
276,LVS,Las Vegas Sands Corp.,United States,USD,Consumer Cyclical,Resorts & Casinos,36.1,20800.63696454601,173.69582376249974,13.539091995308693,7.607245526953285,10.566350407442444,1968.5734584284667,1.22869,2.5669324379642866,-0.27232414,Baja,4126.8541452289555,10593.355772135585,58.75263,19.0,,0.7166666666666667,0.8333333333333334,0.85,0.7999999999999999,0.527027027027027,0.04158004158004158,49.1,17.530260319574317,10.477153988026298,16.281154053594165,55.62,0.540720221606648,0.6274966759002771,,EE. UU.,,S&P 500
277,DY,"Dycom Industries, Inc.",United States,USD,Industrials,Engineering & Construction,277.21,7437.872882727291,143.48942581381132,25.368020671190024,11.864624319028334,25.602891913340766,290.5090920159561,0.19197,2.8935174369536982,-0.025041342,Sube,829.0919928274479,2398.992138084911,520.9091,11.0,,0.46715328467153283,0.7028985507246377,0.5434782608695652,0.5711766987552452,0.20582120582120583,0.6663201663201663,49.0,23.85289799493428,14.902927300550797,23.62644495949712,260.65,-0.05973810468597818,0.8791136683380831,,EE. UU.,,S&P 400 MidCap
278,NDSN,Nordson Corporation,United States,USD,Industrials,Specialty Industrial Machinery,326.87,16196.45826629325,107.88243434484322,32.793900855441706,20.786017998010063,29.661541767999335,546.0423599344714,0.17763,1.7792086508447524,0.43263495,Sube,852.1397763538256,1516.134461817639,349.7143,7.0,,0.26277372262773724,0.21739130434782605,0.47101449275362317,0.3170598399097288,0.316008316008316,0.8939708939708939,49.0,26.118976045156405,15.738107918566687,27.328220697674972,260.34,-0.2035365741732188,0.0698880288799828,,EE. UU.,,S&P 500
279,PH,Parker-Hannifin Corporation,United States,USD,Industrials,Specialty Industrial Machinery,946.96,106239.0597431296,505.3802533476091,32.73668106041667,22.53803181292373,40.32190828505089,2634.7726152265745,0.25076,1.4533897740112995,0.3213519,Sube,5038.694019422373,7323.186362200369,1155.2887,24.0,,0.27007299270072993,0.18840579710144922,0.24637681159420288,0.23495186713212735,0.47297297297297297,0.8471933471933473,49.0,26.118976045156405,15.738107918566687,27.328220697674972,641.8,-0.3222522598631411,0.2199973599729661,,EE. UU.,,S&P 500
280,FORM,"FormFactor, Inc.",United States,USD,Technology,Semiconductor Equipment & Materials,137.13,9530.01276931335,178.67254012855534,92.77872099120947,55.66811360628533,93.2755334719199,102.17055228295543,0.10989001,-1.6904912884828136,2.5954378,Sube,166.14791776748064,-280.8716075854849,153.88889,9.0,,0.05154639175257736,0.1030927835051546,0.1649484536082474,0.10652920962199312,0.4906444906444906,0.9958419958419958,48.9,57.04637964920593,41.89212822862234,82.65535001393664,104.2,-0.24013709618610068,0.12221169692992051,,EE. UU.,,S&P 400 MidCap
281,AAF.L,AIRTEL AFRICA PLC ORD USD0.50,United Kingdom,GBp,Communication Services,Telecom Services,309.6,13227.800518889384,12.97176063562934,20.854672093669063,6.963870196238003,11.2020954678492,1180.8326894601194,0.26409,1.9251101554703323,0.33789563,Baja,2625.209458649689,5053.81738908329,406.77487,6.0,,0.2941176470588235,0.7777777777777778,0.8333333333333334,0.6350762527233115,0.42515592515592515,0.35654885654885654,48.9,12.686646298205805,7.307669928744442,7.921230021444263,218.92,-0.2928940568475453,0.313872319121447,,Europa,57.0,FTSE 100
282,MNST,Monster Beverage Corporation,United States,USD,Consumer Defensive,Beverages - Non-Alcoholic,43.65,76072.011664159,404.37337278783235,40.1907292275345,28.018206716974394,50.863090324196136,1495.6230771524847,0.25704,-1.1339803805461033,0.25395,Sube,2609.478712855448,-2959.097663830777,50.02174,23.0,,0.02631578947368418,0.02631578947368418,0.07894736842105265,0.04385964912280701,0.7390852390852392,0.8264033264033264,48.7,23.296840306101117,12.924920986283178,23.41756250634549,21.05,-0.5177548682703321,0.14597342497136312,,EE. UU.,,S&P 500
283,CSX,CSX Corporation,United States,USD,Industrials,Railroads,47.34,78014.50033045221,470.68745728357493,27.209482106538363,15.481944431552565,44.897560688952815,1737.611111457285,0.24357,2.6439760888282144,0.2984743,Sube,6076.857197943263,16067.065126585612,52.79873,23.0,,0.4014598540145985,0.4782608695652174,0.2028985507246377,0.3608730914348179,0.30665280665280664,0.8357588357588357,48.7,25.22532789479769,14.563818337666827,25.545063022289252,43.89,-0.07287705956907486,0.1153090409801436,,EE. UU.,,S&P 500
284,FGR.PA,EIFFAGE,France,EUR,Industrials,Engineering & Construction,98.98,9616.89917552,24.559610460000002,9.081113480188858,5.286535740484469,4.705804325036234,2043.62496,0.17677,2.806035525299529,-0.103304684,Baja,3876.999936,10878.999552,156.35294,17.0,,0.9708029197080292,0.9855072463768116,1.0,0.9854367220282803,0.18139293139293136,0.12785862785862787,48.7,23.85289799493428,14.902927300550797,23.62644495949712,482.71,3.876843806829662,0.5796417458072336,Potencial múltiplos >150%,Europa,58.0,CAC 40
285,HAS,"Hasbro, Inc.",United States,USD,Consumer Cyclical,Leisure,92.5,11606.266223863038,154.0704439789044,16.429434231509752,11.957094264539329,18.958966641221444,612.1782079951641,1.5956,1.9227812052438067,0.30373502,Baja,1156.6577757020748,2223.9998320190557,110.61538,13.0,,0.4833333333333333,0.4666666666666667,0.55,0.5,0.6133056133056133,0.3388773388773389,48.6,16.297594691397258,11.303727575745384,20.083836546676352,91.76,-0.007999999999999896,0.19584194594594595,,EE. UU.,,S&P 500
286,TEN.MI,TENARIS,Luxembourg,EUR,Energy,Oil & Gas Equipment & Services,25.25,25493.403839,33.74053975,14.984940324286839,9.599753585443551,33.12598342900885,769.5893434721428,0.115839995,-0.8519104567885063,0.69466174,Igual,2439.1717659493033,-2077.9559333154984,27.96946,14.0,,0.5161290322580645,0.29032258064516125,0.19354838709677424,0.3333333333333333,0.4792099792099792,0.6949064449064449,48.6,18.051534301453483,8.82194561713861,13.222100750270977,23.37,-0.07445544554455441,0.10770138613861402,,Europa,59.0,FTSE MIB
287,IEX,IDEX Corporation,United States,USD,Industrials,Specialty Industrial Machinery,231.75,15198.446466906851,132.45427672199526,32.88659460635226,18.961234441210603,30.74910394021387,494.27282487507637,0.12955,1.3063967198560453,0.43801188,Sube,860.8658265107382,1124.6322919897918,255.92857,14.0,,0.25547445255474455,0.28985507246376807,0.4492753623188406,0.3315349624457844,0.27546777546777546,0.896049896049896,48.4,26.118976045156405,15.738107918566687,27.328220697674972,189.44,-0.18256742179072272,0.10433039913700104,,EE. UU.,,S&P 500
288,LDOS,"Leidos Holdings, Inc.",United States,USD,Technology,Information Technology Services,119.22,13309.465751972073,146.08538695783176,10.872951422223837,8.728455042711065,13.048015562043062,1020.0375443059382,0.27781,2.4475229045831517,-0.36595225,Baja,2119.0271538165475,5186.367494399646,152.06667,15.0,,0.979381443298969,0.9278350515463918,0.8041237113402062,0.9037800687285223,0.3794178794178794,0.02390852390852391,48.3,16.452954773314822,10.744082343340928,13.048015562043062,157.48,0.32091930884079845,0.27551308505284333,,EE. UU.,,S&P 500
289,CR,Crane Company,United States,USD,Industrials,Specialty Industrial Machinery,202.12,10392.847251536705,76.13163238602122,34.75932149574531,16.668328766363146,32.11713385799548,323.5919897923715,0.16521999,1.024772319228709,0.15477347,Sube,664.3532298207324,680.8108001104754,237.2,10.0,,0.1897810218978102,0.3913043478260869,0.39855072463768115,0.32654536478719276,0.3908523908523909,0.7817047817047817,48.2,26.118976045156405,15.738107918566687,27.328220697674972,171.98,-0.14911933504848607,0.17356026123095192,,EE. UU.,,S&P 400 MidCap
290,RDDT,"Reddit, Inc.",United States,USD,Communication Services,Internet Content & Information,156.47,20336.93741340906,815.1578670447063,26.243714329492356,25.071555453686504,33.71452846927896,603.2099019845494,0.30712,-3.4503198554772494,-0.21193653,Sube,713.0294622273675,-2460.1797110633515,213.70909,33.0,,0.11764705882352944,0.11111111111111116,0.2222222222222222,0.15032679738562094,0.8357588357588357,0.5696465696465697,48.2,17.55070924974179,14.698035706051927,33.71452846927896,104.64,-0.33124560618648946,0.365815108327475,,EE. UU.,,S&P 500
291,CAT,"Caterpillar, Inc.",United States,USD,Industrials,Farm & Heavy Construction Machinery,796.18,325579.30010779615,1877.1766289765608,33.749902663596906,24.932924705134546,72.48642459163224,4491.590003811289,0.56972003,2.412220905491749,0.6264889,Sube,14456.888337253482,34873.208275482706,970.79846,26.0,,0.23357664233576647,0.10144927536231885,0.05797101449275366,0.13099897739694633,0.49896049896049893,0.9313929313929314,48.2,28.694871282421147,13.48059553670473,21.037797146969265,391.3,-0.5085282222612977,0.2193203295737145,,EE. UU.,,S&P 500
292,SPX.L,SPIRAX GROUP PLC ORD 26 12/13P,United Kingdom,GBp,Industrials,Specialty Industrial Machinery,7015.0,6102.823592960672,17.097543204703445,26.118976045156405,15.220592312855663,31.808178507834096,191.86334707778366,0.16620001,1.8300567408173822,0.02439022,Sube,455.7564975746307,834.060250557774,8100.278,18.0,,0.43065693430656937,0.5144927536231885,0.4057971014492754,0.4503155964596777,0.29002079002079,0.7047817047817048,47.9,26.118976045156405,15.738107918566687,27.328220697674972,7015.0,0.0,0.15470819672131153,,Europa,60.0,FTSE 100
293,ROK,"Rockwell Automation, Inc.",United States,USD,Industrials,Specialty Industrial Machinery,434.14,42975.215184780405,290.06834211337434,40.29063500985768,24.59009268232314,37.04992888905456,1159.9270625719423,0.30629,1.4980879235181646,0.300794,Sube,1861.0430594335457,2788.0061324846924,477.1154,26.0,,0.10948905109489049,0.12318840579710144,0.28260869565217395,0.1717620508480553,0.5311850311850312,0.8378378378378378,47.9,26.118976045156405,15.738107918566687,27.328220697674972,281.44,-0.3517298567282443,0.09898972681623452,,EE. UU.,,S&P 500
294,BOSS.DE,HUGO BOSS AG                  N,Germany,EUR,Consumer Cyclical,Apparel Manufacturing,37.9,2615.7127293,10.5160372,12.027371387253998,6.985886811307471,6.068062768151531,431.06224,0.14831,1.617315926788689,-0.08234149,Baja,487.227008,788.0,40.11667,12.0,,0.7833333333333333,0.8833333333333333,0.9833333333333333,0.8833333333333333,0.27650727650727647,0.1392931392931393,47.8,14.103205817833292,8.68481750461714,13.563959500318656,49.89,0.31635883905013196,0.05848733509234827,,Europa,61.0,MDAX
295,GE,GE Aerospace,United States,USD,Industrials,Aerospace & Defense,305.62,282092.0098997409,1086.59699800606,35.37481752331696,28.510394618223092,48.084592235196055,5866.577978241864,0.48231998,0.895671939037622,0.048475027,Sube,10215.275857626739,9149.535935204749,394.66666,21.0,,0.18248175182481752,0.07246376811594202,0.15217391304347827,0.1357064776614126,0.6933471933471933,0.7172557172557172,47.7,31.508485958114548,18.028351817434313,27.794651520363615,189.61,-0.37958903213140494,0.2913639814148288,,EE. UU.,,S&P 500
296,MMS,"Maximus, Inc.",United States,USD,Industrials,Specialty Business Services,58.77,2737.3574679959333,34.41877409125937,8.296504501743023,6.869777738766286,8.690465318610451,314.9839931049422,0.21112,2.422097090196077,-0.3127923,Baja,615.457287581092,1490.6973053901331,92.5,2.0,,0.9781021897810219,0.9347826086956522,0.9637681159420289,0.9588843048062343,0.2785862785862786,0.029106029106029108,47.6,19.956581930290795,10.957769656932872,16.664074858408142,112.79,0.9191764505700186,0.5739322783733196,<3 analistas,EE. UU.,,S&P 400 MidCap
297,JBHT,"J.B. Hunt Transport Services, I",United States,USD,Industrials,Integrated Freight & Logistics,228.42,19083.742564517375,207.73891060367114,31.804137260777463,13.650965546182057,23.75567756966727,803.3339612625779,0.18448,0.8358452949125255,0.6662047,Baja,1489.1582903895765,1244.7059504021076,283.13043,23.0,,0.2992700729927007,0.6521739130434783,0.6014492753623188,0.5176310871328326,0.4563409563409563,0.4386694386694387,47.6,26.03251082366654,13.650965546182057,15.608887214124325,186.97,-0.18146396988004554,0.23951681113737844,,EE. UU.,,S&P 500
298,FAST,Fastenal Company,United States,USD,Industrials,Industrial Distribution,50.49,51540.88693616596,334.4082674457432,42.84975507134248,29.76106385041999,63.24153687182677,814.9847313265835,0.34334,0.12114390756811529,0.10288334,Sube,1738.901017126257,210.65726408884495,48.83846,13.0,,0.08029197080291972,0.050724637681159424,0.09420289855072461,0.07507316901160126,0.7318087318087318,0.7505197505197505,47.5,26.838640033630597,15.754904066867667,42.54364827407968,31.62,-0.3737373737373737,-0.03271023965141617,,EE. UU.,,S&P 500
299,G24.DE,Scout24 SE                    N,Germany,EUR,Communication Services,Internet Content & Information,71.25,4961.86631625,32.1974475,17.55070924974179,15.40240230875022,18.91936650828521,262.263872,0.22818,1.781678276528461,-0.3240469,Sube,364.288,649.044016,106.12105,19.0,,0.5294117647058824,0.33333333333333337,0.6111111111111112,0.491285403050109,0.4002079002079002,0.5280665280665281,47.5,17.55070924974179,14.698035706051927,33.71452846927896,71.25,0.0,0.489418245614035,,Europa,62.0,"DAX, MDAX"
300,BE,Bloom Energy Corporation,United States,USD,Industrials,Electrical Equipment & Parts,272.82,71481.9793974707,3773.7318343371185,328.04888722930326,192.24602074106286,151.14236661475258,472.944687836412,0.22213,0.234573274708469,2.140555,Sube,372.27977988133375,87.32688707451248,283.77692,26.0,,0.0,0.0,0.007246376811594235,0.0024154589371980784,0.5841995841995842,0.9927234927234927,47.4,27.888745562291806,19.979217038644048,50.65746354823736,28.05,-0.897184957114581,0.040161718349094766,,EE. UU.,,S&P 500
301,MRVL,"Marvell Technology, Inc.",United States,USD,Technology,Semiconductors,274.66,214266.07168951366,5473.92687979923,91.2370439355037,84.97701001732203,100.02145783031774,2142.2010470294,0.16523,0.47479213190893776,2.20827,Sube,2535.6266030799725,1203.8955606013578,337.9938,44.0,,0.08247422680412375,0.04123711340206182,0.134020618556701,0.08591065292096219,0.4719334719334719,0.9937629937629937,47.4,65.45886963719407,30.016676755342434,65.32247238810488,179.38,-0.3469016238258211,0.2305898201412655,,EE. UU.,,S&P 500
302,IDXX,"IDEXX Laboratories, Inc.",United States,USD,Healthcare,Diagnostics & Research,513.14,35962.737246126184,252.87407896634247,35.47188286153058,25.4826862800738,44.454747465951044,808.974053303776,0.74211,0.5544529525990705,-0.16718334,Sube,1442.6508599183294,799.8820288513058,701.3333,12.0,,0.15254237288135597,0.13559322033898302,0.18644067796610164,0.1581920903954802,0.7775467775467775,0.5883575883575883,47.3,33.384229424981505,21.970769966906186,33.00345546894367,440.85,-0.14087773317223362,0.36674845071520457,,EE. UU.,,S&P 500
303,DGX,Quest Diagnostics Incorporated,United States,USD,Healthcare,Diagnostics & Research,230.81,22662.803125391045,214.27267258632952,24.07871003931947,13.792266871584358,28.006348274780972,809.2023602305318,0.14602,2.5498676391805195,0.25392509,Sube,2015.8333338732807,5140.108184024859,248.8,15.0,,0.423728813559322,0.5254237288135593,0.4067796610169492,0.4519774011299435,0.14656964656964658,0.8253638253638254,47.2,33.384229424981505,21.970769966906186,33.00345546894367,320.01,0.3864650578397817,0.07794289675490673,,EE. UU.,,S&P 500
304,PCAR,PACCAR Inc.,United States,USD,Industrials,Farm & Heavy Construction Machinery,109.66,51348.758513200424,326.72422946913434,23.04974930962541,19.522581638063805,29.697311409208986,1729.0709521023318,0.12755999,1.8794778088479156,0.17913973,Sube,2910.4152540422087,5470.0608845048,140.0625,16.0,,0.5693430656934306,0.2681159420289855,0.46376811594202894,0.433742374554815,0.19438669438669437,0.7952182952182952,47.0,28.694871282421147,13.48059553670473,21.037797146969265,77.68,-0.2916286704358927,0.2772432974648915,,EE. UU.,,S&P 500
305,CTAS,Cintas Corporation,United States,USD,Industrials,Specialty Business Services,201.12,71480.11880301872,377.46140955152805,39.11488907040643,26.674188204941945,49.50745289982143,1443.8254165016142,0.41375,0.7948198786878368,0.07001495,Sube,2762.0503677635575,2195.3325382355256,218.3125,16.0,,0.11678832116788318,0.08695652173913049,0.14492753623188404,0.11622412637963257,0.6808731808731809,0.7318087318087318,47.0,19.956581930290795,10.957769656932872,16.664074858408142,78.98,-0.6072991249005568,0.08548379077167856,,EE. UU.,,S&P 500
306,TEL,TE Connectivity plc,Ireland,USD,Technology,Electronic Components,214.31,55195.743703538086,416.656586318885,20.558509782693587,13.456792332750009,26.55066260723175,2078.8838500966117,0.23290001,0.9248636131708199,-0.029803097,Baja,4404.409324264933,4073.477921522916,250.73685,19.0,,0.6804123711340206,0.7422680412371134,0.5463917525773196,0.6563573883161512,0.5207900207900207,0.1652806652806653,46.8,36.91840841595243,20.243071055498,29.963057272894208,330.36,0.5415052960664459,0.1699727030936493,,EE. UU.,,S&P 500
307,BTSG,"BrightSpring Health Services, I",United States,USD,Healthcare,Health Information Services,63.66,11205.43418664286,180.86194579441928,50.6844031103649,23.02631390687731,12.247724829577054,914.8992439463399,0.13036,2.931106201317925,1.2447109,Sube,557.6172364490093,1634.435339717455,78.94118,17.0,,0.03389830508474578,0.18644067796610164,0.9322033898305084,0.384180790960452,0.07172557172557173,0.975051975051975,46.8,24.537092492741063,13.79115467704461,23.1141365201509,34.4,-0.4596292805529375,0.24004366949418787,,EE. UU.,,S&P 400 MidCap
308,DVN,Devon Energy Corporation,United States,USD,Energy,Oil & Gas E&P,48.92,47871.151584243766,474.6385077079641,16.40609756097561,7.25627502626553,68.75834320370517,696.2231687639638,0.11522,1.2262438231826063,0.5052308,Sube,7938.790028112804,9734.892235516996,60.57143,28.0,,0.3548387096774194,0.4193548387096774,0.09677419354838712,0.2903225806451613,0.2557172557172557,0.9126819126819127,46.7,13.85207524579136,5.180773519293897,15.07592363569993,32.08,-0.3442354865085855,0.23817313982011434,,EE. UU.,,S&P 500
309,WST,"West Pharmaceutical Services, I",United States,USD,Healthcare,Medical Instruments & Supplies,363.27,22742.980845923685,202.19494843764414,45.25651355983082,27.89531140291603,91.98255972587276,247.25318488311825,0.19087,-0.13078272308704228,0.38774502,Sube,811.493058707113,-106.12927198394931,412.25,16.0,,0.10169491525423724,0.0847457627118644,0.016949152542372836,0.0677966101694915,0.5821205821205822,0.8804573804573805,46.6,26.30240004743095,13.494479100300703,23.1141365201509,176.61,-0.5138326864315798,0.13483084207338902,,EE. UU.,,S&P 500
310,SGE.L,THE SAGE GROUP PLC ORD 1 4/77P,United Kingdom,GBp,Technology,Software - Application,1027.5,10908.369121702379,35.509388444310254,24.034111772532466,17.183918582148564,14.635244391599699,745.3492972050086,0.75564003,2.4025559105431316,-0.08093524,Baja,737.981291985822,1773.0413149307933,1131.056,18.0,,0.5979381443298969,0.6391752577319587,0.7731958762886598,0.6701030927835051,0.5176715176715176,0.14033264033264034,46.5,28.731085174809465,21.34611630920217,20.268784752061787,1316.83,0.2815863746958638,0.10078442822384437,,Europa,63.0,FTSE 100
311,VRTX,Vertex Pharmaceuticals Incorpor,United States,USD,Healthcare,Biotechnology,503.25,113472.21664799814,514.2543364650527,28.955374037339478,23.85636910859794,48.53868530236264,2337.768646619583,0.23542999,-1.151808678533061,0.23409104,Igual,4537.40442881808,-5226.221799127011,571.6071,28.0,,0.288135593220339,0.1694915254237288,0.13559322033898302,0.19774011299435026,0.7130977130977132,0.568087318087318,46.3,29.548698730581847,18.202249481561733,48.53868530236264,503.25,0.0,0.1358312965722801,,EE. UU.,,S&P 500
312,LSTR,"Landstar System, Inc.",United States,USD,Industrials,Integrated Freight & Logistics,169.47,5116.347802262704,64.18854454345467,43.669964690316554,22.631737859726915,59.4806012210623,86.01708283424321,0.14977999,-0.8517362601466674,0.2923149,Sube,217.87014034404916,-185.56789853427,188.1875,16.0,,0.07299270072992703,0.17391304347826086,0.10144927536231885,0.11611833985683558,0.5550935550935552,0.8326403326403327,46.3,26.03251082366654,13.650965546182057,15.608887214124325,101.02,-0.4039062960996047,0.11044727680415423,,EE. UU.,,S&P 400 MidCap
313,HL,Hecla Mining Company,United States,USD,Basic Materials,Other Precious Metals & Mining,16.73,9997.934177566423,566.0422601955709,20.34328141017682,11.113966631295723,32.828563342156954,304.5498541426432,0.22173999,-0.4784622803114007,0.33413076,Baja,862.4537837411982,-412.6516040320093,23.075,10.0,,0.37037037037037035,0.40740740740740744,0.40740740740740744,0.3950617283950617,0.658004158004158,0.35446985446985446,46.2,21.04622607212937,10.305500847000912,25.278062990340636,15.56,-0.06993424985056784,0.3792588164973101,,EE. UU.,,S&P 400 MidCap
314,NYT,New York Times Company (The),United States,USD,Communication Services,Publishing,66.6,9509.370127692027,147.7603570430316,27.211839437140494,17.986758367961418,23.241452289238637,409.15559016486674,0.19724001,-1.1851876849705674,0.21844125,Igual,496.0044275858867,-587.8583392656684,78.55556,9.0,,0.05882352941176472,0.2222222222222222,0.4444444444444444,0.24183006535947713,0.66008316008316,0.5587318087318087,46.2,17.846772481846507,8.914232926481677,11.738554138504979,35.08,-0.4732732732732733,0.17951291291291294,,EE. UU.,,S&P 400 MidCap
315,AME,"AMETEK, Inc.",United States,USD,Industrials,Specialty Industrial Machinery,247.52,50481.898862048656,290.31029945292306,36.0006501696481,23.418508020442477,38.02836928982288,1327.479978889302,0.14562,0.7260011451340148,0.3806336,Sube,2224.6065249396315,1615.0668845787736,280.27777,18.0,,0.17518248175182483,0.1594202898550725,0.2753623188405797,0.20332169681582568,0.3913721413721414,0.8762993762993763,46.2,26.118976045156405,15.738107918566687,27.328220697674972,177.87,-0.2813914027149321,0.13234393180349047,,EE. UU.,,S&P 500
316,ADS.DE,adidas AG                     N,Germany,EUR,Consumer Cyclical,Footwear & Accessories,146.5,25646.7117735,99.1648245,18.571117278820786,11.284801668731232,26.931335620809893,952.300032,0.24324,1.6576576096096096,-0.21733332,Sube,2664.0,4415.999872,196.07587,29.0,,0.4,0.5,0.30000000000000004,0.4000000000000001,0.4365904365904366,0.5665280665280665,46.1,17.49212070271248,11.379744329289522,19.3503161320983,137.99,-0.05808873720136509,0.338401843003413,,Europa,64.0,DAX
317,EMR,Emerson Electric Company,United States,USD,Industrials,Specialty Industrial Machinery,159.06,78928.5690912458,365.88231065766104,34.442417701863356,16.56415822123015,23.93893244735863,3297.0797367346513,0.128,1.9184550395447746,0.2105223,Sube,5389.196279079784,10338.93076069656,173.6782,28.0,,0.22627737226277367,0.4130434782608695,0.5942028985507246,0.41117458302478926,0.1871101871101871,0.8024948024948024,46.1,26.118976045156405,15.738107918566687,27.328220697674972,150.09,-0.056393813655224445,0.09190368414434813,,EE. UU.,,S&P 500
318,STLD,"Steel Dynamics, Inc.",United States,USD,Basic Materials,Steel,234.17,29857.765636060543,230.84737478229758,20.882455837213104,13.980105718602214,143.3150839477998,208.3365184849332,0.17568001,1.430515404610016,0.65807545,Sube,2379.182498313953,3403.457214216653,270.96072,14.0,,0.2592592592592593,0.18518518518518523,0.11111111111111116,0.18518518518518523,0.3555093555093555,0.9355509355509355,46.1,23.99053177007619,13.980105718602214,81.71674534749133,234.17,0.0,0.15711115856002045,,EE. UU.,,S&P 500
319,UAL,"United Airlines Holdings, Inc.",United States,USD,Industrials,Airlines,107.44,31023.267957271095,369.72896160155165,9.975194640640732,7.319740788756204,38.31702323330992,809.6471317297378,0.23252001,2.4017769743535724,0.1114099,Baja,6308.152952735662,15150.776512581013,152.8261,23.0,,0.9635036496350365,0.927536231884058,0.2681159420289855,0.71971860784936,0.3191268191268191,0.25467775467775466,46.0,12.296264008260868,7.319740788756204,19.850707838376096,107.44,0.0,0.4224320551005212,,EE. UU.,,S&P 500
320,RKT.L,RECKITT BENCKISER GROUP PLC ORD,United Kingdom,GBp,Consumer Defensive,Household & Personal Products,5072.0,37895.17814666634,88.94338662013926,11.12667496549228,11.56572755175122,10.389451174321348,3647.466792117794,0.48021,2.6116991068809234,-0.14988554,Baja,4232.193183211992,11053.21515674229,6286.421,19.0,,0.8947368421052632,0.368421052631579,0.9210526315789473,0.7280701754385964,0.46465696465696466,0.09667359667359668,46.0,20.97956664826717,13.204359458079086,20.30749355462014,9563.36,0.8855205047318613,0.23943631703470047,,Europa,65.0,FTSE 100
321,CPRT,"Copart, Inc.",United States,USD,Industrials,Specialty Business Services,27.48,22645.265195906355,261.8730895898061,17.15022310238077,11.281435215563182,28.75938982819773,787.4042297553666,0.1616,-2.3584216938679767,-0.37374657,Baja,1660.2274749853489,-3915.5164937611007,39.0,10.0,,0.7591240875912408,0.7536231884057971,0.49275362318840576,0.6685002997284814,0.6195426195426195,0.02182952182952183,46.0,19.956581930290795,10.957769656932872,16.664074858408142,26.83,-0.02365356622998549,0.4192139737991265,,EE. UU.,,S&P 500
322,KO,Coca-Cola Company (The),United States,USD,Consumer Defensive,Beverages - Non-Alcoholic,87.77,335943.84560871805,1237.9410498071472,26.37850938147608,23.857204086791175,72.3611498024326,4642.599606638982,0.42054,1.6407812376785502,0.3092184,Sube,15121.419316257588,24810.941101185465,94.43478,23.0,,0.1842105263157895,0.052631578947368474,0.02631578947368418,0.08771929824561404,0.5706860706860707,0.843035343035343,45.9,23.296840306101117,12.924920986283178,23.41756250634549,44.58,-0.49208157684858156,0.07593460180015965,,EE. UU.,,S&P 500
323,STE,STERIS plc (Ireland),United States,USD,Healthcare,Medical Devices,210.76,18280.498603386113,127.73160564164733,25.52686109763975,13.478405109971938,25.722977938452008,710.6680512313272,0.11389,0.9522706482612989,-0.10630536,Sube,1459.3886613037064,1389.7329865648696,263.125,8.0,,0.3389830508474576,0.6101694915254237,0.44067796610169496,0.46327683615819204,0.2858627858627859,0.6237006237006237,45.8,23.482717897143893,15.3969618186501,24.853646091789635,203.64,-0.033782501423419986,0.24845796166255463,,EE. UU.,,S&P 500
324,SU.PA,SCHNEIDER ELECTRIC SE,France,EUR,Industrials,Specialty Industrial Machinery,261.1,147077.9461921,222.60054390000002,31.042201385711646,19.17250888993552,27.36461054007368,5374.750208,0.18620001,1.9118649166012622,0.037920475,Sube,8520.999936,16291.000832,329.10953,21.0,,0.3065693430656934,0.28260869565217395,0.5217391304347826,0.3703057230508833,0.3139293139293139,0.7130977130977131,45.6,26.118976045156405,15.738107918566687,27.328220697674972,219.69,-0.1585982382229032,0.2604731137495211,,Europa,66.0,CAC 40
325,KVUE,Kenvue Inc.,United States,USD,Consumer Defensive,Household & Personal Products,17.73,30295.604663534443,346.1080429012474,20.539996121779254,11.938613767877415,17.8533750975633,1696.9119002977372,0.15581,2.1554152053853985,0.064864874,Sube,3096.697309168938,6674.668466658777,19.5,12.0,,0.3421052631578947,0.3421052631578947,0.6052631578947368,0.4298245614035087,0.22141372141372143,0.7266112266112266,45.6,20.97956664826717,13.204359458079086,20.30749355462014,20.02,0.129159616469261,0.09983079526226724,,EE. UU.,,S&P 500
326,JNJ,Johnson & Johnson,United States,USD,Healthcare,Drug Manufacturers - General,256.48,549853.527173265,1599.841055067676,29.38112713192216,18.535466400906206,36.60563885466547,15021.006172200294,0.25742,0.8109085010557138,0.34479868,Igual,31022.12931234257,25156.108380228234,279.63635,22.0,,0.27118644067796616,0.22033898305084743,0.288135593220339,0.2598870056497175,0.5623700623700624,0.6086278586278586,45.5,25.194452991508065,12.765864190436991,20.378210115258447,172.99,-0.3255224578914535,0.0902852074235807,,EE. UU.,,S&P 500
327,NBIX,"Neurocrine Biosciences, Inc.",United States,USD,Healthcare,Drug Manufacturers - Specialty & Generic,141.25,12772.828522991415,163.12698384685484,20.351447434448875,15.799570044712846,22.496244307589297,567.7760406737045,0.22089,0.07861601063802945,0.033813953,Baja,812.4715901660036,63.87327517558724,207.29414,29.0,,0.6610169491525424,0.3728813559322034,0.5423728813559322,0.5254237288135593,0.606029106029106,0.21101871101871103,45.5,17.431767062000567,13.493519478241708,14.7235786452589,120.53,-0.1466902654867257,0.46756913274336287,,EE. UU.,,S&P 400 MidCap
328,PHM,"PulteGroup, Inc.",United States,USD,Consumer Cyclical,Residential Construction,113.53,19238.41311456097,166.16645319590464,11.343576582070341,8.268582811532601,20.05160599960967,959.4449998137541,0.14901,0.4154020960412088,-0.05423194,Baja,2449.760652599114,1017.6357098889515,137.58824,17.0,,0.8,0.7166666666666667,0.5333333333333333,0.6833333333333332,0.44386694386694386,0.15384615384615385,45.3,12.443586389778801,10.441979605617748,16.621673432011555,124.54,0.09697877213071449,0.21191086056548936,,EE. UU.,,S&P 500
329,GGG,Graco Inc.,United States,USD,Industrials,Specialty Industrial Machinery,78.37,11291.088075021209,125.95836859535774,23.788527343144388,16.648967633240524,23.652200786583865,477.380019597407,0.21240999,-0.6195431798281208,-0.023183346,Baja,653.8541856473356,-405.0909013198767,91.28571,7.0,,0.5401459854014599,0.39855072463768115,0.6086956521739131,0.5157974540710181,0.6528066528066528,0.1704781704781705,45.3,26.118976045156405,15.738107918566687,27.328220697674972,86.05,0.09799668240398107,0.16480426183488572,,EE. UU.,,S&P 400 MidCap
330,XOM,ExxonMobil Holdings Corporation,United States,USD,Energy,Oil & Gas Integrated,168.5,616365.6876605757,2093.176373897083,21.15142293857578,10.666310689362065,33.51831773757675,18388.920723475923,0.12584,0.4677863175503561,0.52171946,Sube,60436.75194464254,28271.485636888658,173.63635,22.0,,0.09677419354838712,0.19354838709677424,0.16129032258064513,0.15053763440860216,0.3877338877338877,0.9168399168399168,45.2,11.02829541847976,5.695995906867232,14.226853693634204,86.38,-0.48735905044510386,0.030482789317507475,,EE. UU.,,S&P 500
331,SFM,"Sprouts Farmers Market, Inc.",United States,USD,Consumer Defensive,Grocery Stores,66.01,5475.732872484389,114.60187497766913,12.240535588931314,9.541811954805548,15.438368955006839,354.68337934160763,0.35197,2.2346324516833658,-0.35750437,Baja,749.3633993998287,1674.5517704026204,93.57143,14.0,,0.8421052631578947,0.7631578947368421,0.6842105263157895,0.763157894736842,0.4636174636174636,0.02494802494802495,45.2,17.441823479878735,8.001044287722737,9.222659874846801,52.09,-0.21087713982729894,0.4175341614906831,,EE. UU.,,S&P 400 MidCap
332,ATI,ATI Inc.,United States,USD,Industrials,Metal Fabrication,188.13,22789.534581895114,276.31090725482323,53.84139166412358,29.479422070015268,73.89287193943959,308.4131660300434,0.25357,1.5368673647469457,1.3504498,Sube,815.5852183980281,1253.4463053259396,252.66667,9.0,,0.029197080291970767,0.05797101449275366,0.050724637681159424,0.04596424415529462,0.46465696465696466,0.9771309771309771,45.1,20.391615185586094,11.399545894650824,25.545063022289252,66.4,-0.6470525700313612,0.34304294902461074,,EE. UU.,,S&P 400 MidCap
333,CHE,Chemed Corp,United States,USD,Healthcare,Medical Care Facilities,498.25,5793.170899951175,70.85242016844543,23.68099645335689,16.230239041169185,21.152858112497086,273.871779838989,0.27106002,0.6106020422010259,0.15866709,Baja,370.8902390198872,226.46633737796975,571.6,5.0,,0.4576271186440678,0.3220338983050848,0.5593220338983051,0.4463276836158192,0.6226611226611227,0.28482328482328484,45.1,14.085574929093568,8.908194428512985,18.226500581380936,296.36,-0.4051981936778726,0.14721525338685404,,EE. UU.,,S&P 400 MidCap
334,BAB.L,BABCOCK INTERNATIONAL GROUP PLC,United Kingdom,GBp,Industrials,Engineering & Construction,904.6,5218.5765863819,20.385802160512117,20.959799712206436,13.380899695799775,23.62644495949712,220.87862119451827,0.33682,1.0019575838926174,-0.27502036,Baja,421.56886583726833,422.39412225866033,1321.709,11.0,,0.6204379562043796,0.6594202898550725,0.6159420289855073,0.6319334250149865,0.6185031185031185,0.04054054054054054,45.0,23.85289799493428,14.902927300550797,23.62644495949712,1015.82,0.12294936988724303,0.46109772275038696,,Europa,67.0,FTSE 100
335,BSY,"Bentley Systems, Incorporated",United States,USD,Technology,Software - Application,34.82,9000.898881911518,80.76360179654792,34.88949063177485,24.028320848409784,25.423205777554198,354.0426396524033,0.24517,2.395617916782236,-0.29442757,Sube,416.07832873958534,996.7646991133598,43.93333,15.0,,0.3917525773195877,0.45360824742268047,0.5567010309278351,0.4673539518900344,0.3409563409563409,0.5353430353430353,45.0,28.731085174809465,21.34611630920217,20.268784752061787,28.67,-0.17662263067202755,0.2617268811028144,,EE. UU.,,S&P 400 MidCap
336,AMD,"Advanced Micro Devices, Inc.",United States,USD,Technology,Semiconductors,620.68,901382.3361450764,12818.18297180389,156.63078976587545,105.0417871437475,114.60098958413259,7865.397492779416,0.10196,-0.9239698503655698,1.888227,Sube,8506.35489911286,-7859.61546328974,636.208,50.0,,0.0,0.010309278350515427,0.12371134020618557,0.04467353951890033,0.4490644490644491,0.9906444906444907,45.0,65.45886963719407,30.016676755342434,65.32247238810488,259.39,-0.582087388026036,0.02501772249790557,,EE. UU.,,S&P 500
337,TXRH,"Texas Roadhouse, Inc.",United States,USD,Consumer Cyclical,Restaurants,162.76,9504.234028315741,142.41873506671368,25.857733498127583,16.399519012822807,45.29095365196852,209.84839712913947,0.27714002,1.2547197910014534,-0.003489852,Sube,627.5576116335424,787.4089553102096,215.04167,24.0,,0.21666666666666667,0.2833333333333333,0.1166666666666667,0.20555555555555557,0.5374220374220374,0.685031185031185,44.9,25.883490249745158,16.634546789820792,32.74244841016279,162.92,0.0009830425165888723,0.32121940280167127,,EE. UU.,,S&P 400 MidCap
338,A,"Agilent Technologies, Inc.",United States,USD,Healthcare,Diagnostics & Research,168.17,42183.21932481703,339.50283714798513,32.929299147368056,23.9462455635625,44.71832308895415,943.3095074004841,0.20971,1.1490384615384617,0.23093247,Sube,1850.3678602398543,2126.1438394102174,178.0,20.0,,0.18644067796610164,0.15254237288135597,0.1694915254237288,0.1694915254237288,0.45530145530145527,0.813929313929314,44.9,33.384229424981505,21.970769966906186,33.00345546894367,153.6,-0.0866385205446869,0.05845275613962064,,EE. UU.,,S&P 500
339,AEIS,"Advanced Energy Industries, Inc",United States,USD,Industrials,Electrical Equipment & Parts,284.24,10127.150154363731,146.51586740774917,51.58104954272769,32.19330747331445,332.98537869338213,30.413197702860586,0.16267,-0.05580763739376783,0.6757457,Sube,314.0287762810907,-17.525204077903748,429.08334,12.0,,0.04379562043795615,0.036231884057971064,0.0,0.026675834831975737,0.5176715176715176,0.9407484407484408,44.8,27.888745562291806,19.979217038644048,50.65746354823736,153.68,-0.4593301435406698,0.5095811286236982,P/FCF extremo,EE. UU.,,S&P 400 MidCap
340,TREX,"Trex Company, Inc.",United States,USD,Industrials,Building Products & Equipment,44.44,4027.120189014121,72.57630721891051,25.525025736532605,15.419635622452066,64.97697292264085,61.97765158756564,0.17740999,0.949056097434734,-0.11650097,Sube,278.2970911463408,264.11955125078464,55.26316,19.0,,0.44525547445255476,0.48550724637681164,0.07971014492753625,0.33682428858563424,0.4230769230769231,0.6195426195426196,44.8,29.626225539649127,13.88835661866539,30.17029911476915,39.74,-0.10576057605760569,0.2435454545454545,,EE. UU.,,S&P 400 MidCap
341,HAE,Haemonetics Corporation,United States,USD,Healthcare,Medical Devices,119.47,4835.449509543747,76.06261852204992,56.45136605118033,17.796608361852844,17.374800802231174,278.3024429795365,0.111999996,2.646817329408275,1.4456499,Sube,319.17598725871665,844.800534207366,118.0,10.0,,0.016949152542372836,0.23728813559322037,0.7627118644067796,0.3389830508474576,0.056133056133056136,0.9812889812889813,44.7,23.482717897143893,15.3969618186501,24.853646091789635,100.55,-0.15836611701682435,-0.012304344186825134,,EE. UU.,,S&P 400 MidCap
342,COST,Costco Wholesale Corporation,United States,USD,Consumer Defensive,Discount Stores,947.92,373677.49483539246,1751.8748194968607,45.529065144257416,28.828422583651673,62.2044600389061,6007.246017434666,0.28402,-0.7839266866528943,0.019257903,Sube,12618.974989941727,-9892.35125282076,1057.9429,35.0,,0.0,0.0,0.052631578947368474,0.017543859649122823,0.7681912681912682,0.6995841995841996,44.7,18.82733520041669,13.143661159936215,43.051217819463886,445.84,-0.529664950628745,0.11606770613553885,,EE. UU.,,S&P 500
343,LOPE,"Grand Canyon Education, Inc.",United States,USD,Consumer Defensive,Education & Training Services,160.3,3716.949062761659,46.99919624338344,18.635653957075192,11.170570734854737,20.306774537775095,183.03985479561567,0.30979002,-0.47468732859149604,-0.22880787,Baja,319.1813390919124,-151.51133718979634,194.0,3.0,,0.5,0.4736842105263158,0.5,0.4912280701754386,0.7671517671517671,0.06340956340956341,44.6,19.291558699572555,10.903177716891074,17.8533750975633,156.62,-0.022956955708047455,0.21023081721771675,,EE. UU.,,S&P 400 MidCap
344,CVNA,Carvana Co.,United States,USD,Consumer Cyclical,Auto & Truck Dealerships,63.2,40475.65596678179,484.0756148420819,29.01703917602041,19.14889040356256,107.21347056328068,377.52397860203416,0.58773,1.0219122729861472,-0.040213823,Sube,2232.8959452159233,2281.823770717156,82.28571,21.0,,0.1333333333333333,0.1166666666666667,0.050000000000000044,0.10000000000000002,0.6912681912681913,0.6611226611226612,44.6,14.353788076876382,12.112037914297591,54.232508464115824,31.97,-0.49414556962025324,0.30198908227848076,,EE. UU.,,S&P 500
345,ZBRA,Zebra Technologies Corporation,United States,USD,Technology,Communication Equipment,382.14,16083.340162000179,225.74119908355615,33.54229241632653,17.63876307804054,31.346848913481434,513.0767754803951,0.15286,2.3690877297297295,0.3851173,Igual,1053.2863204442249,2495.327697656589,413.85266,15.0,,0.4226804123711341,0.6185567010309279,0.4742268041237113,0.5051546391752577,0.18503118503118504,0.6294178794178794,44.6,34.40836762791153,23.58890428124989,41.39963592823426,504.69,0.32069398649709524,0.08298702046370443,,EE. UU.,,S&P 500
346,KPN.AS,KPN KON,Netherlands,EUR,Communication Services,Telecom Services,3.952,14907.424990016001,41.490012719999996,18.00413646137198,9.06056869716468,18.7632795348533,794.499968,0.26111,2.8517284691839326,-0.023926973,Igual,2400.999936,6846.999872,4.5615,20.0,,0.4117647058823529,0.6111111111111112,0.6666666666666667,0.5631808278867102,0.3128898128898129,0.4194386694386695,44.5,12.686646298205805,7.307669928744442,7.921230021444263,2.78,-0.29655870445344135,0.15422570850202422,,Europa,68.0,AEX
347,DPLM.L,DIPLOMA PLC ORD 5P,United Kingdom,GBp,Industrials,Industrial Distribution,7750.0,12251.373636379294,64.72482604619448,54.86985228352693,27.06262505625,42.54364827407968,287.9718626256981,0.18952999,1.08175,0.44329894,Sube,471.55354120499817,510.10304319850684,8329.375,16.0,,0.014598540145985384,0.07971014492753625,0.23188405797101452,0.10873091434817872,0.4386694386694387,0.8970893970893972,44.4,26.838640033630597,15.754904066867667,42.54364827407968,4376.95,-0.43523225806451615,0.07475806451612899,,Europa,69.0,FTSE 100
348,GLW,Corning Incorporated,United States,USD,Technology,Electronic Components,152.83,117112.2537407327,1398.0610831768001,69.28735717196317,33.90966490010981,179.23210941069777,653.4111221800007,0.16813,1.6829866408105618,0.8723477,Sube,3634.015668584741,6115.999822724381,187.70589,17.0,,0.12371134020618557,0.2989690721649485,0.05154639175257736,0.15807560137457047,0.3087318087318087,0.9594594594594594,44.4,36.91840841595243,20.243071055498,29.963057272894208,81.43,-0.46718576195773076,0.2282005496303081,,EE. UU.,,S&P 500
349,TOL,"Toll Brothers, Inc.",United States,USD,Consumer Cyclical,Residential Construction,134.83,11052.549702085806,117.31568976923597,10.36745369286688,8.488211319020769,22.27603600928575,496.1632176154931,0.14393,1.1026386647093327,0.05948448,Baja,1496.5054464170385,1650.1047671675271,170.88235,17.0,,0.8833333333333333,0.7,0.4833333333333333,0.6888888888888888,0.33367983367983367,0.22245322245322247,44.2,12.443586389778801,10.441979605617748,16.621673432011555,161.83,0.20025216939850177,0.2673911592375584,,EE. UU.,,S&P 400 MidCap
350,PPC,Pilgrim's Pride Corporation,United States,USD,Consumer Defensive,Packaged Foods,28.5,6036.907818112681,39.36965023917072,12.437716474885791,5.367559648031143,13.344649557861985,452.3841403205709,0.1452,1.5374928804402321,-0.25785166,Baja,1576.188663131285,2423.378847794958,33.28571,7.0,,0.8157894736842105,0.9736842105263158,0.7894736842105263,0.8596491228070176,0.27650727650727647,0.04677754677754678,44.1,14.039295566362597,8.821863608896443,14.568468706726916,32.17,0.12877192982456154,0.167919649122807,,EE. UU.,,S&P 400 MidCap
351,WWD,"Woodward, Inc.",United States,USD,Industrials,Aerospace & Defense,323.45,16989.909094853476,191.41055790672803,34.596615990895685,24.90545467725543,102.00561255526826,166.5585713300636,0.22339001,1.1315394152267055,0.30845475,Sube,714.6449757053463,808.6489579043307,432.5,12.0,,0.21167883211678828,0.10869565217391308,0.01449275362318836,0.11162241263796324,0.4792099792099792,0.841995841995842,44.1,31.508485958114548,18.028351817434313,27.794651520363615,229.89,-0.28925645385685583,0.3371463904776628,,EE. UU.,,S&P 400 MidCap
352,SGO.PA,SAINT GOBAIN,France,EUR,Industrials,Building Products & Equipment,64.76,31626.212768960002,63.007723920000004,11.840588547795708,6.557023404188145,10.196658806804184,3101.625088,0.11038999,1.7506079027592132,-0.26022393,Baja,6579.999744,11518.999552,95.91176,17.0,,0.9197080291970803,0.9492753623188406,0.9420289855072463,0.9370041256743891,0.17151767151767153,0.04573804573804574,44.0,29.626225539649127,13.88835661866539,30.17029911476915,163.54,1.52532427424336,0.48103397158739947,Potencial múltiplos >150%,Europa,70.0,CAC 40
353,VAL,Valaris Limited,United States,USD,Energy,Oil & Gas Drilling,83.96,5186.216692728348,80.63746860684287,6.204587436909322,15.193338954143123,73.12424403537158,70.92335464308769,0.33619,1.4696328436911488,0.79593587,Baja,377.90205145667795,555.3772665189965,68.28571,7.0,,0.967741935483871,0.0,0.06451612903225812,0.3440860215053763,0.5540540540540541,0.4521829521829522,44.0,16.170818616223613,6.776829998917748,16.05163561693353,32.47,-0.6132682229633158,-0.18668758932825158,,EE. UU.,,S&P 400 MidCap
354,SMTC,Semtech Corporation,United States,USD,Technology,Semiconductors,187.49,15565.883016324304,490.2417161501741,113.60099664300434,99.35743458017821,131.90346636613515,118.00965846581181,0.23663999,1.7895927466571502,1.8729696,Sube,159.53907274985337,285.509967401545,212.46667,15.0,,0.020618556701030966,0.020618556701030966,0.09278350515463918,0.04467353951890037,0.4137214137214137,0.9896049896049897,43.9,65.45886963719407,30.016676755342434,65.32247238810488,92.85,-0.5047735879246893,0.13321601152061424,,EE. UU.,,S&P 400 MidCap
355,ITX.MC,"Industria de Diseño Textil, S.A.",Spain,EUR,Consumer Cyclical,Apparel Retail,52.84,164597.08665640003,82.92688464,25.682179481987752,16.414456285494406,25.36986506328337,6487.8976,0.36824,-0.4299177279849869,0.13561845,Baja,9771.635712,-4200.999424,60.38958,24.0,,0.23333333333333328,0.2666666666666667,0.3833333333333333,0.29444444444444445,0.7983367983367984,0.2733887733887734,43.9,17.769415218662502,12.403559079043978,25.36986506328337,40.26,-0.23807721423164274,0.14287623012869033,,Europa,71.0,IBEX 35
356,HQY,"HealthEquity, Inc.",United States,USD,Healthcare,Health Information Services,93.05,6846.946700118108,69.6456525949538,32.54483535649953,16.377641180472366,19.3621448789253,353.625424400716,0.11434,1.3921402567778045,0.027949572,Sube,456.90475980632397,636.0755096397769,119.33333,15.0,,0.2033898305084746,0.30508474576271183,0.6610169491525424,0.3898305084745763,0.23180873180873182,0.7089397089397089,43.8,24.537092492741063,13.79115467704461,23.1141365201509,76.99,-0.17259537882858678,0.2824645889306825,,EE. UU.,,S&P 400 MidCap
357,OLED,Universal Display Corporation,United States,USD,Technology,Electronic Components,72.9,2981.033603565934,48.817867391137376,17.128045135658514,11.265756010763461,29.963057272894208,99.49030155419744,0.115159996,-1.7458472147799546,-0.4694323,Baja,229.10578749540943,-399.98370098882873,113.81778,9.0,,0.7731958762886598,0.845360824742268,0.4948453608247423,0.7044673539518901,0.5072765072765073,0.012474012474012475,43.8,36.91840841595243,20.243071055498,29.963057272894208,123.2,0.6899862825788752,0.5612864197530862,,EE. UU.,,S&P 400 MidCap
358,RS,"Reliance, Inc.",United States,USD,Basic Materials,Steel,396.91,18026.90946133388,112.23989565181579,22.671809605113,14.217198999483333,58.66202479580793,307.3011803476328,0.12229,1.1360144365422102,0.4587989,Sube,1378.0792843794857,1565.5179617548538,409.25,8.0,,0.2222222222222222,0.14814814814814814,0.2222222222222222,0.19753086419753085,0.29002079002079,0.9002079002079002,43.6,23.99053177007619,13.980105718602214,81.71674534749133,420.0,0.05817439721851292,0.031090171575420156,,EE. UU.,,S&P 400 MidCap
359,DOCS,"Doximity, Inc.",United States,USD,Healthcare,Health Information Services,29.38,3328.459909299387,116.02203618905891,22.398168535732673,14.699444593525254,15.608944611541359,213.2405484249269,0.17206,-3.2538685430106655,-0.5522024,Baja,185.39530191370636,-603.2519409189741,29.66667,18.0,,0.5423728813559322,0.4576271186440678,0.8135593220338984,0.6045197740112994,0.6444906444906444,0.002079002079002079,43.6,24.537092492741063,13.79115467704461,23.1141365201509,32.19,0.09564329475833899,0.009757317903335672,,EE. UU.,,S&P 400 MidCap
360,CW,Curtiss-Wright Corporation,United States,USD,Industrials,Aerospace & Defense,507.29,16667.966097529454,163.48571740388732,34.621263926427986,23.02055274127569,33.87904206517654,491.9845745775102,0.19746,0.7968724273087695,-0.059476793,Sube,750.009263184646,597.6617020580106,761.125,8.0,,0.2043795620437956,0.16666666666666663,0.35507246376811596,0.24203956415952607,0.48232848232848236,0.6496881496881497,43.6,31.508485958114548,18.028351817434313,27.794651520363615,416.18,-0.1796014114214749,0.5003745392181986,,EE. UU.,,S&P 400 MidCap
361,HO.PA,THALES,France,EUR,Industrials,Aerospace & Defense,215.7,44360.3622231,51.91748009999999,29.656612063829943,14.629233177791601,10.43073775410819,4252.84992,0.19353001,0.16924188185948222,-0.15961164,Baja,3067.800064,519.200256,291.6842,19.0,,0.3284671532846716,0.5507246376811594,0.9347826086956522,0.6046581332204944,0.5550935550935551,0.09355509355509356,43.6,31.508485958114548,18.028351817434313,27.794651520363615,266.4,0.2350486787204451,0.3522679647658784,,Europa,72.0,CAC 40
362,EVD.DE,CTS Eventim AG & Co. KGaA     I,Germany,EUR,Communication Services,Entertainment,56.75,5447.506275,17.10984125,17.68940850232103,7.9544857776115006,38.17577294866233,142.695376,0.29787,-2.3386656236537195,-0.3111111,Baja,529.236,-1237.70604,85.57692,13.0,,0.47058823529411764,0.7222222222222222,0.16666666666666663,0.45315904139433555,0.8201663201663202,0.030145530145530147,43.6,17.933051336125608,9.578287355136972,15.122681404678609,57.53,0.013744493392070511,0.5079633480176211,,Europa,73.0,MDAX
363,RACE.MI,FERRARI,Italy,EUR,Consumer Cyclical,Auto Manufacturers,342.8,60127.108344800006,138.8230304,36.74990619295759,25.03896571974205,60.008186521079985,1001.98176,0.45439997,0.7019079914498076,0.0027600527,Sube,2470.598912,1734.13312,387.85556,18.0,,0.033333333333333326,0.0,0.06666666666666665,0.033333333333333326,0.7172557172557172,0.6891891891891893,43.5,22.353455509551655,11.259908809195773,10.776411182035845,148.71,-0.5661901983663944,0.1314339556592765,,Europa,74.0,FTSE MIB
364,VEEV,Veeva Systems Inc.,United States,USD,Healthcare,Health Information Services,284.84,41026.673636740474,421.36297077268694,45.446778476639984,36.29254602736938,36.668328380648795,1118.8585749218864,0.14425,-6.594421392574451,-0.0061062574,Sube,956.6233311628775,-6308.377359656313,295.26923,26.0,,0.0847457627118644,0.03389830508474578,0.27118644067796616,0.12994350282485878,0.5925155925155925,0.682952182952183,43.5,24.537092492741063,13.79115467704461,23.1141365201509,153.79,-0.46008285353180733,0.03661434489537996,,EE. UU.,,S&P 500
365,REC.MI,RECORDATI ORD,Italy,EUR,Healthcare,Drug Manufacturers - General,53.0,11024.0,17.436682,22.173190186564387,12.765864190436991,20.378210115258447,540.969984,0.24851999,1.8954092790960426,0.029126167,Baja,1014.124992,1922.18192,60.1,8.0,,0.576271186440678,0.6949152542372881,0.5932203389830508,0.6214689265536723,0.40956340956340953,0.20997920997921,43.4,25.194452991508065,12.765864190436991,20.378210115258447,53.0,0.0,0.13396226415094348,,Europa,75.0,FTSE MIB
366,CDE,"Coeur Mining, Inc.",United States,USD,Basic Materials,Gold,16.87,15426.786769904176,526.9217892817072,20.391722911101805,10.434335741567905,21.765173975689567,708.783067258502,0.12848,-0.20811910212838697,-0.13752556,Igual,1449.5515364147143,-301.67936424745415,23.95455,11.0,,0.33333333333333337,0.5185185185185186,0.5555555555555556,0.46913580246913583,0.4625779625779626,0.35395010395010396,43.3,21.04622607212937,10.305500847000912,25.278062990340636,17.41,0.032009484291641854,0.41994961470065206,,EE. UU.,,S&P 400 MidCap
367,COR,"Cencora, Inc.",United States,USD,Healthcare,Medical Distribution,321.35,54552.32238656663,377.88200125307236,23.36272133338916,13.156113152162632,30.011201426805837,1817.7320398056706,0.96871,2.1000283302044567,0.010534644,Baja,4934.144705386288,10361.843666639526,369.91666,12.0,,0.5084745762711864,0.6610169491525424,0.35593220338983056,0.5084745762711864,0.5727650727650728,0.19334719334719336,43.3,23.61894276584277,13.156113152162632,15.946802205136535,321.35,0.0,0.15113321923136747,,EE. UU.,,S&P 500
368,BJ,"BJ's Wholesale Club Holdings, I",United States,USD,Consumer Defensive,Discount Stores,99.04,11129.079391726367,157.85419325087403,21.04334688087522,13.143661159936215,50.71662703219093,219.43650520494006,0.27673,2.3638791716014445,0.09946716,Sube,1032.4030118391622,2440.475976385195,105.8,20.0,,0.26315789473684215,0.3157894736842105,0.10526315789473684,0.2280701754385965,0.3908523908523909,0.7474012474012475,43.3,18.82733520041669,13.143661159936215,43.051217819463886,88.61,-0.10531098546042006,0.06825525040387714,,EE. UU.,,S&P 400 MidCap
369,CNM,"Core & Main, Inc.",United States,USD,Industrials,Industrial Distribution,40.37,6623.946950598624,80.20275334098936,16.2221875708061,10.570036396791446,15.610029549266246,424.33916794923584,0.23561001,2.6064170438502674,-0.18030459,Baja,831.7759371751268,2167.9549793177794,54.53846,13.0,,0.7883211678832117,0.7971014492753623,0.7898550724637681,0.791759229874114,0.3024948024948025,0.0841995841995842,43.3,26.838640033630597,15.754904066867667,42.54364827407968,66.79,0.6544463710676247,0.350965073074065,,EE. UU.,,S&P 400 MidCap
370,SSD,"Simpson Manufacturing Company, ",United States,USD,Basic Materials,Lumber & Wood Production,171.95,6269.291902257116,42.52872208248284,18.598623626080713,12.158386248286744,15.78747594976529,397.1053968478299,0.18722,-0.006946374760205062,0.010266662,Baja,515.3407717253932,-3.57975012961787,219.0,5.0,,0.5185185185185186,0.2962962962962963,0.7037037037037037,0.5061728395061729,0.5696465696465697,0.19230769230769232,43.1,21.04622607212937,10.305500847000912,25.278062990340636,194.58,0.1316080255888341,0.27362605408549,,EE. UU.,,S&P 400 MidCap
371,SLB,SLB Limited,United States,USD,Energy,Oil & Gas Equipment & Services,48.98,64667.98633577839,554.3845764188712,23.44190163001022,11.022529477575254,24.59907301761265,2628.878994321325,0.12909001,1.176486564906523,0.54413617,Sube,6567.916360853072,7727.065357973381,62.44828,29.0,,0.032258064516129004,0.16129032258064513,0.29032258064516125,0.16129032258064513,0.2941787941787942,0.9261954261954262,43.1,18.051534301453483,8.82194561713861,13.222100750270977,37.72,-0.2298897509187423,0.2749750918742344,,EE. UU.,,S&P 500
372,ALLE,Allegion plc,Ireland,USD,Industrials,Security & Protection Services,149.99,11346.551379575307,171.51686478429468,19.366333938870333,13.967757441254395,26.32814109482972,430.9666732150537,0.3373,1.8123510549844979,-0.15696782,Baja,933.4571810278403,1691.7521068186618,178.0,11.0,,0.708029197080292,0.6159420289855073,0.536231884057971,0.62006770337459,0.5114345114345115,0.0945945945945946,43.0,25.22532789479769,14.563818337666827,25.545063022289252,157.35,0.04906993799586634,0.18674578305220346,,EE. UU.,,S&P 500
373,DOV,Dover Corporation,United States,USD,Industrials,Specialty Industrial Machinery,188.96,22639.584651123,200.7861199020704,22.534317695631067,14.119077920670067,28.074967260328165,806.3975441607823,0.14914,0.7878596823707562,0.16013551,Baja,1698.2382439799574,1337.97344349192,240.10526,19.0,,0.5912408759124088,0.6014492753623188,0.5,0.5642300504249093,0.3908523908523909,0.2869022869022869,42.9,26.118976045156405,15.738107918566687,27.328220697674972,211.91,0.12145427603725656,0.27066712531752746,,EE. UU.,,S&P 500
374,FNTN.DE,freenet AG                    N,Germany,EUR,Communication Services,Telecom Services,22.38,2640.40578324,6.791143859999999,11.02926392330827,8.397738766361613,4.404071315895997,599.537472,0.17708999,1.8669304971555776,-0.14974058,Baja,404.3,754.8,26.53333,9.0,,0.6470588235294117,0.6666666666666667,1.0,0.7712418300653594,0.3004158004158004,0.09771309771309772,42.8,12.686646298205805,7.307669928744442,7.921230021444263,25.74,0.15013404825737253,0.18558221626452198,,Europa,76.0,MDAX
375,HWM,Howmet Aerospace Inc.,United States,USD,Industrials,Aerospace & Defense,222.56,78958.43417212708,542.6951742857196,47.46376436440642,33.23487602559203,74.59375441848115,1058.5126702318732,0.34732,1.4677881846373972,0.20897388,Sube,2485.542098395705,3648.249324444059,331.5,20.0,,0.051094890510948954,0.02898550724637683,0.04347826086956519,0.04118621954229699,0.5654885654885655,0.8014553014553014,42.7,31.508485958114548,18.028351817434313,27.794651520363615,116.02,-0.4787023723939612,0.48948598130841114,,EE. UU.,,S&P 500
376,LYV,"Live Nation Entertainment, Inc.",United States,USD,Communication Services,Entertainment,171.34,35508.63181752565,295.1249746663538,,27.16424783760022,23.548412794429133,1507.8991576844599,0.17677,1.4255719531276634,0.12016213,Sube,1379.5826940323316,1966.6943956327943,201.95833,24.0,,,0.05555555555555558,0.38888888888888884,0.2222222222222222,0.3591476091476091,0.7609147609147608,42.5,17.933051336125608,9.578287355136972,15.122681404678609,82.15,-0.520543947706315,0.1786992529473561,,EE. UU.,,S&P 500
377,GAW.L,GAMES WORKSHOP GROUP PLC ORD 5P,United Kingdom,GBp,Consumer Cyclical,Leisure,16350.0,6369.412783456146,19.061572250730197,26.227757257281553,18.05001024632227,30.293905214465934,210.25393518477858,0.66872,-0.43414300376325693,0.1430546,Baja,344.58775023555245,-149.60036094728568,22075.0,2.0,,0.18333333333333335,0.16666666666666663,0.2666666666666667,0.20555555555555557,0.8648648648648649,0.2765072765072765,42.5,16.297594691397258,11.303727575745384,20.083836546676352,10382.63,-0.36497675840978594,0.35015290519877684,<3 analistas,Europa,77.0,FTSE 100
378,WMS,"Advanced Drainage Systems, Inc.",United States,USD,Industrials,Building Products & Equipment,126.21,8466.24090755058,79.21448607374617,20.788035236498608,11.737486923152089,29.080450403716444,291.13169810013,0.26354,1.6937969741482277,-0.058485627,Baja,842.941284581397,1427.7713972085903,182.90909,11.0,,0.6277372262773723,0.7101449275362319,0.48550724637681164,0.6077964667301385,0.45634095634095634,0.15072765072765074,42.5,29.626225539649127,13.88835661866539,30.17029911476915,153.24,0.21416686474922764,0.4492440377149196,,EE. UU.,,S&P 400 MidCap
379,BZU.MI,BUZZI,Italy,EUR,Basic Materials,Building Materials,36.0,6354.419328,17.155692,7.397366586482673,4.89534857271695,319.5503923964698,19.8855,0.12303001,-0.6130278510653832,-0.23366421,Baja,1153.592064,-707.184064,48.3375,16.0,,1.0,0.9259259259259259,0.03703703703703709,0.6543209876543211,0.48336798336798337,0.057172557172557176,42.4,14.282510207792,9.293737937307785,47.73190709692578,64.75,0.7986111111111112,0.3427083333333334,P/FCF extremo,Europa,78.0,FTSE MIB
380,CLH,"Clean Harbors, Inc.",United States,USD,Industrials,Waste Management,317.34,14902.1379717992,123.44802295808664,38.153631830849704,16.280887747655377,43.651219210806005,341.39110524798645,0.15562001,2.283202420582783,0.35879767,Sube,1064.6144432878002,2430.730273902098,359.73334,15.0,,0.12408759124087587,0.44202898550724634,0.21014492753623193,0.25875383476145136,0.20374220374220375,0.8648648648648649,42.4,29.435738535677274,13.735420460029095,34.18015382752529,248.49,-0.21695972773681216,0.13358965147791024,,EE. UU.,,S&P 400 MidCap
381,AD.AS,KONINKLIJKE AHOLD DELHAIZE N.V.,Netherlands,EUR,Consumer Defensive,Grocery Stores,32.13,28049.87552787,82.40422869000001,12.533455729931934,8.184831671966053,9.63251220050481,2912.0,0.15675999,2.9788416580208863,-0.10744262,Baja,5388.000256,16049.999616,37.82944,18.0,,0.7894736842105263,0.868421052631579,0.9473684210526316,0.8684210526315791,0.12681912681912683,0.12266112266112267,42.2,17.441823479878735,8.001044287722737,9.222659874846801,31.0,-0.03516962340491758,0.177386865857454,,Europa,79.0,AEX
382,FLS,Flowserve Corporation,United States,USD,Industrials,Specialty Industrial Machinery,69.65,7875.988606097859,104.72320151063127,23.846463424511988,14.563818337666827,20.66928727835731,381.0479045566685,0.16936001,2.214181672097487,0.41882253,Baja,637.7506334300532,1412.0957639093867,89.0,10.0,,0.5182481751824817,0.5579710144927537,0.6739130434782609,0.5833774110511655,0.23908523908523907,0.3908523908523909,42.2,26.118976045156405,15.738107918566687,27.328220697674972,76.29,0.09533381191672641,0.2778176597272073,,EE. UU.,,S&P 400 MidCap
383,NVT,nVent Electric plc,United Kingdom,USD,Industrials,Electrical Equipment & Parts,164.2,23642.96287437171,318.59641414793236,44.96966765448392,26.632977850419206,58.727372984558684,402.58846382568834,0.15748,1.3118330487804877,0.7107731,Sube,933.7240894748803,1224.890119015617,204.70589,17.0,,0.06569343065693434,0.09420289855072461,0.1159420289855072,0.09194611939772206,0.3357588357588358,0.9459459459459459,42.1,27.888745562291806,19.979217038644048,50.65746354823736,121.05,-0.26278928136419,0.24668629719853863,,EE. UU.,,S&P 400 MidCap
384,CPG.L,COMPASS GROUP PLC ORD 11 1/20P,United Kingdom,USD,Consumer Cyclical,Restaurants,30.75,46512.60834206391,54.82561596136608,25.909247001362736,15.982378557085159,26.485080207983547,1756.1815171714434,0.26883,2.25931761081172,-0.09928,Sube,3389.3756301282497,7657.6760508048255,38.08421,19.0,,0.19999999999999996,0.31666666666666665,0.33333333333333337,0.2833333333333333,0.3908523908523909,0.6299376299376299,42.0,25.883490249745158,16.634546789820792,32.74244841016279,32.21,0.047479674796748084,0.23851089430894312,,Europa,80.0,FTSE 100
385,GWW,"W.W. Grainger, Inc.",United States,USD,Industrials,Industrial Distribution,1268.67,53158.53512160213,296.7067250869146,31.954840688310167,19.267273639036073,47.89064421630111,1109.9983303943095,0.46091,0.686567144278607,0.3388809,Baja,2860.9533839093133,1964.2365947048343,1331.6428,14.0,,0.291970802919708,0.2753623188405797,0.1594202898550725,0.24225113720512007,0.7203742203742204,0.3575883575883576,42.0,26.838640033630597,15.754904066867667,42.54364827407968,1065.55,-0.1601046765510339,0.04963686380224952,,EE. UU.,,S&P 500
386,JCI,Johnson Controls International ,Ireland,USD,Industrials,Building Products & Equipment,154.0,82985.60593566172,441.3548340944254,42.79091118348624,23.611140385355153,31.260147825821853,2654.677335438351,0.14332,2.0425433359148393,0.4590242,Sube,3847.5198801961537,7858.726091094514,166.9,20.0,,0.08759124087591241,0.15217391304347827,0.427536231884058,0.22243379526781623,0.1954261954261954,0.9012474012474012,41.8,29.626225539649127,13.88835661866539,30.17029911476915,106.62,-0.30766233766233764,0.08376623376623371,,EE. UU.,,S&P 500
387,STZ,"Constellation Brands, Inc.",United States,USD,Consumer Defensive,Beverages - Brewers,123.63,18779.572840473702,240.60210873300073,10.970862507569484,9.08301935060691,18.673683881147774,1005.6704911574963,0.24014999,2.9623660230766666,-0.12523878,Baja,3068.230111319094,9089.220632752422,151.73914,23.0,,0.9210526315789473,0.7894736842105263,0.5526315789473684,0.7543859649122807,0.2692307692307692,0.11226611226611227,41.6,19.291558699572555,10.903177716891074,17.8533750975633,160.4,0.29741972013265405,0.2273650408476906,,EE. UU.,,S&P 500
388,RSG,"Republic Services, Inc.",United States,USD,Industrials,Waste Management,216.84,59068.74356269139,280.7181895296168,30.374760309921925,15.329507931255186,34.18015382752529,1728.1590908208057,0.18152,2.698877731924705,-0.036951482,Sube,4676.626789835274,12621.64390360894,245.125,24.0,,0.3138686131386861,0.5072463768115942,0.34782608695652173,0.38964702563560066,0.20374220374220373,0.6621621621621622,41.6,29.435738535677274,13.735420460029095,34.18015382752529,210.14,-0.03089835823648779,0.1304418004058292,,EE. UU.,,S&P 500
389,LII,"Lennox International, Inc.",United States,USD,Industrials,Building Products & Equipment,361.54,11115.610265005977,165.6418720126788,15.846628974752221,12.357077614878715,44.98876190483803,247.07526489655675,0.71757007,1.6848309121967886,-0.3106959,Baja,1041.5436013311642,1754.8248559235137,472.64285,14.0,,0.8029197080291971,0.6884057971014492,0.18840579710144922,0.5599104340773652,0.6091476091476091,0.032224532224532226,41.6,29.626225539649127,13.88835661866539,30.17029911476915,413.41,0.14346960225701166,0.30730444764064835,,EE. UU.,,S&P 500
390,HXL,Hexcel Corporation,United States,USD,Industrials,Aerospace & Defense,85.13,5727.088214836162,69.79837103385083,41.94022455218241,18.85533282457583,25.44846038214178,225.04655011880772,0.10764,2.305655526992288,0.37217927,Sube,346.0543738621651,797.8821797351565,108.5,14.0,,0.0948905109489051,0.30434782608695654,0.5579710144927537,0.31906978384287177,0.09147609147609145,0.8700623700623701,41.6,31.508485958114548,18.028351817434313,27.794651520363615,80.88,-0.04992364618818279,0.27452132033360743,,EE. UU.,,S&P 400 MidCap
391,BESI.AS,BE Semiconductor Industries N.V,Netherlands,EUR,Technology,Semiconductor Equipment & Materials,179.9,14233.912515200002,86.0530062,68.21385618739997,50.53532956361986,82.65535001393664,172.208,0.44873002,-0.5421444787875246,0.2526728,Baja,278.672992,-151.081024,270.56522,23.0,,0.134020618556701,0.1649484536082474,0.18556701030927836,0.16151202749140892,0.843035343035343,0.32432432432432434,41.5,57.04637964920593,41.89212822862234,82.65535001393664,150.45,-0.16370205669816573,0.5039756531406336,,Europa,81.0,AEX
392,APG,APi Group Corporation,United States,USD,Industrials,Engineering & Construction,39.98,15370.301851509415,107.70208085766549,,18.767378283388886,26.637530213542913,577.0167777677424,0.10348,2.769444325925926,0.17415571,Sube,960.767927432232,2660.7932851588066,52.36364,11.0,,,0.3115942028985508,0.5289855072463768,0.4202898550724638,0.029106029106029108,0.7931392931392931,41.5,23.85289799493428,14.902927300550797,23.62644495949712,32.89,-0.17733866933466724,0.30974587293646816,,EE. UU.,,S&P 400 MidCap
393,REN.AS,RELX,United Kingdom,EUR,Industrials,Specialty Business Services,30.66,53275.9767876,29.20187172,19.97872534802993,16.366306099186072,20.243856200130487,2631.7108885241237,1.31864,2.6385177351154314,-0.2072165,Baja,3880.885644117135,10239.785599957935,47.25,2.0,,0.656934306569343,0.427536231884058,0.6884057971014492,0.5909587785182834,0.5218295218295218,0.07380457380457381,41.5,19.956581930290795,10.957769656932872,16.664074858408142,25.24,-0.17677756033920422,0.5410958904109588,<3 analistas,Europa,82.0,AEX
394,AR,Antero Resources Corporation,United States,USD,Energy,Oil & Gas E&P,36.06,9862.327557552479,133.46065593251043,10.229668628228538,6.776829998917748,28.337583670411576,348.02994045854854,0.14216,1.9919770834424424,0.14113927,Igual,2061.1558457012256,4105.775210040269,49.14286,21.0,,0.7741935483870968,0.4838709677419355,0.22580645161290325,0.4946236559139785,0.19854469854469853,0.5254677754677755,41.5,13.85207524579136,5.180773519293897,15.07592363569993,24.03,-0.33361064891846925,0.3628080976150858,,EE. UU.,,S&P 400 MidCap
395,LH,Labcorp Holdings Inc.,United States,USD,Healthcare,Diagnostics & Research,314.2,22668.447439829364,207.55912485917054,25.423145950772554,13.864479341612778,28.565237886938856,793.5676058274405,0.11728,2.8800758167407308,0.13070393,Sube,2063.693981061518,5943.595128008681,344.1875,16.0,,0.35593220338983056,0.5084745762711864,0.38983050847457623,0.4180790960451977,0.05301455301455302,0.7713097713097713,41.5,33.384229424981505,21.970769966906186,33.00345546894367,412.59,0.31314449395289623,0.09544080203691929,,EE. UU.,,S&P 500
396,ELE.MC,"ENDESA,S.A.",Spain,EUR,Utilities,Utilities - Regulated Electric,42.64,43289.58752456,29.3616908,16.478715824104373,9.363060497508059,21.91718119147748,1975.143936,0.29047,1.8631322915866482,0.4842255,Sube,5772.000256,10754.000064,35.96609,23.0,,0.0,0.0,0.0,0.0,0.47193347193347196,0.9085239085239085,41.4,20.090533204955975,12.814061175851505,75.15158298674555,62.26,0.4601313320825515,-0.1565175891181989,,Europa,83.0,IBEX 35
397,CMCSA,Comcast Corporation,United States,USD,Communication Services,Telecom Services,21.21,66778.94565193744,548.566888774831,6.702943970220457,4.630829904262998,5.911835404353036,11295.805969626013,0.114879996,2.4277287197304216,-0.23180348,Baja,30311.338453619715,73587.70689732168,28.73,23.0,,0.9411764705882353,0.8888888888888888,0.9444444444444444,0.9248366013071895,0.08939708939708937,0.058212058212058215,41.4,12.686646298205805,7.307669928744442,7.921230021444263,40.14,0.8925035360678923,0.35454974068835443,,EE. UU.,,S&P 500
398,NKE,"Nike, Inc.",United States,USD,Consumer Cyclical,Footwear & Accessories,34.74,37206.82171377754,957.1589103188408,13.52221761409697,9.111223514740464,23.671294248664815,1571.8118883962672,0.21563,0.5634580183560312,-0.49515134,Baja,4352.812642030883,2452.6271855538016,38.15278,36.0,,0.7333333333333334,0.6833333333333333,0.43333333333333335,0.6166666666666667,0.5457380457380457,0.010395010395010396,41.4,17.49212070271248,11.379744329289522,19.3503161320983,43.96,0.26540011514104767,0.09823776626367287,,EE. UU.,,S&P 500
399,WSO,"Watsco, Inc.",United States,USD,Industrials,Industrial Distribution,282.23,8935.332638496187,126.46561335294902,22.648731714989907,14.427707202428017,20.766937217191952,430.267234163883,0.16744,0.10138324862554664,-0.23087615,Baja,623.7003063248885,63.23276322396576,375.9,10.0,,0.5766423357664234,0.572463768115942,0.6666666666666667,0.6052575901830107,0.5135135135135136,0.060291060291060294,41.4,26.838640033630597,15.754904066867667,42.54364827407968,334.44,0.18499096481593025,0.3318924281614284,,EE. UU.,,S&P 400 MidCap
400,QIA.DE,Qiagen N.V.                   A,Netherlands,EUR,Healthcare,Diagnostics & Research,39.575,8172.039625000001,24.3071233,22.44279802272644,13.683737612537154,24.637440733739265,331.6919039325769,0.11928,1.1716377805058578,-0.057163715,Igual,653.1309480187626,765.2328943163898,39.14286,7.0,,0.5254237288135593,0.5593220338983051,0.4915254237288136,0.5254237288135594,0.27650727650727647,0.40280665280665284,41.4,33.384229424981505,21.970769966906186,33.00345546894367,58.87,0.4875552747946934,-0.010919519898926144,,Europa,84.0,DAX
401,MTSI,MACOM Technology Solutions Hold,United States,USD,Technology,Semiconductors,322.21,21890.81048847796,390.45942245547104,102.13707809663548,88.23880525955254,235.81334944161415,92.83109094677434,0.17184,-0.9019279266225202,1.6371746,Igual,245.57584065140975,-221.4917087873084,395.33334,15.0,,0.030927835051546393,0.030927835051546393,0.010309278350515427,0.024054982817869403,0.5987525987525988,0.7344074844074844,41.0,65.45886963719407,30.016676755342434,65.32247238810488,111.76,-0.6531454641382949,0.22694311163526915,P/FCF extremo,EE. UU.,,S&P 400 MidCap
402,NEM.DE,Nemetschek SE                 I,Germany,EUR,Technology,Software - Application,64.25,7420.2835145,16.6460185,30.120775939751788,21.34611630920217,22.915804776575612,323.806368,0.26342,0.41956415955318926,-0.39169002,Baja,354.587008,148.772,86.19118,17.0,,0.48453608247422686,0.5154639175257731,0.6082474226804124,0.5360824742268041,0.630977130977131,0.017671517671517672,40.9,28.731085174809465,21.34611630920217,20.268784752061787,61.29,-0.04607003891050587,0.3414969649805448,,Europa,85.0,MDAX
403,FCN,"FTI Consulting, Inc.",United States,USD,Industrials,Consulting Services,140.5,3451.1373646921234,53.04811745562233,15.346438891965663,11.317272486679297,13.389284501626832,257.7536808836052,0.15634,2.4619748050158567,-0.14218986,Baja,389.72573128042353,959.4949312787828,165.5,2.0,,0.8467153284671532,0.7463768115942029,0.8405797101449275,0.8112239500687611,0.17983367983367984,0.10187110187110188,40.9,21.488442062823843,11.477830639070968,18.045462336966025,189.36,0.34775800711743776,0.17793594306049831,<3 analistas,EE. UU.,,S&P 400 MidCap
404,AVGO,Broadcom Inc.,United States,USD,Technology,Semiconductors,360.14,1529378.0174878864,7159.671628208401,44.928134390605,33.574800400770165,56.18861929134734,27218.64386020605,0.44245,0.6782242813169808,0.10938609,Baja,46490.49226078876,31530.98070164611,531.3149,47.0,,0.27835051546391754,0.30927835051546393,0.27835051546391754,0.288659793814433,0.7151767151767152,0.2525987525987526,40.6,65.45886963719407,30.016676755342434,65.32247238810488,418.68,0.1625478980396513,0.4753009940578663,,EE. UU.,,S&P 500
405,CHD,"Church & Dwight Company, Inc.",United States,USD,Consumer Defensive,Household & Personal Products,97.73,20622.650336905932,157.62078912111127,31.1250507936493,18.715262668371714,24.680999337290714,835.5678817975174,0.17041,1.6042958606436373,0.11436713,Sube,1205.2299889677668,1933.5454824245649,104.84211,19.0,,0.1578947368421053,0.13157894736842102,0.3157894736842105,0.20175438596491227,0.32640332640332637,0.7577962577962578,40.6,20.97956664826717,13.204359458079086,20.30749355462014,66.25,-0.32211194106210994,0.07277304819400388,,EE. UU.,,S&P 500
406,HAL,Halliburton Company,United States,USD,Energy,Oil & Gas Equipment & Services,32.57,24139.34404164889,320.6934477421814,16.938237236697876,8.042052573688967,13.222100750270977,1825.6814478708438,0.14917,1.4861077479799722,0.48247612,Baja,3682.0541788251444,5471.929243634081,43.4,25.0,,0.32258064516129037,0.3870967741935484,0.7419354838709677,0.4838709677419355,0.3004158004158004,0.4074844074844075,40.6,18.051534301453483,8.82194561713861,13.222100750270977,34.71,0.06570463616825295,0.3325145839729813,,EE. UU.,,S&P 500
407,TXT,Textron Inc.,United States,USD,Industrials,Aerospace & Defense,73.22,11202.627036867814,113.14374121093942,13.410950013567625,9.147548884964285,27.81420567136987,402.7663838122499,0.12126,1.6517857523809525,-0.10192567,Baja,1494.5278871168055,2468.639870475548,100.6,15.0,,0.8905109489051095,0.8695652173913043,0.5072463768115942,0.7557741810360027,0.21309771309771308,0.1288981288981289,40.5,31.508485958114548,18.028351817434313,27.794651520363615,159.97,1.1847855777110081,0.3739415460256761,,EE. UU.,,S&P 500
408,EQT,EQT Corporation,United States,USD,Energy,Oil & Gas E&P,52.94,29458.93901372071,338.91804881986684,12.212212033453529,5.526185632916011,13.456363149967347,2189.219976111613,0.11078,0.7923608466311044,-0.0033885837,Baja,6223.073380128209,4930.919692125875,67.19231,26.0,,0.5483870967741935,0.7419354838709677,0.6451612903225806,0.6451612903225806,0.3004158004158004,0.18607068607068608,40.4,13.85207524579136,5.180773519293897,15.07592363569993,59.31,0.12032489610880259,0.2692162825840576,,EE. UU.,,S&P 500
409,LR.PA,LEGRAND,France,EUR,Industrials,Electrical Equipment & Parts,138.0,36171.675834,77.337132,27.51325393897914,18.903095445737385,35.082793490701185,1031.037504,0.18209,2.594120599210127,-0.009821117,Sube,2217.900032,5753.50016,168.66667,18.0,,0.3795620437956204,0.2971014492753623,0.3188405797101449,0.33183469092704254,0.21933471933471935,0.6787941787941788,40.2,27.888745562291806,19.979217038644048,50.65746354823736,147.11,0.06601449275362326,0.22222224637681176,,Europa,86.0,CAC 40
410,BKR,Baker Hughes Company,United States,USD,Energy,Oil & Gas Equipment & Services,56.3,49717.56090030069,389.3057321147065,18.051534301453483,11.390070086450818,12.658561582593896,3927.583760280048,0.16463,-0.15933050419567016,0.25,Baja,4304.774131790479,-685.8818328666554,71.16667,24.0,,0.19354838709677424,0.12903225806451613,0.7741935483870968,0.3655913978494623,0.5311850311850312,0.32224532224532226,40.2,18.051534301453483,8.82194561713861,13.222100750270977,56.3,0.0,0.2640616341030195,,EE. UU.,,S&P 500
411,DHI,"D.R. Horton, Inc.",United States,USD,Consumer Cyclical,Residential Construction,135.82,33795.03505170003,312.7355661931681,12.443586389778801,10.441979605617748,15.73761364610645,2147.4053062715175,0.12632,1.2378737101380817,-0.11962479,Baja,3671.7347057357847,4545.143862831913,155.0,14.0,,0.7666666666666666,0.6166666666666667,0.6833333333333333,0.6888888888888888,0.27754677754677753,0.11746361746361747,39.4,12.443586389778801,10.441979605617748,16.621673432011555,135.82,0.0,0.14121631571197168,,EE. UU.,,S&P 500
412,RPM,RPM International Inc.,United States,USD,Basic Materials,Specialty Chemicals,99.43,11280.72744709963,112.40685694147705,18.443732801552603,12.230918662680049,22.91053390219402,492.3816919875156,0.21149999,1.9658175947810212,-0.10608649,Igual,1098.9397349799765,2160.31506662763,125.0,15.0,,0.5555555555555556,0.2592592592592593,0.5185185185185186,0.4444444444444445,0.3399168399168399,0.37577962577962576,39.2,28.990644695681596,11.925169937024632,19.08107240311562,96.47,-0.029769687217137797,0.2571658453183143,,EE. UU.,,S&P 400 MidCap
413,MZTI,The Marzetti Company,United States,USD,Consumer Defensive,Packaged Foods,102.19,2480.9761537933755,34.200216734967235,14.583685209588351,9.887325570611509,21.002899260994127,118.12541320906872,0.18677999,0.7493102878463029,-0.38021594,Baja,271.50054765969054,203.43815351731163,146.6,5.0,,0.7105263157894737,0.6842105263157895,0.42105263157894735,0.6052631578947368,0.4771309771309772,0.02079002079002079,39.1,14.039295566362597,8.821863608896443,14.568468706726916,90.27,-0.11664546433114786,0.43458264018005677,,EE. UU.,,S&P 400 MidCap
414,NFLX,"Netflix, Inc.",United States,USD,Communication Services,Entertainment,71.57,265112.4894348172,2364.834609140767,21.833037949429965,20.74701805547128,11.738554138504979,22584.765236562765,0.49541,0.5110874747049546,-0.4133991,Baja,13101.077233720058,6695.796479296558,92.54889,45.0,,0.23529411764705888,0.16666666666666663,0.7777777777777778,0.39324618736383443,0.7567567567567568,0.016632016632016633,38.9,17.933051336125608,9.578287355136972,15.122681404678609,58.79,-0.17856643845186526,0.29312407433282117,,EE. UU.,,S&P 500
415,SAF.PA,SAFRAN,France,EUR,Industrials,Aerospace & Defense,310.8,128787.99864,150.65066520000002,33.17568338137235,20.774982517570947,36.14848091365577,3562.749952,0.2749,-0.25506210298891274,0.074335694,Baja,6124.000256,-1562.000384,381.95456,22.0,,0.24087591240875916,0.2246376811594203,0.28985507246376807,0.2517895553439825,0.7203742203742204,0.23596673596673598,38.8,31.508485958114548,18.028351817434313,27.794651520363615,270.21,-0.13059845559845573,0.2289400257400258,,Europa,87.0,CAC 40
416,CL,Colgate-Palmolive Company,United States,USD,Consumer Defensive,Household & Personal Products,88.1,62477.42725958412,368.83605643136167,34.460709634396466,15.379274583709899,20.30749355462014,3076.5700893387666,2.67367,1.2851695600540132,0.13006675,Baja,4432.876522114778,5696.9979697000135,98.35,20.0,,0.07894736842105265,0.1578947368421053,0.4736842105263158,0.23684210526315794,0.7079002079002079,0.2702702702702703,38.8,20.97956664826717,13.204359458079086,20.30749355462014,74.5,-0.1543700340522134,0.11634506242905784,,EE. UU.,,S&P 500
417,SN.L,SMITH & NEPHEW PLC ORD USD0.20,United Kingdom,GBp,Healthcare,Medical Devices,1003.5,9902.178156304779,33.93443920360534,17.529206976551887,10.247500988502493,10.510903144580217,942.086328843272,0.11851,2.1931982170767,-0.23065305,Baja,1229.427107140134,2696.377339405507,1272.4137,17.0,,0.728813559322034,0.7966101694915254,0.9491525423728814,0.824858757062147,0.13305613305613306,0.061330561330561334,38.8,23.482717897143893,15.3969618186501,24.853646091789635,1645.08,0.6393423019431987,0.26797578475336326,,Europa,88.0,FTSE 100
418,EBAY,eBay Inc.,United States,USD,Consumer Cyclical,Internet Retail,111.98,44329.7432117299,441.51936113620656,22.712444351500856,17.332719576227387,31.54615890597221,1405.234258277243,0.46611,1.2374030387596897,0.26459622,Baja,2754.2013919723986,3408.0571717828134,116.11111,27.0,,0.31666666666666665,0.18333333333333335,0.21666666666666667,0.2388888888888889,0.6444906444906445,0.3284823284823285,38.7,22.712444351500856,17.159000681676503,16.77548587738502,110.77,-0.010805500982318361,0.03689149848187179,,EE. UU.,,S&P 500
419,BEI.DE,BEIERSDORF AG                 I,Germany,EUR,Consumer Defensive,Household & Personal Products,77.56,16913.71186428,27.40295628,18.031675761492536,8.97576708372152,30.21654556644086,559.750016,0.10887,-1.7291138430379747,-0.14639539,Baja,1580.0,-2731.999872,81.10526,19.0,,0.5526315789473684,0.8157894736842105,0.21052631578947367,0.5263157894736842,0.48856548856548854,0.09875259875259876,38.7,20.97956664826717,13.204359458079086,20.30749355462014,90.24,0.16348633316142336,0.04570990201134606,,Europa,89.0,DAX
420,MONC.MI,MONCLER,Italy,EUR,Consumer Cyclical,Apparel Manufacturing,43.01,11698.278158269999,50.110606919999995,18.338101604396186,12.954965342873002,17.00519054784554,687.923968,0.18122,0.10260981737177728,-0.1302597,Baja,910.204992,93.395968,59.01923,26.0,,0.41666666666666663,0.4,0.6166666666666667,0.4777777777777778,0.5379417879417879,0.10914760914760915,38.5,14.103205817833292,8.68481750461714,13.563959500318656,33.08,-0.23087654033945593,0.37222111136944913,,Europa,90.0,FTSE MIB
421,PPG,"PPG Industries, Inc.",United States,USD,Basic Materials,Specialty Chemicals,105.46,20855.56554155816,155.9225125051278,14.960917066050612,10.861660334430145,21.223272595352686,982.6743471280181,0.19297001,2.1723500630321753,0.07087731,Baja,2400.1405048461734,5213.945376988661,125.71429,21.0,,0.6666666666666667,0.4444444444444444,0.5925925925925926,0.5679012345679012,0.2920997920997921,0.23492723492723494,38.5,28.990644695681596,11.925169937024632,19.08107240311562,118.37,0.12241608192679698,0.1920566091409066,,EE. UU.,,S&P 500
422,WAB,Westinghouse Air Brake Technolo,United States,USD,Industrials,Railroads,280.8,42193.87334138199,226.43340083005748,37.46458685687204,20.258832766591738,43.064503910428414,979.7831046455966,0.11553001,2.367408467931293,0.46992624,Sube,2358.3294788074027,5583.129178300638,330.0,12.0,,0.13138686131386856,0.23913043478260865,0.2246376811594203,0.1983849924186325,0.10498960498960497,0.9033264033264033,38.2,25.22532789479769,14.563818337666827,25.545063022289252,189.07,-0.3266737891737892,0.17521367521367526,,EE. UU.,,S&P 500
423,APP,Applovin Corporation,United States,USD,Communication Services,Advertising Agencies,280.12,76186.80416399805,1469.495859266956,19.420545009429947,15.90118388348209,26.931706541630682,2828.88884320158,2.03686,0.08527680818094727,-0.50846654,Baja,4817.0998856572005,410.7869029376521,490.07773,31.0,,0.3529411764705882,0.2777777777777778,0.2777777777777778,0.3028322440087146,0.8627858627858628,0.008316008316008316,38.2,17.846772481846507,7.901196652791594,11.738554138504979,138.43,-0.5058189347422533,0.7495278095102098,,EE. UU.,,S&P 500
424,CMG,"Chipotle Mexican Grill, Inc.",United States,USD,Consumer Cyclical,Restaurants,32.68,36788.391290839805,504.3128290068568,29.134625074476226,20.261447579200922,37.040017427013595,993.2066409885034,0.49560001,2.084086651242287,-0.17930686,Sube,2023.8576676031946,4217.894749066168,43.75806,31.0,,0.1166666666666667,0.06666666666666665,0.15000000000000002,0.11111111111111112,0.5343035343035343,0.5852390852390852,38.0,25.883490249745158,16.634546789820792,32.74244841016279,28.89,-0.1159730722154223,0.3389859241126072,,EE. UU.,,S&P 500
425,PKG,Packaging Corporation of Americ,United States,USD,Consumer Cyclical,Packaging & Containers,229.94,18225.46767439667,125.02623140093098,29.803990212481818,12.148274104697151,47.320157327491586,385.15230514265903,0.14887,1.905154660749437,0.1121645,Sube,1779.2887971413274,3389.8203446930593,258.8,10.0,,0.06666666666666665,0.44999999999999996,0.08333333333333337,0.19999999999999998,0.23804573804573803,0.7557172557172558,37.8,15.727188743730538,8.254299720758778,12.754330540615324,121.34,-0.47229712098808385,0.12551100287031414,,EE. UU.,,S&P 500
426,ANTO.L,ANTOFAGASTA PLC ORD 5P,United Kingdom,GBp,Basic Materials,Copper,3605.0,41897.68993526751,44.611503901202866,28.46441966486202,9.411901145508692,81.95632159916617,511.2197462958584,0.17846,0.7310244133808912,0.3709618,Baja,4826.435304651287,3528.2420373035297,3951.8315,21.0,,0.18518518518518523,0.6296296296296297,0.14814814814814814,0.3209876543209877,0.46049896049896055,0.369022869022869,37.7,21.04622607212937,10.305500847000912,25.278062990340636,2665.49,-0.2606130374479889,0.09620846047156717,,Europa,91.0,FTSE 100
427,KRYS,"Krystal Biotech, Inc.",United States,USD,Healthcare,Biotechnology,327.3,8618.17639974335,110.98551332723254,40.120676468541895,44.41160202361757,63.844176663432364,134.9876660666458,0.20124,-4.198732567575683,0.8036039,Baja,177.29103229223,-744.3976312244982,392.1111,9.0,,0.11864406779661019,0.016949152542372836,0.06779661016949157,0.06779661016949153,0.7089397089397089,0.45322245322245325,37.6,29.548698730581847,18.202249481561733,48.53868530236264,241.05,-0.263519706691109,0.19801741521539884,,EE. UU.,,S&P 400 MidCap
428,PHIA.AS,KON.PHILIPS N.V.,Netherlands,EUR,Healthcare,Medical Devices,21.48,20995.14209856,35.433386520000006,18.914542431135136,11.03938000768212,13.74477359000147,1527.500032,0.10154,2.3493377483443707,-0.09194434,Baja,2416.0,5676.0,26.895,20.0,,0.6949152542372881,0.7457627118644068,0.8983050847457628,0.7796610169491526,0.07484407484407482,0.1340956340956341,37.5,23.482717897143893,15.3969618186501,24.853646091789635,32.25,0.5013966480446927,0.2520949720670391,,Europa,92.0,AEX
429,PEP,"Pepsico, Inc.",United States,USD,Consumer Defensive,Beverages - Non-Alcoholic,128.34,155957.9348443403,949.2552102896391,16.774704299310557,11.535347342036264,22.384478606759878,6967.235537808892,0.51508,2.250714798822134,-0.1448561,Baja,16797.426728355065,37806.216919639206,146.31818,22.0,,0.631578947368421,0.39473684210526316,0.368421052631579,0.46491228070175433,0.5176715176715176,0.10083160083160084,37.2,23.296840306101117,12.924920986283178,23.41756250634549,147.55,0.14968053607604803,0.14008243727598568,,EE. UU.,,S&P 500
430,KMB,Kimberly-Clark Corporation,United States,USD,Consumer Defensive,Household & Personal Products,97.74,28917.580210723234,340.46562556147285,19.291558699572555,10.942049894401377,34.539806561762205,837.2247296467741,1.04913,1.603849442874566,-0.18257087,Baja,3096.697309168938,4966.636254061768,115.86667,15.0,,0.4473684210526315,0.5263157894736843,0.1578947368421053,0.3771929824561404,0.6517671517671517,0.08316008316008316,37.1,20.97956664826717,13.204359458079086,20.30749355462014,106.29,0.08747697974217328,0.1854580519746265,,EE. UU.,,S&P 500
431,PWR,"Quanta Services, Inc.",United States,USD,Industrials,Engineering & Construction,685.33,91659.7845388085,619.6821245100498,77.65219586443627,35.83953924061339,52.68999971995274,1739.604953994688,0.15337,2.002198980339478,0.64107656,Sube,2708.835382266139,5423.627440280764,766.0062,29.0,,0.007299270072992692,0.01449275362318836,0.13043478260869568,0.05074226876829224,0.23076923076923075,0.9334719334719335,37.0,23.85289799493428,14.902927300550797,23.62644495949712,261.29,-0.6187384179884143,0.11771876322355657,,EE. UU.,,S&P 500
432,CGNX,Cognex Corporation,United States,USD,Technology,Scientific & Technical Instruments,60.91,9115.298358261658,102.34053922653213,58.622526810879464,37.0770335453206,52.36593325852627,174.069242941975,0.111490004,-1.241157580607765,0.49362433,Baja,237.88435963235503,-295.2519762657213,79.10526,19.0,,0.18556701030927836,0.2680412371134021,0.2989690721649485,0.2508591065292097,0.4792099792099792,0.4095634095634096,36.7,44.98841689308054,20.039034649044467,32.44093942522212,37.73,-0.3805614841569529,0.2987236906911839,,EE. UU.,,S&P 400 MidCap
433,ERF.PA,EUROFINS SCIENT.,Luxembourg,EUR,Healthcare,Diagnostics & Research,75.7,12953.195281100001,21.640359,27.565855035326667,10.934223576348218,38.14671948076386,339.562496,0.11328,2.5071888932209716,0.21653414,Igual,1537.100032,3853.800128,72.29286,14.0,,0.3220338983050848,0.7627118644067796,0.23728813559322037,0.4406779661016949,0.07380457380457381,0.5576923076923077,36.6,33.384229424981505,21.970769966906186,33.00345546894367,91.68,0.21109643328929995,-0.045008454425363276,,Europa,93.0,CAC 40
434,EXPN.L,EXPERIAN PLC ORD USD0.10,Ireland,GBp,Industrials,Consulting Services,2574.0,26614.125346046294,84.37170748104045,19.918082362184617,13.850771513386336,32.83068338358544,810.6479245373469,0.28258,2.072440919685039,-0.27960342,Baja,2259.583829331361,4682.853989364929,3747.6313,18.0,,0.6715328467153285,0.6304347826086957,0.37681159420289856,0.5595930745089742,0.4324324324324324,0.0395010395010395,36.5,21.488442062823843,11.477830639070968,18.045462336966025,2055.42,-0.2014685314685314,0.45595621600621605,,Europa,94.0,FTSE 100
435,SPXC,"SPX Technologies, Inc.",United States,USD,Industrials,Building Products & Equipment,168.58,7511.3141510833675,81.79236001426878,29.626225539649127,17.040579361441168,36.07937001360949,208.18861715850434,0.14684,0.8591414948256038,-0.082540214,Igual,464.1932449390173,398.80767834485493,257.35715,14.0,,0.33576642335766427,0.37681159420289856,0.2971014492753623,0.33655982227864173,0.37214137214137216,0.38825363825363823,36.3,29.626225539649127,13.88835661866539,30.17029911476915,140.97,-0.1637798078063828,0.526617333016965,,EE. UU.,,S&P 400 MidCap
436,HLN.L,HALEON PLC ORD GBP0.01,United Kingdom,GBp,Healthcare,Drug Manufacturers - Specialty & Generic,344.3,35699.129418468314,97.88995576662745,18.658128038729394,13.240218840231037,16.80707241962805,2124.0540010274053,0.100930005,2.607443910112359,0.01122272,Baja,3357.461213379587,8754.391794265057,417.88202,17.0,,0.711864406779661,0.6440677966101696,0.7966101694915254,0.7175141242937854,0.0395010395010395,0.1943866943866944,35.7,17.431767062000567,13.493519478241708,14.7235786452589,321.67,-0.06572756317165263,0.21371484170781296,,Europa,95.0,FTSE 100
437,SYY,Sysco Corporation,United States,USD,Consumer Defensive,Food Distribution,78.2,34220.83813467687,254.82273697954238,21.893951663752365,11.514059571177512,20.09805207523511,1702.694271393789,0.77692,2.9523702704529065,-0.0031867623,Baja,3996.972668907834,11800.543279496298,90.83333,12.0,,0.23684210526315785,0.4473684210526315,0.5263157894736843,0.40350877192982454,0.4604989604989605,0.18711018711018712,35.6,19.291558699572555,10.903177716891074,17.8533750975633,69.47,-0.11163682864450131,0.16155153452685433,,EE. UU.,,S&P 500
438,ATR,"AptarGroup, Inc.",United States,USD,Healthcare,Medical Instruments & Supplies,121.81,6889.7889705840125,49.49756265250331,21.363951532521902,11.221282381565018,29.118166538222884,236.61479377624664,0.13459,1.520908092480823,-0.06965554,Baja,710.260116286139,1080.240358625959,165.375,8.0,,0.6271186440677966,0.728813559322034,0.3728813559322034,0.5762711864406779,0.2557172557172557,0.14760914760914762,35.2,26.30240004743095,13.494479100300703,23.1141365201509,149.97,0.23117970609966343,0.35764715540596015,,EE. UU.,,S&P 400 MidCap
439,GWRE,"Guidewire Software, Inc.",United States,USD,Technology,Software - Application,164.78,12019.16406944112,199.98188409286314,97.00215548058813,82.29155095162336,39.38630238786297,305.1610164132815,0.10508,-0.38043513272061985,-0.31094754,Sube,145.38375861901847,-55.30908950564885,213.2857,14.0,,0.04123711340206182,0.05154639175257736,0.4020618556701031,0.16494845360824742,0.41995841995842,0.5311850311850312,35.1,28.731085174809465,21.34611630920217,20.268784752061787,48.81,-0.7037868673382692,0.2943664279645588,,EE. UU.,,S&P 400 MidCap
440,HEI.DE,Heidelberg Materials AG       I,Germany,EUR,Basic Materials,Building Materials,139.8,24577.1068782,58.77611400000001,12.08373395521929,7.929642223584961,19.888814877441476,1235.725056,0.11698,1.9086454609185295,-0.26396465,Baja,4081.900032,7790.899968,207.26315,19.0,,0.8148148148148149,0.7037037037037037,0.6296296296296297,0.7160493827160495,0.16632016632016633,0.0446985446985447,35.0,14.282510207792,9.293737937307785,47.73190709692578,171.47,0.22653791130185974,0.48256902718168804,,Europa,96.0,DAX
441,ACM,AECOM,United States,USD,Industrials,Engineering & Construction,59.46,6807.476163197278,101.85452098164158,20.533357207064583,10.690897760326038,20.14385302380334,337.94310131001765,0.16605,2.478092378193548,-0.53835404,Baja,828.8856056430365,2054.055101738352,85.83333,12.0,,0.635036496350365,0.7898550724637681,0.7028985507246377,0.7092633731795903,0.1975051975051975,0.0031185031185031187,34.4,23.85289799493428,14.902927300550797,23.62644495949712,69.74,0.17288933736966028,0.4435474268415742,,EE. UU.,,S&P 400 MidCap
442,MC.PA,LVMH,France,EUR,Consumer Cyclical,Luxury Goods,380.9,187770.45496429998,201.1471956,17.26307442203584,10.606734713737215,16.27532412492524,11537.125376,0.16586,1.243492539618088,-0.3053469,Baja,20053.999616,24936.998912,526.48517,27.0,,0.4666666666666667,0.5666666666666667,0.65,0.561111111111111,0.36174636174636177,0.033264033264033266,34.3,29.28170930494189,15.10093561507915,16.346238036810252,563.73,0.4799947492780259,0.38221362562352335,,Europa,97.0,CAC 40
443,NSC,Norfolk Southern Corporation,United States,USD,Industrials,Railroads,316.99,63338.27703270362,315.31472714460153,27.04086968776516,15.412256277394597,51.50921250238192,1229.6494928897368,0.16985,2.839660947600512,0.099247456,Igual,5037.80447642396,14305.656633348166,356.1111,18.0,,0.4087591240875912,0.49275362318840576,0.1376811594202898,0.34639796889876223,0.16943866943866942,0.49636174636174635,33.8,25.22532789479769,14.563818337666827,25.545063022289252,295.6,-0.06747846935234547,0.12341430329032455,,EE. UU.,,S&P 500
444,ISRG,"Intuitive Surgical, Inc.",United States,USD,Healthcare,Medical Instruments & Supplies,415.41,130553.44253862715,1080.7888035497826,46.75520064384935,33.85453252334004,56.11625488130163,2326.481744278494,0.17423001,-1.247655996938385,-0.033008218,Igual,3719.239399082107,-4640.3313403143065,477.46667,30.0,,0.06779661016949157,0.06779661016949157,0.0847457627118644,0.07344632768361585,0.6133056133056133,0.41424116424116425,33.8,26.30240004743095,13.494479100300703,23.1141365201509,174.46,-0.5800293685756241,0.1493865578585012,,EE. UU.,,S&P 500
445,MDT,Medtronic plc.,Ireland,USD,Healthcare,Medical Devices,87.75,99852.56608237125,896.8445604412283,21.457531728965392,12.642040347446644,20.737986237619506,4814.959607854057,0.106479995,1.8576095856164594,-0.113886,Baja,9258.955645186566,17199.524759296197,104.44,25.0,,0.6101694915254237,0.711864406779661,0.576271186440678,0.632768361581921,0.1528066528066528,0.12058212058212059,33.5,23.482717897143893,15.3969618186501,24.853646091789635,105.16,0.1984045584045584,0.1901994301994301,,EE. UU.,,S&P 500
446,PRY.MI,PRYSMIAN,Italy,EUR,Industrials,Electrical Equipment & Parts,122.3,36601.218516400004,140.9518507,26.8534239162002,18.41492069722319,77.56549487867771,471.875008,0.22361,1.8757342648201505,0.41378522,Baja,2212.999936,4150.999808,157.41176,17.0,,0.416058394160584,0.3188405797101449,0.036231884057971064,0.25704361930956665,0.3762993762993763,0.3898128898128898,33.3,27.888745562291806,19.979217038644048,50.65746354823736,127.02,0.03859362224039242,0.2870953393295175,,Europa,98.0,FTSE MIB
447,CASY,"Caseys General Stores, Inc.",United States,USD,Consumer Cyclical,Specialty Retail,642.28,21118.013588587288,277.7909007425898,30.71736151759726,16.687186512712845,47.16561009609088,447.741766629614,0.19983,1.5113281004514316,0.15378952,Igual,1391.553150728191,2103.0933799672416,790.5263,19.0,,0.050000000000000044,0.25,0.09999999999999998,0.13333333333333333,0.39708939708939706,0.5306652806652807,33.2,17.239038161923453,13.66595773722156,26.357986124233555,360.46,-0.43878059413339976,0.23081257395528443,,EE. UU.,,S&P 500
448,AKZA.AS,AKZO NOBEL,Netherlands,EUR,Basic Materials,Specialty Chemicals,57.22,9807.508,26.98111826,15.372269592476488,12.110962606741573,11.893294181671596,824.625024,0.14142999,2.92790268164794,-0.024332523,Baja,1068.0,3127.000064,65.375,16.0,,0.6296296296296297,0.33333333333333337,0.9259259259259259,0.6296296296296297,0.0873180873180873,0.16735966735966737,32.8,28.990644695681596,11.925169937024632,19.08107240311562,91.8,0.6043341488989864,0.14252009786787845,,Europa,99.0,AEX
449,BSX,Boston Scientific Corporation,United States,USD,Healthcare,Medical Devices,42.04,54199.41791555984,743.2265018783307,16.582910015147657,12.78420739885322,24.853646091789635,2180.743127804678,0.15338999,2.116091729043973,-0.5593753,Baja,5080.505273198727,10750.815187980115,59.89655,29.0,,0.8135593220338984,0.6779661016949152,0.47457627118644063,0.6553672316384181,0.2182952182952183,0.0010395010395010396,32.8,23.482717897143893,15.3969618186501,24.853646091789635,52.34,0.2450047573739298,0.42475142721217884,,EE. UU.,,S&P 500
450,ABT,Abbott Laboratories,United States,USD,Healthcare,Medical Devices,98.49,151610.4696008851,845.0108266998982,31.55442563275749,16.911432447112254,23.64024122734906,6413.23699461616,0.10576,2.3214620433169255,-0.25707173,Sube,10391.417213666606,24123.28063779715,120.715,26.0,,0.23728813559322037,0.2542372881355932,0.5254237288135593,0.3389830508474576,0.08627858627858626,0.5478170478170479,32.6,23.482717897143893,15.3969618186501,24.853646091789635,88.27,-0.10376687988628286,0.2256574271499645,,EE. UU.,,S&P 500
451,CRH,CRH PLC,Ireland,USD,Basic Materials,Building Materials,81.88,48459.618168497225,347.44395756674436,14.282510207792,9.216437836534931,26.978763561696333,1796.213457213391,0.15812,2.171236392632762,-0.29432046,Baja,6878.386452730952,14934.602988761611,129.21042,24.0,,0.7037037037037037,0.6666666666666667,0.4814814814814815,0.617283950617284,0.2266112266112266,0.036382536382536385,32.6,14.282510207792,9.293737937307785,47.73190709692578,82.78,0.01099169516365417,0.5780461651196873,,EE. UU.,,S&P 500
452,EXP,Eagle Materials Inc,United States,USD,Basic Materials,Building Materials,167.3,4565.410728945935,66.9192079663249,12.747921297781922,9.49631731036856,203.01966601722825,22.487529501494276,0.2703,2.2157643470413864,-0.26722437,Baja,627.0692283872304,1389.4376393871776,206.4,10.0,,0.7777777777777778,0.5925925925925926,0.07407407407407407,0.4814814814814814,0.3970893970893971,0.04261954261954262,32.5,14.282510207792,9.293737937307785,47.73190709692578,162.64,-0.02785415421398696,0.23371189479976096,P/FCF extremo,EE. UU.,,S&P 400 MidCap
453,WM,"Waste Management, Inc.",United States,USD,Industrials,Waste Management,210.1,74708.744834086,385.49948779611594,29.435738535677274,13.735420460029095,35.760966084190706,2089.1142777910973,0.29841,2.9327244508118437,-0.041733205,Baja,6915.7499915152475,20281.989095818564,256.16,25.0,,0.34306569343065696,0.644927536231884,0.30434782608695654,0.43078035191649916,0.343035343035343,0.158004158004158,32.3,29.435738535677274,13.735420460029095,34.18015382752529,210.1,0.0,0.2192289386006665,,EE. UU.,,S&P 500
454,PG,Procter & Gamble Company (The),United States,USD,Consumer Defensive,Household & Personal Products,150.59,311156.45689168543,1140.3475520820984,22.202057568775544,15.144400724798546,26.336460266183966,11814.665059268065,0.30290002,1.0133725657040435,-0.018329144,Baja,22019.3784478046,22313.834032860068,160.78261,23.0,,0.21052631578947367,0.21052631578947367,0.23684210526315785,0.21929824561403508,0.5945945945945945,0.17463617463617465,31.8,20.97956664826717,13.204359458079086,20.30749355462014,129.92,-0.13726011023308327,0.06768450760342648,,EE. UU.,,S&P 500
455,OR.PA,L'OREAL,France,EUR,Consumer Defensive,Household & Personal Products,374.05,199237.66292670002,112.84602235000001,31.593432909894798,20.474559540198392,31.13872930098238,6398.387712,0.19409001,1.223614574904714,0.012850046,Igual,10349.500416,12663.799552,418.0,24.0,,0.13157894736842102,0.10526315789473684,0.1842105263157895,0.14035087719298245,0.42515592515592515,0.44542619542619544,31.7,20.97956664826717,13.204359458079086,20.30749355462014,243.94,-0.3478411977008422,0.11749766074054269,,Europa,100.0,CAC 40
456,CDNS,"Cadence Design Systems, Inc.",United States,USD,Technology,Software - Application,348.84,85462.17007410833,744.6296507008615,69.71590241717631,45.079522025387746,59.681613972751045,1431.9681453844057,0.23229,0.5192801960400844,0.021366954,Baja,1917.9018462557444,995.9284467093227,406.2404,26.0,,0.11340206185567014,0.19587628865979378,0.25773195876288657,0.18900343642611683,0.58004158004158,0.20062370062370063,31.0,28.731085174809465,21.34611630920217,20.268784752061787,143.76,-0.587891296869625,0.1645464969613577,,EE. UU.,,S&P 500
457,RMS.PA,HERMES INTL,France,EUR,Consumer Cyclical,Luxury Goods,1262.5,132236.191725,131.38585,29.28170930494189,17.319471670776643,26.90666959925527,4914.625024,0.25452,-1.4214852063492063,-0.3896042,Baja,7056.0,-10029.999616,1657.6086,23.0,,0.08333333333333337,0.19999999999999996,0.31666666666666665,0.19999999999999998,0.7494802494802495,0.018711018711018712,31.0,29.28170930494189,15.10093561507915,16.346238036810252,1113.05,-0.11837623762376237,0.312957306930693,,Europa,101.0,CAC 40
458,PODD,Insulet Corporation,United States,USD,Healthcare,Medical Devices,134.47,8296.4615838858,201.5992272377116,24.849611349666933,15.839257840927388,39.36707108286197,210.74622408212574,0.26016,0.6724671028117535,-0.5724596,Baja,547.014970216209,367.84957221595175,170.95651,23.0,,0.38983050847457623,0.35593220338983056,0.22033898305084743,0.3220338983050847,0.5956340956340955,0.0,30.8,23.482717897143893,15.3969618186501,24.853646091789635,127.07,-0.055030861902283124,0.2713356882576039,,EE. UU.,,S&P 500
459,HD,"Home Depot, Inc. (The)",United States,USD,Consumer Cyclical,Home Improvement Retail,295.47,262242.8101278749,1133.6506308709315,20.720274630191337,14.438914395445643,27.389912139172566,9574.430498184034,1.0429599,2.479024752566564,-0.21365267,Baja,21926.85868836711,54357.22543449129,378.34375,32.0,,0.33333333333333337,0.35,0.2833333333333333,0.32222222222222224,0.525987525987526,0.06860706860706861,30.7,17.49212070271248,11.379744329289522,19.3503161320983,219.89,-0.25579585067858,0.2804810979118013,,EE. UU.,,S&P 500
460,BATS.L,BRITISH AMERICAN TOBACCO PLC OR,United Kingdom,GBp,Consumer Defensive,Tobacco,4161.0,105517.59424489537,169.1039435208327,14.09770834018113,10.897076434722763,25.389172376813853,4156.007635020714,0.13424,2.904723855104588,0.06604016,Baja,13202.319741746971,38349.09309657067,5153.846,13.0,,0.736842105263158,0.5789473684210527,0.2894736842105263,0.5350877192982456,0.08004158004158002,0.2286902286902287,30.7,19.291558699572555,10.903177716891074,17.8533750975633,4164.18,0.000764239365537156,0.23860754626291736,,Europa,102.0,FTSE 100
461,KR,Kroger Company (The),United States,USD,Consumer Defensive,Grocery Stores,61.41,32264.056681866547,386.9681103819574,33.643833086270874,7.304494911533386,14.304102389772718,2255.580658100924,0.14442,2.795225617391933,-0.09398055,Baja,7155.05208876852,19999.984892299424,68.31818,22.0,,0.10526315789473684,0.9210526315789473,0.7105263157894737,0.5789473684210525,0.11538461538461539,0.13305613305613306,30.6,17.441823479878735,8.001044287722737,9.222659874846801,39.59,-0.3553167236606415,0.11249275362318834,,EE. UU.,,S&P 500
462,EFX,"Equifax, Inc.",United States,USD,Industrials,Consulting Services,145.54,15211.048420206276,208.61896605438363,24.730621584958055,11.638388791462638,18.045462336966025,842.9292714239043,0.14275,2.7526893269832877,-0.3680417,Baja,1711.8571791689055,4712.210986417964,203.09525,21.0,,0.5036496350364963,0.7173913043478262,0.7608695652173914,0.6606368348672379,0.10914760914760913,0.02286902286902287,30.4,21.488442062823843,11.477830639070968,18.045462336966025,142.91,-0.018070633502817013,0.39546001099354133,,EE. UU.,,S&P 500
463,RTX,RTX Corporation,United States,USD,Industrials,Aerospace & Defense,184.32,220993.3309765618,722.7844307833649,32.10374582726279,17.550788268690123,25.14360002313328,8789.247791614473,0.12274,1.9220509234972472,0.16880155,Baja,14140.190988911552,27178.167148664903,230.78261,23.0,,0.2846715328467153,0.35507246376811596,0.5652173913043479,0.4016537959730597,0.1787941787941788,0.2910602910602911,30.2,31.508485958114548,18.028351817434313,27.794651520363615,189.95,0.03054470486111116,0.2520757921006944,,EE. UU.,,S&P 500
464,LIN,Linde plc,United Kingdom,USD,Basic Materials,Specialty Chemicals,481.7,197539.35204206622,894.9367669037258,30.653525216703144,17.737602595766667,53.36877732322245,3701.402991597309,0.18400998,1.6723340050601396,0.06143403,Igual,12296.050385135746,20563.103186995333,543.03845,26.0,,0.07407407407407407,0.03703703703703709,0.2962962962962963,0.1358024691358025,0.34407484407484407,0.47557172557172556,30.0,28.990644695681596,11.925169937024632,19.08107240311562,307.42,-0.36180195142204685,0.12733745069545366,,EE. UU.,,S&P 500
465,SAIA,"Saia, Inc.",United States,USD,Industrials,Trucking,341.26,8076.908031606884,129.47925194919785,32.663434167086386,15.0507114655514,66.90080234772606,120.72961381877084,0.10767,0.30083275126123704,0.06132281,Baja,547.5914879070641,164.73345387431652,423.66666,21.0,,0.2773722627737226,0.536231884057971,0.07246376811594202,0.29535597164921185,0.35550935550935553,0.22453222453222454,29.2,25.22532789479769,14.563818337666827,25.545063022289252,263.55,-0.2277149387563734,0.24147764168082975,,EE. UU.,,S&P 400 MidCap
466,BN.PA,DANONE,France,EUR,Consumer Defensive,Packaged Foods,59.28,38181.98088432,73.27938696000001,19.630839146886224,10.4788250280814,18.378811213573066,2077.500032,0.121929996,2.014630760155981,-0.2253558,Baja,4511.000064,9087.999488,78.93182,22.0,,0.42105263157894735,0.6578947368421053,0.5789473684210527,0.5526315789473685,0.16008316008316006,0.06444906444906445,28.8,14.039295566362597,8.821863608896443,14.568468706726916,46.99,-0.20732118758434548,0.33150843454790824,,Europa,103.0,CAC 40
467,CCEP.L,COCA-COLA EUROPACIFIC PARTNERS ,United Kingdom,GBp,Consumer Defensive,Beverages - Non-Alcoholic,7785.0,40349.481776529414,18.62476802047433,20.21517123072616,14.314494630530092,25.489248354527806,1583.000064,0.23544,2.8872839125499374,0.16490161,Baja,3531.000064,10194.99968,7879.0127,5.0,,0.368421052631579,0.23684210526315785,0.26315789473684215,0.2894736842105263,0.2723492723492723,0.29002079002079,28.5,23.296840306101117,12.924920986283178,23.41756250634549,7152.26,-0.08127681438664092,0.012076133590237736,,Europa,104.0,FTSE 100
468,XPO,"XPO, Inc.",United States,USD,Industrials,Trucking,181.95,18951.932268626293,164.3497282792997,52.73238194740099,18.13966937269286,44.968615487603486,421.44798240121,0.21587,2.7132513465952837,0.40632248,Baja,1228.5374502729305,3333.3308912957655,225.91304,23.0,,0.03649635036496346,0.32608695652173914,0.19565217391304346,0.18607849359991535,0.2515592515592516,0.3877338877338877,26.6,25.22532789479769,14.563818337666827,25.545063022289252,103.36,-0.4319318494091783,0.24162154438032424,,EE. UU.,,S&P 400 MidCap
469,ROL,"Rollins, Inc.",United States,USD,Consumer Cyclical,Personal Services,32.26,13808.148409169044,183.93280825328998,29.191806778505814,19.106638630133915,30.935998623375777,446.3456498454641,0.37008998,1.1632067277838574,-0.43403506,Baja,769.5377609096389,895.1315007738174,42.41176,17.0,,0.09999999999999998,0.1333333333333333,0.25,0.1611111111111111,0.6164241164241164,0.015592515592515593,25.4,17.49212070271248,11.379744329289522,19.3503161320983,19.33,-0.40080595164290145,0.31468567885926846,,EE. UU.,,S&P 500
470,SYK,Stryker Corporation,United States,USD,Healthcare,Medical Devices,276.97,94509.51920103251,650.4811103987475,28.489736758906723,16.02606103126627,25.85579418789174,3655.254931031718,0.16508,1.6228307505422994,-0.2403456,Baja,6561.689104389022,10648.510854100865,366.15384,26.0,,0.30508474576271183,0.3389830508474576,0.423728813559322,0.35593220338983045,0.31081081081081086,0.0550935550935551,25.2,23.482717897143893,15.3969618186501,24.853646091789635,264.87,-0.043687041917897296,0.32199819475033387,,EE. UU.,,S&P 500
471,PEN,"Penumbra, Inc.",United States,USD,Healthcare,Medical Devices,317.52,11126.163441281906,98.45824628341362,77.88161017562147,59.040171260512416,77.63450860473554,143.31466304409935,0.1137,-2.183672609432059,0.21893358,Baja,181.72925347380672,-396.8371931432876,361.58334,12.0,,0.0,0.0,0.03389830508474578,0.011299435028248594,0.5062370062370063,0.3097713097713098,24.9,23.482717897143893,15.3969618186501,24.853646091789635,95.74,-0.6984756865709247,0.13877343159486033,,EE. UU.,,S&P 400 MidCap
472,AI.PA,AIR LIQUIDE,France,EUR,Basic Materials,Specialty Chemicals,167.94,107173.2579615,127.50710148,30.280064389281833,16.049702121105216,440.4757656240557,243.312496,0.13967,1.9932715600376643,0.08177996,Igual,7624.500224,15197.699456,197.325,20.0,,0.11111111111111116,0.07407407407407407,0.0,0.06172839506172841,0.19126819126819128,0.487006237006237,22.8,28.990644695681596,11.925169937024632,19.08107240311562,118.66,-0.2934381326664285,0.17497320471597,P/FCF extremo,Europa,105.0,CAC 40
473,RHM.DE,RHEINMETALL AG                I,Germany,EUR,Industrials,Aerospace & Defense,934.9,43629.9720987,177.930168,36.0578281807438,20.066220520443192,67.87857559407965,642.764992,0.25688,1.1787877580585138,-0.507864,Baja,2310.000128,2722.999872,1607.9524,21.0,,0.16788321167883213,0.24637681159420288,0.06521739130434778,0.1598258048591276,0.5145530145530146,0.009355509355509356,22.1,31.508485958114548,18.028351817434313,27.794651520363615,816.95,-0.1261632260134773,0.7199191357364423,,Europa,106.0,DAX
474,WMT,Walmart Inc.,United States,USD,Consumer Defensive,Discount Stores,110.56,782710.2587139083,2328.777875719785,39.855282713075184,21.405581913176807,123.44156780321937,6340.734913231514,0.22313999,1.4422208483077619,0.08562446,Baja,39207.33869264627,56545.641269198044,126.775,40.0,,0.052631578947368474,0.07894736842105265,0.0,0.04385964912280704,0.43451143451143454,0.24012474012474014,22.0,18.82733520041669,13.143661159936215,43.051217819463886,52.23,-0.5275868306801736,0.146662445730825,,EE. UU.,,S&P 500
475,BWXT,"BWX Technologies, Inc.",United States,USD,Industrials,Aerospace & Defense,142.22,11591.912349336963,139.5366853541578,36.68707243982167,30.309369197384214,89.48013437816294,129.54732835276,0.28289,2.9626813293822347,-0.25178874,Igual,423.8872511833696,1255.8428448441266,215.50688,16.0,,0.15328467153284675,0.04347826086956519,0.021739130434782594,0.0728340209457315,0.3295218295218295,0.2998960498960499,21.8,31.508485958114548,18.028351817434313,27.794651520363615,78.35,-0.44909295457741527,0.5153064266629166,,EE. UU.,,S&P 400 MidCap
476,WEIR.L,WEIR PLC ORD 12.5P,United Kingdom,GBp,Industrials,Specialty Industrial Machinery,2538.0,7767.611337093099,34.29692994969187,24.939265252687353,15.403514526178611,53.11530737412333,146.24054196620006,0.1393,2.7761594480643925,-0.096683145,Baja,615.14159450192,1707.7311494739008,3287.7498,20.0,,0.4890510948905109,0.5,0.12318840579710144,0.37074650022920413,0.09771309771309769,0.13097713097713098,21.7,26.118976045156405,15.738107918566687,27.328220697674972,2605.25,0.026497241922773807,0.2954096926713947,,Europa,107.0,FTSE 100
477,NOW,"ServiceNow, Inc.",United States,USD,Technology,Software - Application,139.75,128531.36831109646,2203.449764435223,86.51629610778443,51.180952008139776,28.058204184662586,4580.883632650851,0.14244,1.3079048241994853,-0.21374804,Baja,2577.170948409286,3370.694316211268,146.73174,46.0,,0.09278350515463918,0.134020618556701,0.5154639175257731,0.24742268041237112,0.2941787941787942,0.06756756756756757,20.7,28.731085174809465,21.34611630920217,20.268784752061787,56.15,-0.598211091234347,0.04995878354203942,,EE. UU.,,S&P 500
478,OLLI,Ollie's Bargain Outlet Holdings,United States,USD,Consumer Defensive,Discount Stores,86.71,4582.135645036733,129.55395005427582,18.82733520041669,15.250259051694075,43.051217819463886,106.43451862969374,0.14862001,1.4425983222042442,-0.30409312,Baja,331.8545939682887,478.732880474424,99.93333,15.0,,0.4736842105263158,0.1842105263157895,0.13157894736842102,0.2631578947368421,0.3014553014553014,0.034303534303534305,20.6,18.82733520041669,13.143661159936215,43.051217819463886,86.71,0.0,0.15250063429823557,,EE. UU.,,S&P 400 MidCap
479,ECL,Ecolab Inc.,United States,USD,Basic Materials,Specialty Chemicals,281.69,70247.9385078032,318.9552462904294,37.31136088597145,21.217512061810666,53.54246525572091,1312.0041853190044,0.21956,2.123824224185114,0.03532052,Baja,3679.1184136452857,7813.8008105453655,325.0476,21.0,,0.0,0.0,0.2592592592592593,0.08641975308641976,0.3284823284823285,0.21205821205821207,19.7,28.990644695681596,11.925169937024632,19.08107240311562,144.6,-0.4866697433348717,0.15391955695977844,,EE. UU.,,S&P 500
480,VMC,Vulcan Materials Company (Holdi,United States,USD,Basic Materials,Building Materials,246.26,28387.18746864532,237.46623841209615,28.56508759471596,15.663786579882421,37.82605531785206,750.4665033165102,0.13234,2.028756955552612,-0.18302757,Baja,2081.930751216876,4223.731492510113,314.21738,23.0,,0.14814814814814814,0.11111111111111116,0.37037037037037035,0.20987654320987656,0.1767151767151767,0.08212058212058213,16.2,14.282510207792,9.293737937307785,47.73190709692578,131.21,-0.4671891496792008,0.2759578494274344,,EE. UU.,,S&P 500
481,BROS,Dutch Bros Inc.,United States,USD,Consumer Cyclical,Restaurants,39.78,4881.488317870102,140.43841032054561,59.404201970727065,19.949705467287895,3190.977651778731,1.5297782844543075,0.14562,2.913051370268247,-0.18617022,Igual,286.52858067500813,834.6724745563483,72.36,25.0,,0.0,0.08333333333333337,0.0,0.02777777777777779,0.1075883575883576,0.33004158004158,14.2,25.883490249745158,16.634546789820792,32.74244841016279,17.33,-0.5643539467068879,0.8190045248868778,P/FCF extremo,EE. UU.,,S&P 400 MidCap
482,PSA,Public Storage,United States,USD,Real Estate,REIT - Industrial,285.52,47460.216257250766,249.11773624001484,28.90924158437053,18.410980154576936,22.855431068531786,2076.539974894447,0.21929,2.886692854008289,-0.040882945,Baja,3057.159104206498,8825.07933967928,335.05557,18.0,,0.0,0.0,0.0,0.0,0.24116424116424118,0.15904365904365905,12.0,28.90924158437053,18.259659770479196,22.789832994454635,284.7,-0.0028719529279910283,0.17349246987951816,,EE. UU.,,S&P 500
