ranking,ticker,empresa,pais,divisa,sector,industria,precio,cap_meur,vol_meur,per,ev_ebitda,p_fcf,fcf_meur,roe,deuda_neta_ebitda,rent_12m,revision,error,s_per,s_ev_ebitda,s_p_fcf,score_valoracion,score_calidad,score_momentum,puntuacion,indice
1,MU,"Micron Technology, Inc.",United States,USD,Technology,Semiconductors,1088.0,1097423.2106478065,32099.660329435068,14.461507063038122,10.93800014527435,42.06097044731738,26091.247990161373,0.8826,-0.3514695537929141,4.3198333,Sube,,0.8777777777777778,0.8333333333333334,0.37777777777777777,0.6962962962962963,0.8733905579399142,0.997854077253219,84.0,S&P 500
2,APA,APA Corporation,United States,USD,Energy,Oil & Gas E&P,43.81,13708.102498176973,218.9490873133201,9.152594060146702,3.2842481799125878,7.149831138368182,1917.2624126205026,0.26659,0.6008741146853148,0.7926829,Sube,,0.8064516129032258,0.967741935483871,0.935483870967742,0.903225806451613,0.6276824034334765,0.9592274678111588,83.7,S&P 500
3,WEX,WEX Inc.,United States,USD,Technology,Software - Infrastructure,169.96,5173.291304094001,98.2141180372359,16.516996308982037,5.482309102476108,4.351018361595875,1188.9840203286412,0.3019,-0.8084278714161602,0.0778805,Sube,,0.7888888888888889,0.9888888888888889,1.0,0.9259259259259259,0.7864806866952789,0.7446351931330473,83.0,S&P 400 MidCap
4,SDF.DE,K+S Aktiengesellschaft        N,Germany,EUR,Basic Materials,Agricultural Inputs,15.15,2713.365,16.12500855,2.5542360145575143,1.9112533563955902,7.9509615964363105,341.262496,0.21958,0.12402842844301185,0.2865646,Sube,,1.0,1.0,0.9615384615384616,0.9871794871794872,0.5997854077253219,0.842274678111588,82.7,MDAX
5,ANF,Abercrombie & Fitch Company,United States,USD,Consumer Cyclical,Apparel Retail,139.44,5284.517018279861,188.4212336347403,11.039703870044105,7.164379454152339,13.575518827070308,389.26814404634416,0.40609002,0.7085736119712476,0.8567301,Sube,,0.8245614035087719,0.8421052631578947,0.7017543859649122,0.7894736842105262,0.703862660944206,0.9613733905579399,81.5,S&P 400 MidCap
6,EXPE,"Expedia Group, Inc.",United States,USD,Consumer Cyclical,Travel Services,258.86,26470.061126999262,422.02906352487133,14.557174039420433,9.758272457203764,8.62992745512462,3067.2402826840475,0.89489,-0.49723192236874975,0.2243774,Sube,,0.631578947368421,0.631578947368421,0.9122807017543859,0.7251461988304092,0.8937768240343347,0.8197424892703863,80.4,S&P 500
7,ULS,UL Solutions Inc.,United States,USD,Industrials,Specialty Business Services,67.13,4664.892472694887,53.5870696963874,10.322645770652175,7.302716726699029,12.421542829845421,375.5485559721682,0.38712,0.05825242718446606,-0.08973503,Sube,,0.9632352941176471,0.9343065693430657,0.8832116788321168,0.9269178474309432,0.7768240343347639,0.6384120171673819,79.5,S&P 400 MidCap
8,JAZZ,Jazz Pharmaceuticals plc,Ireland,USD,Healthcare,Biotechnology,231.19,13403.28871682231,176.51285121047502,15.952770822310237,8.934355105014594,10.49928336612497,1276.59081571861,0.22114,1.14656101465466,0.6794164,Sube,,0.8448275862068966,0.896551724137931,0.9655172413793104,0.9022988505747126,0.48175965665236054,0.9420600858369099,78.8,S&P 400 MidCap
9,THC,Tenet Healthcare Corporation,United States,USD,Healthcare,Medical Care Facilities,259.83,18684.770252921917,226.21314100877584,9.335677093923843,6.605955864342548,9.307123883617674,2007.5772587287358,0.37337002,2.286952837023137,0.28925574,Sube,,0.9827586206896551,0.9827586206896551,0.9827586206896551,0.9827586206896551,0.4699570815450644,0.8433476394849786,78.7,S&P 400 MidCap
10,SNDK,Sandisk Corporation,United States,USD,Technology,Computer Hardware,1692.42,221312.3677494625,19555.526705705288,21.674315320526215,19.278865580904128,32.095124634922726,6895.513579300838,0.9164,-0.36149638544311397,11.590689,Sube,,0.6333333333333333,0.5444444444444445,0.47777777777777775,0.5518518518518518,0.8798283261802575,1.0,78.5,S&P 500
11,BBY.L,BALFOUR BEATTY PLC ORD 50P,United Kingdom,GBp,Industrials,Engineering & Construction,874.5,4838.036843223101,13.673426440439275,15.818325653513511,16.32246742994709,11.7055609836,413.31097672306356,0.23518999,-5.354497354497354,0.3750955,Sube,,0.8088235294117647,0.44525547445255476,0.9051094890510949,0.7197294976384715,0.7618025751072961,0.8873390557939914,78.3,FTSE 100
12,ADBE,Adobe Inc.,United States,USD,Technology,Software - Application,232.77,80909.57770706611,1042.1186870572565,12.437409003840845,9.250689411739499,9.694260949420997,8346.131606030118,0.61902,0.1154583011945807,-0.31725776,Sube,,0.9444444444444444,0.9,0.9555555555555556,0.9333333333333335,0.8133047210300429,0.5321888412017167,77.7,S&P 500
13,MLI,"Mueller Industries, Inc.",United States,USD,Industrials,Metal Fabrication,60.22,11895.684208016362,81.39478603055615,15.660690651020214,10.949384906315085,25.373470646109052,468.8236928218778,0.26325,-1.277131931182074,0.25894904,Sube,,0.8235294117647058,0.7664233576642336,0.5620437956204379,0.7173321883497925,0.7607296137339057,0.8293991416309012,76.4,S&P 400 MidCap
14,ACS.MC,"ACS,ACTIVIDADES DE CONSTRUCCION",Spain,EUR,Industrials,Engineering & Construction,92.95,24244.3953752,45.056583,23.996891816950246,10.642201442765652,8.151761393816622,2974.129664,0.2408,0.2010636866975218,0.35232067,Sube,,0.5441176470588236,0.7956204379562044,0.9781021897810219,0.7726134249320166,0.6298283261802575,0.8744635193133048,76.0,IBEX 35
15,DECK,Deckers Outdoor Corporation,United States,USD,Consumer Cyclical,Footwear & Accessories,80.38,9776.138600666178,198.93689792768583,10.786230012277796,7.3972858951859894,12.56144367128575,778.2655287475826,0.42558,-0.8517505459378261,-0.1961016,Sube,,0.8421052631578947,0.8245614035087719,0.7719298245614035,0.8128654970760234,0.8562231759656652,0.5783261802575107,75.6,S&P 500
16,CCC.L,COMPUTACENTER PLC ORD 7 5/9P,United Kingdom,GBp,Technology,Information Technology Services,5450.0,6754.328119772261,23.389460067140217,27.996574238864415,15.251706571116571,19.864380421245855,340.0220886098315,0.22564,-0.36309036309036313,0.95183325,Sube,,0.5444444444444445,0.6888888888888889,0.6666666666666667,0.6333333333333334,0.6663090128755365,0.9678111587982833,74.4,FTSE 100
17,BBY,"Best Buy Co., Inc.",United States,USD,Consumer Cyclical,Specialty Retail,84.59,15844.367653184005,273.0039517494996,13.947221677531447,7.437687925838065,12.641572122360547,1253.3542109970895,0.43126,0.6611918062003633,0.10266411,Sube,,0.6666666666666667,0.8070175438596492,0.736842105263158,0.736842105263158,0.7253218884120172,0.7639484978540773,74.2,S&P 500
18,GMED,"Globus Medical, Inc.",United States,USD,Healthcare,Medical Devices,73.75,7365.928554635945,99.59109750462434,15.403658698358388,7.685247053777292,14.882123241106088,494.95145519897505,0.118140005,-0.47830586856249,0.26497853,Sube,,0.8620689655172413,0.9655172413793104,0.8103448275862069,0.8793103448275862,0.4645922746781116,0.8336909871244635,74.1,S&P 400 MidCap
19,WDC,Western Digital Corporation,United States,USD,Technology,Computer Hardware,405.42,135535.196737479,2767.7195442207776,16.34268210139672,30.261923948721765,66.8906377374012,2026.220728670014,1.30853,-0.07756897439600734,2.391979,Sube,,0.8111111111111111,0.30000000000000004,0.23333333333333328,0.4481481481481482,0.8733905579399142,0.9967811158798283,74.0,S&P 500
20,FPE3.DE,FUCHS SE                      N,Germany,EUR,Basic Materials,Specialty Chemicals,43.5,2849.25,3.9571515,8.38014705882353,4.984622144112478,13.025202877277716,218.748992,0.17584999,-0.022847100175746926,0.12686956,Sube,,0.8846153846153846,0.8846153846153846,0.8076923076923077,0.8589743589743589,0.5482832618025751,0.7746781115879828,74.0,MDAX
21,ENS,EnerSys,United States,USD,Industrials,Electrical Equipment & Parts,182.49,5877.9759036370815,84.1191556509005,18.668448576247812,11.540948596149828,10.707619051616614,548.9526546753301,0.18363,0.9297325790357384,0.67996156,Sube,,0.7205882352941176,0.7372262773722628,0.9343065693430657,0.7973736940031486,0.453862660944206,0.9431330472103004,73.8,S&P 400 MidCap
22,CHRD,Chord Energy Corporation,United States,USD,Energy,Oil & Gas E&P,136.05,6646.1336888796295,89.09458440183336,8.85143052877982,3.1266097739242023,7.741810723222853,858.4727690310798,0.10312,0.3344024542361759,0.3980888,Sube,,0.8709677419354839,1.0,0.8709677419354839,0.913978494623656,0.34549356223175964,0.8948497854077253,73.8,S&P 400 MidCap
23,FSLR,"First Solar, Inc.",United States,USD,Technology,Solar,180.13,17289.106019040504,363.0904431335078,11.08727275075062,7.471217865527067,12.109036698441118,1427.7854175853852,0.18509,-0.6425055314304133,-0.22288972,Sube,,0.9666666666666667,0.9555555555555556,0.8555555555555556,0.9259259259259259,0.6266094420600858,0.5665236051502146,72.8,S&P 500
24,CF,"CF Industries Holdings, Inc.",United States,USD,Basic Materials,Agricultural Inputs,114.44,15467.72024783504,253.53065761744017,8.251136288293129,4.7643005004170496,13.565017621555391,1140.2654002642926,0.29867,0.2925380724819097,0.27930307,Igual,,0.9230769230769231,0.9230769230769231,0.7307692307692308,0.858974358974359,0.6877682403433476,0.5890557939914163,72.7,S&P 500
25,IDR.MC,"INDRA SISTEMAS S.A., SERIE A",Spain,EUR,Technology,Information Technology Services,58.74,10280.51955018,53.0398704,23.34333110869915,13.278736240960495,42.172490347500165,243.77312,0.24458,-1.8386518597000354,0.4629357,Sube,,0.5888888888888889,0.7333333333333334,0.3666666666666667,0.562962962962963,0.7585836909871244,0.9130901287553648,72.7,IBEX 35
26,JBL,Jabil Inc.,United States,USD,Technology,Electronic Components,299.47,28026.00496638556,311.98926517854335,30.115728927859887,13.373695007845246,24.602578404976473,1139.1490966945405,0.66369003,0.9062375820417979,0.49707067,Sube,,0.4666666666666667,0.7222222222222222,0.5444444444444445,0.5777777777777778,0.7199570815450644,0.9227467811158798,72.4,S&P 500
27,QLYS,"Qualys, Inc.",United States,USD,Technology,Software - Infrastructure,194.75,6125.3372657518685,125.923947796583,33.206058337448674,25.46954978852664,28.064647154496544,218.25812496525404,0.38592,-1.4643892837787955,0.5470866,Sube,,0.43333333333333335,0.4222222222222223,0.5222222222222221,0.45925925925925926,0.8669527896995708,0.9302575107296137,72.3,S&P 400 MidCap
28,GEV,GE Vernova Inc.,United States,USD,Industrials,Specialty Industrial Machinery,997.09,237170.3450260399,2083.67015037152,27.868459656088934,65.3319445118527,16.890753954021786,14041.430339441316,0.82577,-2.29182578388672,0.6455512,Sube,,0.38235294117647056,0.007299270072992692,0.781021897810219,0.39022470301989404,0.9420600858369099,0.9399141630901288,72.1,S&P 500
29,FRES.L,FRESNILLO PLC ORD USD0.50,Mexico,GBp,Basic Materials,Other Precious Metals & Mining,2688.0,23390.684852010534,33.65062906703264,11.486013624800115,6.092956923101401,13.096289227637566,1786.0543887995643,0.52975,-0.40956849520025507,0.1414696,Igual,,0.7692307692307692,0.7307692307692308,0.7692307692307692,0.7564102564102564,0.851931330472103,0.5332618025751072,71.8,FTSE 100
30,GHC,Graham Holdings Company,United States,USD,Industrials,Conglomerates,1169.6,3416.71148570184,31.15220444787853,7.081674026406209,6.117818978457721,14.291702950093004,239.06958447380867,0.118710004,0.32019804336737717,0.06277478,Sube,,1.0,0.9708029197080292,0.8394160583941606,0.9367396593673966,0.38412017167381973,0.7360515021459227,71.1,S&P 400 MidCap
31,DINO,HF Sinclair Corporation,United States,USD,Energy,Oil & Gas Refining & Marketing,115.63,18359.587795273594,285.46444571783184,10.825247902608812,6.748017945141516,10.098690507248445,1818.0166806870454,0.19504999,0.33593259295091327,1.1891117,Sube,,0.6451612903225806,0.4516129032258065,0.8064516129032258,0.6344086021505376,0.5504291845493562,0.9753218884120172,71.1,S&P 400 MidCap
32,RL,Ralph Lauren Corporation,United States,USD,Consumer Cyclical,Apparel Manufacturing,361.14,12159.847645543254,203.0839432367803,13.852198820928235,9.21266989820487,15.470423069825529,786.0061480322779,0.37537,0.6667712176751193,0.12047529,Sube,,0.7017543859649122,0.6666666666666667,0.6491228070175439,0.672514619883041,0.6995708154506437,0.7693133047210301,71.0,S&P 500
33,BMY,Bristol-Myers Squibb Company,United States,USD,Healthcare,Drug Manufacturers - General,59.7,108913.60475063462,595.4717841059415,13.138339435995201,8.237510192160661,15.028891619914809,7246.948577785539,0.46598998,1.795351407807976,0.3378985,Igual,,0.9310344827586207,0.9137931034482758,0.7931034482758621,0.8793103448275862,0.5740343347639485,0.6180257510729614,70.9,S&P 500
34,GDDY,GoDaddy Inc.,United States,USD,Technology,Software - Infrastructure,97.21,10995.332329299188,186.10152216505904,13.524577472320686,10.841423283530753,10.217372623230872,1076.140876402951,4.42861,1.913633048243281,-0.27435327,Sube,,0.9,0.8444444444444444,0.9333333333333333,0.8925925925925927,0.6244635193133048,0.5439914163090129,70.8,S&P 500
35,G,Genpact Limited,Bermuda,USD,Technology,Information Technology Services,33.65,5025.6423542422635,66.17497735848885,9.657856287563973,7.418751422406963,11.73727882656579,428.17781093070585,0.22447,1.0169658759575029,-0.17732418,Sube,,0.9888888888888889,0.9666666666666667,0.8777777777777778,0.9444444444444445,0.509656652360515,0.5912017167381974,70.8,S&P 400 MidCap
36,HRB,"H&R Block, Inc.",United States,USD,Consumer Cyclical,Personal Services,43.16,4721.641728670542,82.51333758662993,7.216174890313281,6.242389360487716,8.46163120665087,558.0060881121025,7.13542,1.1102011037841801,-0.15500498,Igual,,0.9298245614035088,0.9473684210526316,0.9298245614035088,0.935672514619883,0.742489270386266,0.3605150214592275,70.5,S&P 400 MidCap
37,PEGA,Pegasystems Inc.,United States,USD,Technology,Software - Application,34.35,5043.61251684197,78.50106875926976,17.428032257989855,25.54789465540535,11.129853723137986,453.16071911679705,0.54693,-1.3824017007988212,-0.38434166,Sube,,0.7444444444444445,0.4111111111111111,0.9,0.6851851851851851,0.9055793991416309,0.5225321888412017,70.3,S&P 400 MidCap
38,GOOG,Alphabet Inc.,United States,USD,Communication Services,Internet Content & Information,347.37,1714675.2117366556,5559.130293109292,7.864664486433845,10.384554308564155,84.70831275888021,20242.112679276586,0.48676,-0.7027037421946939,0.403854,Sube,,0.7647058823529411,0.4444444444444444,0.05555555555555558,0.4215686274509804,0.8701716738197425,0.8969957081545064,69.9,S&P 500
39,ARW,"Arrow Electronics, Inc.",United States,USD,Technology,Electronics & Computer Distribution,232.0,10547.563088994424,117.13053841947064,14.551323539488997,9.340594246231733,16.115073392895443,654.5153616020432,0.12036,1.309660634898087,0.9953519,Sube,,0.8666666666666667,0.8777777777777778,0.7222222222222222,0.8222222222222223,0.2575107296137339,0.9688841201716738,69.7,S&P 400 MidCap
40,SNA,Snap-On Incorporated,United States,USD,Industrials,Tools & Accessories,359.89,16626.016539990662,100.86764415118864,18.00916632741929,12.915488736887573,16.7791753721299,990.8720882437625,0.17932,-0.23610026735767675,0.0865438,Sube,,0.7426470588235294,0.6861313868613139,0.7883211678832117,0.7390332045226851,0.5793991416309013,0.7532188841201717,69.5,S&P 500
41,WMG,Warner Music Group Corp.,United States,USD,Communication Services,Entertainment,28.16,3715.350967728816,52.538797216427234,6.255731550315789,5.060443507751196,10.883091314818733,341.38746613932074,0.70074,2.5723684593301437,-0.15436447,Sube,,1.0,0.8333333333333334,0.8888888888888888,0.9074074074074074,0.4946351931330472,0.6115879828326181,69.5,S&P 400 MidCap
42,LNTH,"Lantheus Holdings, Inc.",United States,USD,Healthcare,Drug Manufacturers - Specialty & Generic,100.18,5842.429406464596,118.63849540692496,23.761797524906484,16.75926226929466,14.483902522052182,403.37398001466244,0.22215,0.08071905831028739,0.8664799,Sube,,0.4655172413793104,0.27586206896551724,0.8793103448275862,0.5402298850574713,0.621244635193133,0.9635193133047211,69.2,S&P 400 MidCap
43,NXT,Nextpower Inc.,United States,USD,Technology,Solar,86.04,11659.249121615916,189.84242236555278,21.975757174366304,15.861899367375754,40.28624279891716,289.4101884807511,0.27224,-1.5695887100640402,0.12216556,Sube,,0.6111111111111112,0.6666666666666667,0.4,0.5592592592592593,0.7875536480686696,0.7725321888412018,69.2,S&P 400 MidCap
44,LEA,Lear Corporation,United States,USD,Consumer Cyclical,Auto Parts,119.63,5269.934470923726,68.33393523752771,10.612808484388488,4.948059221769827,6.869391440425118,767.1617663118047,0.12094,1.4762296634502232,0.20887828,Sube,,0.8596491228070176,0.9824561403508771,0.9649122807017544,0.935672514619883,0.23712446351931332,0.8143776824034334,69.0,S&P 400 MidCap
45,CTSH,Cognizant Technology Solutions ,United States,USD,Technology,Information Technology Services,57.07,24108.44002438493,398.5912610446002,12.159509009009007,6.946756689791872,12.184206549359237,1978.663110044928,0.14924,0.258424182358771,-0.1634503,Sube,,0.9555555555555556,0.9777777777777777,0.8444444444444444,0.9259259259259259,0.4645922746781116,0.5965665236051502,68.9,S&P 500
46,TGT,Target Corporation,United States,USD,Consumer Defensive,Discount Stores,150.92,61232.4260341284,542.3188204790554,15.610579985,9.582993535312335,19.971356997461942,3066.0122915989195,0.26408002,1.6042126997920065,0.70756805,Sube,,0.7027027027027026,0.7297297297297297,0.5135135135135135,0.6486486486486487,0.4785407725321888,0.9484978540772533,68.8,S&P 500
47,ELE.MC,"ENDESA,S.A.",Spain,EUR,Utilities,Utilities - Regulated Electric,41.87,42507.857168229995,28.959552979999998,16.181140514897983,9.22762558384578,21.52139719716609,1975.143936,0.29047,1.8631322915866482,0.49391115,Sube,,0.6918103448275862,0.7703862660944206,0.5429184549356223,0.6683716886192097,0.47317596566523606,0.9206008583690988,68.5,IBEX 35
48,ADP,"Automatic Data Processing, Inc.",United States,USD,Technology,Software - Application,264.0,93427.55747069673,529.3713225471377,23.702370215798695,16.517189992513103,19.952205107949627,4682.5680151750275,0.72239,0.2003680758672323,-0.09748882,Sube,,0.5777777777777777,0.6333333333333333,0.6555555555555556,0.6222222222222222,0.8133047210300429,0.630901287553648,68.2,S&P 500
49,INCY,Incyte Corporation,United States,USD,Healthcare,Biotechnology,113.44,20535.970579276607,165.0813546857694,14.260899952741747,9.522955251372053,19.47549945484262,1054.4515495940361,0.30667,-2.3155243241542287,0.32033265,Baja,,0.9137931034482758,0.8620689655172413,0.6551724137931034,0.8103448275862069,0.8304721030042919,0.3605150214592275,68.1,S&P 500
50,GOOGL,Alphabet Inc.,United States,USD,Communication Services,Internet Content & Information,350.5,1836604.9002418194,8456.521476111346,8.42391680691107,11.172963630196676,90.73187810687833,20242.112679276586,0.48676,-0.7027037421946939,0.4213065,Sube,,0.7058823529411764,0.38888888888888884,0.0,0.3649237472766884,0.8701716738197425,0.9034334763948497,67.8,S&P 500
51,EXPD,Expeditors International of Was,United States,USD,Industrials,Integrated Freight & Logistics,190.85,22156.659439736675,186.78047826598015,27.001238417466414,19.264284700505286,31.105672967541693,712.3028478714098,0.4267,-0.3673006632589085,0.58840585,Sube,,0.4117647058823529,0.26277372262773724,0.44525547445255476,0.37326463432088164,0.8261802575107295,0.9324034334763949,67.7,S&P 500
52,AYI,Acuity Inc.,United States,USD,Industrials,Electrical Equipment & Parts,300.42,8031.860118987604,82.2610040558472,16.9268530580463,10.746987942603697,14.469921129665044,555.0728332942565,0.18645,0.07252221996523575,-0.15990573,Sube,,0.7720588235294118,0.7883211678832117,0.8321167883211679,0.7974989265779304,0.5729613733905579,0.5997854077253219,67.1,S&P 400 MidCap
53,CCH.L,COCA-COLA HBC AG ORD CHF6.70 (C,Switzerland,GBp,Consumer Defensive,Beverages - Non-Alcoholic,4248.0,18283.052055794356,33.900075514671805,18.389712387642685,10.967205594906135,11.475858958846327,1593.17504,0.25959998,0.7958277199073786,0.26221693,Sube,,0.5135135135135135,0.4864864864864865,0.8648648648648649,0.6216216216216216,0.5772532188841202,0.8315450643776824,67.1,FTSE 100
54,MMM,3M Company,United States,USD,Industrials,Conglomerates,162.12,74671.12607121115,456.2466661009034,27.897537547374846,14.097706175715171,13.16649947941435,5671.296777701506,0.81891996,1.2110048434032061,0.048974395,Sube,,0.375,0.5985401459854014,0.8540145985401459,0.6091849148418491,0.6866952789699571,0.7274678111587982,66.8,S&P 500
55,LMT,Lockheed Martin Corporation,United States,USD,Industrials,Aerospace & Defense,499.22,102898.83939572742,504.4973770640033,18.32596763795102,13.632475104200413,20.712408119469174,4967.980487937805,0.89165,1.7300619107438018,-0.007587254,Sube,,0.7279411764705883,0.6496350364963503,0.6788321167883211,0.6854694432517533,0.6190987124463518,0.694206008583691,66.8,S&P 500
56,DHL.DE,DHL AG                        N,Germany,EUR,Industrials,Integrated Freight & Logistics,55.56,62185.15435884,86.93989908,16.729931511852467,10.225813037451934,11.46190847631311,5425.375232,0.18090001,2.8201737690278237,0.45191312,Sube,,0.7794117647058824,0.8175182481751825,0.9197080291970803,0.8388793473593816,0.19313304721030045,0.9098712446351931,66.6,DAX
57,EAT,"Brinker International, Inc.",United States,USD,Consumer Cyclical,Restaurants,185.31,6931.363759361006,200.5384456163765,15.936378420123203,11.116776519262586,21.11410221502328,328.2812448652988,1.19568,1.945166627274876,0.5625205,Sube,,0.5263157894736843,0.5087719298245614,0.49122807017543857,0.5087719298245614,0.6040772532188841,0.9313304721030042,66.4,S&P 400 MidCap
58,NXPI,NXP Semiconductors N.V.,Netherlands,USD,Technology,Semiconductors,235.22,52973.385156505145,762.752231049256,19.937497725136183,13.233633285807,16.68468521531931,3174.9706076484313,0.27921,1.529992004799141,0.083052635,Sube,,0.6888888888888889,0.7444444444444445,0.7111111111111111,0.7148148148148148,0.5085836909871244,0.7489270386266095,66.3,S&P 500
59,TTE.PA,TOTALENERGIES,France,EUR,Energy,Oil & Gas Integrated,75.42,166487.74707798002,270.07027128000004,10.451060232652006,5.4884127580767315,13.776543355585806,12084.870840295092,0.14479999,0.7868852797717727,0.4812206,Sube,,0.7419354838709677,0.7096774193548387,0.5806451612903225,0.6774193548387096,0.38412017167381973,0.9184549356223176,66.2,CAC 40
60,CPAY,"Corpay, Inc.",United States,USD,Technology,Software - Infrastructure,402.43,23598.732150555858,178.0054683388784,23.31126868216533,12.143851956945312,13.577083554332544,1738.129698923841,0.29215,2.7011218873095664,0.3918295,Sube,,0.6,0.7666666666666666,0.7777777777777778,0.7148148148148148,0.3605150214592275,0.8937768240343348,66.2,S&P 500
61,EDV.L,ENDEAVOUR MINING PLC ORD USD0.0,United Kingdom,GBp,Basic Materials,Gold,4104.0,11681.886242492117,35.38957307580173,15.57346598777248,4.505429240428792,7.415158539590797,1575.4061332769263,0.31336,-0.06006984287765095,0.29716396,Baja,,0.5384615384615384,0.9615384615384616,1.0,0.8333333333333334,0.7414163090128756,0.3497854077253219,66.1,FTSE 100
62,PATH,"UiPath, Inc.",United States,USD,Technology,Software - Infrastructure,13.07,5328.229029810615,774.8916228035739,16.48451580159395,25.792661881361386,12.579647148851786,423.5594978748631,0.20027,-6.522855794335551,-0.15917844,Sube,,0.8,0.38888888888888884,0.7888888888888889,0.6592592592592593,0.7167381974248928,0.6030042918454935,66.0,S&P 400 MidCap
63,IESC,"IES Holdings, Inc.",United States,USD,Industrials,Engineering & Construction,308.83,10990.915432731219,88.91896610814057,27.096811327519408,21.753156693312054,37.355367329182165,294.2258694949325,0.44522998,-0.5638274336283186,0.70925,Sube,,0.40441176470588236,0.2043795620437956,0.291970802919708,0.30025404322312865,0.8487124463519313,0.9495708154506437,66.0,S&P 400 MidCap
64,PTC,PTC Inc.,United States,USD,Technology,Software - Application,193.6,18782.96442996493,351.0926225211772,17.184963618524204,17.467111282919248,20.39042707075656,921.165817900057,0.35053003,0.9845403272955046,-0.051270723,Sube,,0.7666666666666666,0.6,0.6333333333333333,0.6666666666666666,0.6384120171673819,0.6620171673819742,65.7,S&P 500
65,M,Macy's Inc,United States,USD,Consumer Cyclical,Department Stores,22.79,5315.923981882438,115.15622169853403,7.9362876831200015,6.962296927385715,9.838373160892562,540.3255085925368,0.15993,2.71071424,0.26749432,Sube,,0.9122807017543859,0.8947368421052632,0.8771929824561404,0.8947368421052632,0.15772532188841198,0.8347639484978541,65.6,S&P 400 MidCap
66,SHEL.L,SHELL PLC ORD EUR0.07,United Kingdom,GBp,Energy,Oil & Gas Integrated,3648.0,245340.502733328,432.66588896094356,10.577438139943004,5.492728589511072,12.801838111682528,19164.47471003703,0.14341,0.7239301746671454,0.32091177,Sube,,0.7096774193548387,0.6774193548387097,0.7096774193548387,0.6989247311827956,0.3905579399141631,0.8615879828326181,65.5,FTSE 100
67,EXEL,"Exelixis, Inc.",United States,USD,Healthcare,Biotechnology,58.44,12932.411579734611,121.54452741103219,16.825442132374583,13.531923506145453,19.57559251630617,660.639598467434,0.44393003,-0.6600432767324806,0.5095756,Baja,,0.7931034482758621,0.603448275862069,0.6379310344827587,0.6781609195402298,0.8540772532188842,0.4248927038626609,65.5,S&P 400 MidCap
68,AENA.MC,"AENA, S.M.E., S.A.",Spain,EUR,Industrials,Airports & Air Services,25.36,38040.0,31.39519816,16.945240963821075,11.688200633912134,25.560699064638605,1488.222208,0.27127,1.6633628174460293,0.14946616,Sube,,0.7647058823529411,0.7299270072992701,0.5547445255474452,0.6831258050665522,0.47639484978540775,0.7886266094420601,65.3,IBEX 35
69,EOG,"EOG Resources, Inc.",United States,USD,Energy,Oil & Gas E&P,144.21,68599.33388492426,395.87835247849716,11.170790787024078,5.52972492946649,17.14995405952767,3999.9718743744297,0.22507,0.23063126369940026,0.30570138,Sube,,0.5806451612903225,0.6129032258064516,0.4193548387096774,0.5376344086021505,0.6062231759656652,0.8530042918454936,65.3,S&P 500
70,BF-B,Brown Forman Inc,United States,USD,Consumer Defensive,Beverages - Wineries & Distilleries,25.94,6727.316770821108,53.722221289058666,10.447358961220527,8.155603496661044,10.986392776469021,612.331718672017,0.18122,1.804384431703204,-0.052499115,Sube,,0.9459459459459459,0.8378378378378378,0.8918918918918919,0.8918918918918918,0.32564377682403434,0.6598712446351931,65.2,S&P 500
71,TTC,Toro Company (The),United States,USD,Industrials,Tools & Accessories,96.42,8151.71938966023,62.73370719353798,25.123707422956237,14.890354671555821,15.010697891187926,543.0606523928325,0.26447,1.3401128266033255,0.28478622,Sube,,0.4852941176470589,0.5328467153284672,0.8248175182481752,0.6143194504079005,0.5118025751072961,0.8412017167381974,65.2,S&P 400 MidCap
72,R,"Ryder System, Inc.",United States,USD,Industrials,Rental & Leasing Services,232.32,7956.3997267318555,61.142508354847905,18.033895493441296,6.159807463719843,9.385035052852842,847.775174192161,0.16697,2.958677686900693,0.259439,Sube,,0.7352941176470589,0.9635036496350365,0.9635036496350365,0.8874338056390441,0.1555793991416309,0.8304721030042919,65.1,S&P 400 MidCap
73,EME,"EMCOR Group, Inc.",United States,USD,Industrials,Engineering & Construction,784.66,30911.330121423263,281.4121672333824,24.049669691489942,17.198917657045445,35.379664626892705,873.7033108540836,0.40348998,-0.18908719859785075,0.1863085,Sube,,0.5367647058823529,0.3868613138686131,0.33576642335766427,0.4197974810362101,0.8015021459227467,0.8025751072961373,64.9,S&P 500
74,MUSA,Murphy USA Inc.,United States,USD,Consumer Cyclical,Specialty Retail,511.52,8396.850507054742,123.7666916392422,15.23317416953986,9.737585361793373,24.306915970630815,345.45108549354256,0.86394,2.1012020792722548,0.3700894,Sube,,0.5614035087719298,0.6491228070175439,0.4035087719298246,0.5380116959064328,0.5643776824034334,0.8830472103004292,64.9,S&P 400 MidCap
75,VNT,Vontier Corporation,United States,USD,Technology,Scientific & Technical Instruments,32.27,3896.5096243643193,41.218471968496544,12.537080459770115,8.620340780567576,12.550605107241541,310.46388529235793,0.289,2.381381536113555,-0.17817819,Sube,,0.9333333333333333,0.9111111111111111,0.8,0.8814814814814816,0.40021459227467815,0.5890557939914163,64.9,S&P 400 MidCap
76,IAG.L,INTERNATIONAL CONSOLIDATED AIRL,United Kingdom,GBp,Industrials,Airlines,432.8,22310.400537048212,54.89111927185966,7.25777536305903,4.247663908368215,20.491757998303186,1088.749952,0.42138,0.7380839393248204,0.09924996,Baja,,0.9926470588235294,1.0,0.6934306569343065,0.8953592385859453,0.7027896995708155,0.2628755364806867,64.8,FTSE 100
77,IAG.MC,INTL CONSOLIDATED AIRLINES GROU,United Kingdom,EUR,Industrials,Airlines,5.116,22332.726937368,27.330250107999998,7.265038343296327,4.251176005213498,20.5122644518546,1088.749952,0.42138,0.7380839393248204,0.121697664,Baja,,0.9852941176470589,0.9927007299270073,0.6861313868613139,0.8880420781451267,0.7027896995708155,0.27145922746781115,64.7,IBEX 35
78,FTNT,"Fortinet, Inc.",United States,USD,Technology,Software - Infrastructure,189.28,124031.33667861181,781.3014006141645,65.48654601983803,52.14928611691412,61.29859161783777,2023.3961891306967,1.17442,-1.3514908365454141,1.2122369,Sube,,0.15555555555555556,0.12222222222222223,0.24444444444444446,0.17407407407407408,0.946351931330472,0.9774678111587982,64.7,S&P 500
79,JKHY,"Jack Henry & Associates, Inc.",United States,USD,Technology,Information Technology Services,145.69,9122.674707725771,133.69366371708807,20.316437408130064,14.639955768570134,29.000364990470377,314.5710307688718,0.24040002,0.09365378431865422,-0.033460498,Sube,,0.6666666666666667,0.7111111111111111,0.5111111111111111,0.6296296296296297,0.6459227467811159,0.6684549356223176,64.6,S&P 500
80,SHELL.AS,SHELL PLC,United Kingdom,EUR,Energy,Oil & Gas Integrated,43.25,246315.441121,192.5144,10.619470948920595,5.511678924192477,12.852710280235177,19164.47471003703,0.14341,0.7239301746671454,0.34995306,Sube,,0.6774193548387097,0.6451612903225806,0.6774193548387097,0.6666666666666666,0.3905579399141631,0.8701716738197425,64.5,AEX
81,REGN,"Regeneron Pharmaceuticals, Inc.",United States,USD,Healthcare,Biotechnology,742.12,67032.88557492297,491.4886579477638,17.33925126934371,14.836767460241576,24.48583045332808,2737.6194449558457,0.14043,-1.1245321537938073,0.31011248,Sube,,0.7758620689655172,0.43103448275862066,0.5,0.5689655172413793,0.5343347639484979,0.8551502145922747,64.4,S&P 500
82,BR,"Broadridge Financial Solutions,",United States,USD,Technology,Information Technology Services,160.13,16146.071261850504,156.89543443006664,16.079944507339476,11.716629542301986,15.134937303037248,1066.8079383857337,0.40916002,1.7228856154033607,-0.32941675,Sube,,0.8222222222222222,0.8,0.7444444444444445,0.7888888888888889,0.5579399141630901,0.5300429184549357,64.2,S&P 500
83,AAPL,Apple Inc.,United States,USD,Technology,Consumer Electronics,336.67,4388177.776516941,13687.454304906643,38.10922750755858,29.38435858924292,45.61211508619652,96206.40849967785,1.4875101,0.13065685929459028,0.29283893,Sube,,0.34444444444444444,0.3222222222222222,0.33333333333333337,0.3333333333333333,0.849785407725322,0.8465665236051503,64.2,S&P 500
84,TPR,"Tapestry, Inc.",United States,USD,Consumer Cyclical,Luxury Goods,113.42,20100.58805854747,306.06689828149075,14.732301473505037,12.508345038484288,16.07695885012102,1250.2730302376908,1.97135,1.3857672605166533,-0.0005136728,Sube,,0.6140350877192983,0.42105263157894735,0.631578947368421,0.5555555555555556,0.6984978540772533,0.6984978540772532,64.1,S&P 500
85,GSK.L,GSK PLC ORD 31 1/4P,United Kingdom,GBp,Healthcare,Drug Manufacturers - General,1790.5,84723.88834161058,139.49860358952353,14.881949802915502,8.03594788369304,20.601093245113603,4112.591857798922,0.33383,1.403863976677259,0.08947861,Igual,,0.8793103448275862,0.9310344827586207,0.5689655172413793,0.7931034482758621,0.5665236051502146,0.5064377682403434,63.9,FTSE 100
86,CROX,"Crocs, Inc.",United States,USD,Consumer Cyclical,Footwear & Accessories,115.2,4932.834873228501,107.87134617110615,9.307464207716574,7.600558321563628,10.34536274614342,476.8160377041762,0.42299998,1.6393581785243367,0.4823674,Baja,,0.8947368421052632,0.7719298245614035,0.8596491228070176,0.8421052631578947,0.5793991416309012,0.41952789699570814,63.7,S&P 400 MidCap
87,RR.L,ROLLS-ROYCE HOLDINGS PLC ORD SH,United Kingdom,GBp,Industrials,Aerospace & Defense,1404.4,136488.58432220542,301.1154876377406,38.045180274455866,22.262166846450594,25.11271268501023,5435.039457273582,1.14485,-0.4141651125184554,0.24789584,Sube,,0.125,0.1970802919708029,0.5693430656934306,0.2971411192214112,0.8991416309012876,0.8261802575107295,63.6,FTSE 100
88,REP.MC,"REPSOL,  S.A.",Spain,EUR,Energy,Oil & Gas Integrated,28.64,30462.813478080003,89.40302496000001,8.904651870206875,4.614377639915657,101.07942818563112,301.375008,0.13338,0.6040021197176747,0.9302013,Sube,,0.8387096774193549,0.8387096774193549,0.032258064516129004,0.5698924731182796,0.3894849785407725,0.9656652360515021,63.5,IBEX 35
89,GAP,"Gap, Inc. (The)",United States,USD,Consumer Cyclical,Apparel Retail,23.61,7406.914192153062,149.8982821109303,6.650751811485071,7.853193459516348,33.662050391775125,220.03752314395095,0.33776,2.2036785177111713,0.14983082,Sube,,0.9824561403508771,0.7543859649122807,0.21052631578947367,0.6491228070175439,0.4592274678111588,0.7896995708154506,63.4,S&P 400 MidCap
90,VLO,Valero Energy Corporation,United States,USD,Energy,Oil & Gas Refining & Marketing,424.1,109056.47507351301,1151.9890102804773,16.97623207237298,9.386727971174755,14.508626260588825,7516.664439124301,0.27637,0.2597354239393575,1.5807683,Sube,,0.29032258064516125,0.25806451612903225,0.4838709677419355,0.3440860215053763,0.6684549356223176,0.9849785407725322,63.4,S&P 500
91,HOT.DE,HOCHTIEF AG                   I,Germany,EUR,Industrials,Engineering & Construction,400.2,30113.4279894,25.4090982,33.87657447211028,18.58172532572161,13.493972891919089,2231.620608,0.92904997,0.5776448366286572,0.60342145,Igual,,0.24264705882352944,0.3211678832116789,0.8467153284671532,0.47017675683412047,0.796137339055794,0.6845493562231759,63.2,MDAX
92,ABNB,"Airbnb, Inc.",United States,USD,Consumer Cyclical,Travel Services,160.63,60185.145954543514,677.8418592870872,25.04237494521293,20.940251259853707,21.013926361941504,2864.0600008737692,0.34542,-3.4672221709171387,0.33669472,Sube,,0.26315789473684215,0.052631578947368474,0.5087719298245614,0.2748538011695907,0.8669527896995708,0.8669527896995708,63.0,S&P 500
93,JLL,Jones Lang LaSalle Incorporated,United States,USD,Real Estate,Real Estate Services,296.66,12189.60519694077,97.73790703549496,13.660939580452343,9.734439966472136,9.098338246794807,1339.7617088191864,0.13520001,1.6377172808963356,0.07013953,Sube,,1.0,1.0,0.5,0.8333333333333334,0.24570815450643774,0.740343347639485,62.9,S&P 400 MidCap
94,FFIV,"F5, Inc.",United States,USD,Technology,Software - Infrastructure,466.65,23600.23439365911,243.28705651524206,36.372622397954665,27.154298545549462,36.84809205858183,640.4737145179455,0.1983,-1.4658249244019304,0.3713293,Sube,,0.3666666666666667,0.37777777777777777,0.43333333333333335,0.3925925925925926,0.6866952789699571,0.8851931330472103,62.9,S&P 500
95,BFSA.DE,BEFESA S.A.                   A,Luxembourg,EUR,Industrials,Waste Management,35.05,1401.9999298999999,2.5472938,16.400729141125822,8.277714254810773,6.788117274715448,206.537376,0.11043,2.3481166920497443,0.17774081,Sube,,0.7941176470588236,0.9051094890510949,1.0,0.8997423787033062,0.09549356223175966,0.8015021459227467,62.9,MDAX
96,CHWY,"Chewy, Inc.",United States,USD,Consumer Cyclical,Internet Retail,18.22,3668.570088403146,135.3581323201853,15.00796910632079,10.76938285013876,9.146982288535638,401.0688960228058,0.71988,1.2696577243293246,-0.5257516,Sube,,0.5789473684210527,0.5789473684210527,0.8947368421052632,0.6842105263157895,0.6727467811158798,0.5085836909871244,62.8,S&P 400 MidCap
97,COKE,"Coca-Cola Consolidated, Inc.",United States,USD,Consumer Defensive,Beverages - Non-Alcoholic,188.05,9491.94255963077,85.89454390877465,19.32515977477706,10.732585661168647,23.965099846947485,396.07356615456746,0.97331,2.0115404668503403,0.6226965,,,0.43243243243243246,0.5945945945945945,0.3783783783783784,0.4684684684684684,0.5879828326180258,0.8733905579399142,62.6,S&P 400 MidCap
98,FIX,"Comfort Systems USA, Inc.",United States,USD,Industrials,Engineering & Construction,1741.36,54734.52456555549,632.5049093942375,42.72584564708174,29.834537891347672,33.272970633517566,1645.0146627550773,0.55292,-0.7672103050595095,1.1523998,Sube,,0.08823529411764708,0.051094890510948954,0.3795620437956204,0.1729640761414055,0.8819742489270386,0.9742489270386265,62.6,S&P 500
99,ENR.DE,Siemens Energy AG             N,Germany,EUR,Industrials,Specialty Industrial Machinery,143.6,122181.8542212,278.81778080000004,45.38701865572065,24.761800068538772,19.692061368603966,6204.624896,0.27749002,-1.7648718432688675,0.3601476,Sube,,0.06617647058823528,0.12408759124087587,0.7372262773722628,0.30916344640045795,0.8004291845493563,0.8755364806866952,62.6,DAX
100,MPC,Marathon Petroleum Corporation,United States,USD,Energy,Oil & Gas Refining & Marketing,442.26,115309.83632556068,999.4212329182734,15.107874810309848,10.108196078607932,13.95898565650277,8260.617151063823,0.42099,1.7226732764335084,1.2911346,Sube,,0.4516129032258065,0.22580645161290325,0.5483870967741935,0.40860215053763443,0.5633047210300429,0.9796137339055794,62.6,S&P 500
101,ALGN,"Align Technology, Inc.",United States,USD,Healthcare,Medical Instruments & Supplies,139.87,8874.149056152572,112.6284760842165,24.02532166518806,9.673719963075596,16.724716556909467,530.6008640538905,0.10155,-1.0605911866648312,0.06281459,Sube,,0.39655172413793105,0.8448275862068966,0.7586206896551724,0.6666666666666666,0.453862660944206,0.7371244635193133,62.4,S&P 500
102,APPF,"AppFolio, Inc.",United States,USD,Technology,Software - Application,196.97,4237.30290569666,63.79781809670103,30.118383258785734,23.413587638239733,23.851255434097602,177.6553405083675,0.3209,-0.9548633884272053,-0.1335606,Sube,,0.4555555555555556,0.4555555555555556,0.5555555555555556,0.48888888888888893,0.8079399141630901,0.6180257510729614,62.3,S&P 400 MidCap
103,QCOM,QUALCOMM Incorporated,United States,USD,Technology,Semiconductors,177.12,168917.12625705294,1949.5278005039236,20.425024649139708,16.3431736326012,18.468482101939266,9146.237645557021,0.33754003,0.5805483687045311,0.07903683,Igual,,0.6555555555555556,0.6444444444444444,0.7,0.6666666666666666,0.6920600858369099,0.4957081545064378,62.3,S&P 500
104,EXLS,"ExlService Holdings, Inc.",United States,USD,Technology,Information Technology Services,35.51,4845.355047911662,70.54267761934628,21.70137363029056,14.853666761566652,20.681069513615284,234.28938453699143,0.25944,0.5442326817220379,-0.16603863,Sube,,0.6222222222222222,0.7,0.6,0.6407407407407407,0.6244635193133048,0.5954935622317596,62.2,S&P 400 MidCap
105,ITRK.L,INTERTEK GROUP PLC ORD 1P,United Kingdom,GBp,Industrials,Specialty Business Services,5900.0,10694.452198649964,80.55615981561232,28.292021171508903,13.324564226190477,19.79730307958651,540.1974276828281,0.29943,1.8551164336372845,0.19081342,Sube,,0.3602941176470589,0.6715328467153285,0.7226277372262774,0.5848182338628883,0.48390557939914164,0.805793991416309,62.1,FTSE 100
106,KEX,Kirby Corporation,United States,USD,Industrials,Marine Shipping,137.36,6477.304307805457,62.06815514845604,20.41929816658408,10.84394796319168,20.887696696532306,310.10141529299375,0.10414,1.5263450838960013,0.6843002,Sube,,0.6470588235294117,0.781021897810219,0.6642335766423357,0.697438099327322,0.19206008583690987,0.9452789699570816,62.0,S&P 400 MidCap
107,ASML.AS,ASML HOLDING,Netherlands,EUR,Technology,Semiconductor Equipment & Materials,1610.2,618477.82,964.1668274,58.13635976893294,45.43761325642452,73.29955460640562,8437.675008,0.53942,-0.4149565363317139,0.92110825,Sube,,0.1777777777777778,0.1777777777777778,0.19999999999999996,0.1851851851851852,0.8562231759656653,0.9645922746781116,62.0,AEX
108,CSCO,"Cisco Systems, Inc.",United States,USD,Technology,Communication Equipment,117.39,413344.79240869835,2052.9868158308163,34.88507287693123,25.645707361019234,41.387445490066725,9987.202339122476,0.27319,0.8189572162228584,0.6769515,Sube,,0.4,0.4,0.38888888888888884,0.3962962962962963,0.5944206008583691,0.9409871244635193,61.9,S&P 500
109,FOXA,Fox Corporation,United States,USD,Communication Services,Entertainment,62.7,11279.262479992149,280.80816789134735,7.495156721833847,4.119613392042894,22.740201021588703,496.00539895333543,0.14291,0.8663060728715037,0.03191495,Sube,,0.8235294117647058,0.9444444444444444,0.4444444444444444,0.7374727668845317,0.3626609442060086,0.7145922746781116,61.8,S&P 500
110,UBER,"Uber Technologies, Inc.",United States,USD,Technology,Software - Application,68.45,124867.20688195925,1098.211531062685,14.59580781760571,19.956280784165635,19.298560154456204,6470.28617070825,0.3716,1.2496654942409933,-0.30419016,Sube,,0.8555555555555556,0.5333333333333333,0.6777777777777778,0.6888888888888888,0.6083690987124464,0.5343347639484979,61.8,S&P 500
111,AMAT,"Applied Materials, Inc.",United States,USD,Technology,Semiconductor Equipment & Materials,520.65,369016.8767864371,3306.53997209911,44.58686677783022,40.502167986052804,134.35320724308954,2746.6175490605383,0.41068,-0.18581985343943003,1.4379108,Sube,,0.28888888888888886,0.21111111111111114,0.11111111111111116,0.20370370370370372,0.803648068669528,0.9828326180257511,61.7,S&P 500
112,ITH.L,ITHACA ENERGY PLC ORD 1P,United Kingdom,GBp,Energy,Oil & Gas E&P,274.6,5352.4331740214775,6.1965781861784075,23.014957518240227,3.740050578000403,6.236960284454661,858.1797750680204,0.10168,0.6149032464290055,0.3876518,Sube,,0.032258064516129004,0.9032258064516129,0.967741935483871,0.6344086021505376,0.3197424892703863,0.8916309012875536,61.7,FTSE 100
113,DLTR,"Dollar Tree, Inc.",United States,USD,Consumer Defensive,Discount Stores,116.3,19488.696020210835,263.3798083002425,13.485819297476187,11.356379483541701,20.790456591652312,937.3866290188089,0.46032003,2.641065474467533,0.32289648,Sube,,0.7837837837837838,0.43243243243243246,0.43243243243243246,0.5495495495495496,0.45493562231759654,0.8648068669527897,61.6,S&P 500
114,CNX,CNX Resources Corporation,United States,USD,Energy,Oil & Gas E&P,33.89,4477.83365532612,52.20618896272392,5.280774023417463,4.038020115231062,11.470185067290585,390.388963129768,0.21249,1.2975580098356214,-0.017149627,Igual,,1.0,0.8709677419354839,0.7741935483870968,0.881720430107527,0.44420600858369097,0.4334763948497854,61.6,S&P 400 MidCap
115,PCTY,Paylocity Holding Corporation,United States,USD,Technology,Software - Application,148.02,7013.953515997037,91.67627140829168,29.11493579463073,18.025062227760003,21.82343113236426,321.3955437829988,0.21972999,-0.32464540481243376,-0.052324474,Sube,,0.5,0.5777777777777777,0.5888888888888889,0.5555555555555555,0.6469957081545065,0.6609442060085837,61.5,S&P 400 MidCap
116,HALO,"Halozyme Therapeutics, Inc.",United States,USD,Healthcare,Biotechnology,110.79,11230.235596991037,215.10762412267513,30.402720094004774,13.821394678534446,37.27874690669056,301.25035117463955,1.73674,1.8535760492172746,0.6828221,Sube,,0.2586206896551724,0.5344827586206897,0.2586206896551724,0.3505747126436782,0.6351931330472103,0.944206008583691,61.4,S&P 400 MidCap
117,TTEK,"Tetra Tech, Inc.",United States,USD,Industrials,Engineering & Construction,32.72,7482.189796308963,74.10989008686195,19.215958723244185,14.007337388435408,21.12173853233584,354.2411901773273,0.24297,1.2107477393812014,-0.04190588,Sube,,0.7058823529411764,0.6131386861313868,0.6423357664233577,0.6537856018319737,0.5042918454935622,0.6673819742489271,61.3,S&P 400 MidCap
118,NXT.L,NEXT PLC ORD 10P,United Kingdom,GBp,Consumer Cyclical,Apparel Retail,14575.0,19647.223135326298,52.90902986174218,17.91693025333836,12.495927558672042,22.652839047562683,867.3183566119155,0.54543996,1.2770059705135657,0.16202235,Sube,,0.45614035087719296,0.4385964912280702,0.4385964912280702,0.4444444444444445,0.6545064377682404,0.7929184549356223,61.2,FTSE 100
119,KLAC,KLA Corporation,United States,USD,Technology,Semiconductor Equipment & Materials,196.83,229405.62413449088,1795.9375569652896,53.17255096253783,42.62990150405829,97.86849394923588,2344.01915138781,0.87496,0.206334357064221,0.8582896,Sube,,0.2222222222222222,0.18888888888888888,0.16666666666666663,0.19259259259259257,0.8165236051502145,0.9624463519313304,61.1,S&P 500
120,LRCX,Lam Research Corporation,United States,USD,Technology,Semiconductor Equipment & Materials,329.51,368275.9010203665,2764.6408072241543,56.75627712642421,47.55047251396539,133.42789591443602,2760.1117329807303,0.65066004,-0.16867845618279476,1.3424301,Sube,,0.18888888888888888,0.15555555555555556,0.12222222222222223,0.15555555555555556,0.8465665236051503,0.9817596566523605,61.1,S&P 500
121,CNA.L,CENTRICA PLC ORD 6 14/81P,United Kingdom,GBp,Utilities,Utilities - Independent Power Producers,145.8,7797.899671700834,30.20191175412161,9.287506856962025,1.2762413559924897,3.08300790099723,2529.315500352278,0.19869,-0.14507099729464315,-0.13015312,Baja,,0.9331896551724138,1.0,1.0,0.9777298850574713,0.6105150214592274,0.12017167381974249,61.0,FTSE 100
122,CCK,"Crown Holdings, Inc.",United States,USD,Consumer Cyclical,Packaging & Containers,107.1,10403.052890700857,93.00578279747624,14.857462663392855,8.16276605469644,13.641634453481975,762.5957817719941,0.27367002,2.65531906858609,0.1715622,Sube,,0.5964912280701755,0.7192982456140351,0.6842105263157895,0.6666666666666666,0.34549356223175964,0.7993562231759657,61.0,S&P 400 MidCap
123,RAA.DE,RATIONAL AG                   I,Germany,EUR,Industrials,Specialty Industrial Machinery,566.5,6441.105,6.309677,24.22241996961676,16.814181853543023,30.93803337337552,208.193744,0.32166,-1.1267656323074535,-0.15631849,Sube,,0.5220588235294117,0.3941605839416058,0.45255474452554745,0.4562580506655216,0.8143776824034334,0.6083690987124464,60.9,MDAX
124,DOCU,"DocuSign, Inc.",United States,USD,Technology,Software - Application,68.9,11500.965936709013,196.93795095517956,39.03006286840032,27.811427010099372,9.80976309691138,1172.399967572113,0.17803,-1.346258267848438,-0.04640758,Sube,,0.33333333333333337,0.3555555555555555,0.9444444444444444,0.5444444444444444,0.634656652360515,0.6652360515021459,60.8,S&P 400 MidCap
125,GRMN,Garmin Ltd.,Switzerland,USD,Technology,Scientific & Technical Instruments,276.16,47565.76534852168,222.646986480744,28.370165866229865,21.98596674106629,51.03133291519311,932.0894170561699,0.21886998,-1.0553181505759999,0.07483542,Sube,,0.5222222222222221,0.5,0.3111111111111111,0.4444444444444444,0.6845493562231759,0.7424892703862661,60.6,S&P 500
126,VMI,"Valmont Industries, Inc.",United States,USD,Industrials,Conglomerates,464.59,8055.215656364401,78.11923770910968,17.834147512962627,14.392673121833448,63.15545467456853,127.5458422059002,0.29777,1.0919580509339988,0.19023645,Sube,,0.75,0.5766423357664234,0.08759124087591241,0.471411192214112,0.5847639484978541,0.8047210300429184,60.5,S&P 400 MidCap
127,GD,General Dynamics Corporation,United States,USD,Industrials,Aerospace & Defense,326.63,78925.12073111358,328.2240889650699,19.695140481916873,14.09891412289771,20.083997170284434,3929.7516356897513,0.17803,0.7758178684836943,-0.043615043,Sube,,0.6911764705882353,0.5912408759124088,0.7153284671532847,0.6659152712179762,0.4586909871244635,0.6663090128755365,60.4,S&P 500
128,CRUS,"Cirrus Logic, Inc.",United States,USD,Technology,Semiconductors,112.68,5043.556173600238,81.05354989485564,13.115990225184396,9.312754465808476,12.52168787841473,402.7856485941065,0.20903999,-1.4499538361548503,-0.061799526,Baja,,0.9222222222222223,0.8888888888888888,0.8111111111111111,0.8740740740740741,0.6931330472103004,0.15450643776824036,60.4,S&P 400 MidCap
129,CART,Maplebear Inc.,United States,USD,Consumer Cyclical,Internet Retail,45.21,9582.822948194425,163.13172743786444,22.732718249999998,15.862148822399996,11.689873806870226,819.7541826809565,0.16001,-1.3056,0.1467843,Sube,,0.29824561403508776,0.3157894736842105,0.7894736842105263,0.4678362573099415,0.5976394849785408,0.7864806866952789,60.2,S&P 400 MidCap
130,FDX,FedEx Corporation,United States,USD,Industrials,Integrated Freight & Logistics,289.04,61094.49141524277,406.75247269706904,15.455766947749247,8.257364496309128,12.093292501132662,5051.932003589645,0.14846,2.481678578462489,0.49496198,Igual,,0.8308823529411764,0.9124087591240876,0.8978102189781022,0.8803671103477887,0.1587982832618026,0.6716738197424893,60.1,S&P 500
131,HSY,The Hershey Company,United States,USD,Consumer Defensive,Confectioners,160.34,20951.848586785698,212.41936292886902,15.754200262879172,10.505445841484274,13.454461982116326,1557.2416507352652,0.32808998,1.885680925364621,-0.17774594,Sube,,0.6756756756756757,0.6486486486486487,0.7297297297297297,0.6846846846846847,0.4957081545064378,0.5901287553648069,60.0,S&P 500
132,LULU,lululemon athletica inc.,Canada,USD,Consumer Cyclical,Apparel Retail,91.88,8664.84079813859,383.7871262777701,6.842129931589298,4.3849400569317,8.447408614164173,1025.7395130158422,0.30898002,0.3151901841571244,-0.46453494,Baja,,0.9649122807017544,1.0,0.9473684210526316,0.9707602339181287,0.6931330472103003,0.012875536480686695,60.0,S&P 500
133,TER,"Teradyne, Inc.",United States,USD,Technology,Semiconductor Equipment & Materials,411.78,57495.98738698954,1055.6715004748382,55.97015548673734,42.60984101755497,147.18965280148453,390.6251988007247,0.36465,-0.16924912992141525,1.9759336,Sube,,0.21111111111111114,0.19999999999999996,0.0888888888888889,0.16666666666666666,0.7811158798283262,0.9935622317596566,59.9,S&P 500
134,ASM.AS,ASM International N.V.,Netherlands,EUR,Technology,Semiconductor Equipment & Materials,898.6,43866.9867524,146.1447096,40.840692728146514,37.02579389019744,186.44983640761367,235.275008,0.26798,-0.9608589954970558,0.72946334,Sube,,0.3222222222222222,0.25555555555555554,0.06666666666666665,0.2148148148148148,0.7585836909871244,0.9527896995708154,59.9,AEX
135,WFRD,Weatherford International plc,United States,USD,Energy,Oil & Gas Equipment & Services,76.42,4880.751377113251,75.21200179725231,14.931571004590163,6.4445155949192685,9.793826142795698,498.34980792501744,0.22793,0.5618945102260494,0.22682631,Igual,,0.5161290322580645,0.5161290322580645,0.8387096774193549,0.6236559139784946,0.5847639484978541,0.5718884120171674,59.6,S&P 400 MidCap
136,DXCM,"DexCom, Inc.",United States,USD,Healthcare,Medical Devices,84.3,28410.862256176733,337.2863782922731,31.821059825721633,22.279726643030216,31.15225305875315,912.0002396807014,0.38491002,-0.39096355758266815,0.23030388,Sube,,0.24137931034482762,0.2068965517241379,0.3448275862068966,0.26436781609195403,0.8111587982832618,0.8240343347639485,59.6,S&P 500
137,DSY.PA,DASSAULT SYSTEMES,France,EUR,Technology,Software - Application,21.61,28396.70799889,40.78941525,21.450903932642504,15.511914168404363,22.41012296781176,1267.137536,0.15088001,-1.3557469299768923,-0.25234622,Sube,,0.6444444444444444,0.6777777777777778,0.5777777777777777,0.6333333333333333,0.5826180257510729,0.555793991416309,59.5,CAC 40
138,KEYS,Keysight Technologies Inc.,United States,USD,Technology,Scientific & Technical Instruments,381.42,57993.22671694689,419.6904346786193,50.76993540940119,38.33672015895171,34.777934480082195,1667.5293568731176,0.20897,0.09481754534746764,1.2536299,Sube,,0.23333333333333328,0.23333333333333328,0.4555555555555556,0.3074074074074074,0.5944206008583691,0.9785407725321889,59.5,S&P 500
139,ITW,Illinois Tool Works Inc.,United States,USD,Industrials,Specialty Industrial Machinery,261.15,66424.77796832132,305.133226198327,23.286012204323594,17.318043676922684,30.56947059451135,2172.9122773963795,1.04618,1.8424885335333887,0.05693376,Sube,,0.5735294117647058,0.35766423357664234,0.4744525547445255,0.46854873336195785,0.6212446351931331,0.7328326180257511,59.4,S&P 500
140,WSM,"Williams-Sonoma, Inc.",United States,USD,Consumer Cyclical,Specialty Retail,240.46,25291.24675056254,227.39272161656513,24.017387315278825,17.363079966029137,26.482708534595172,955.009821503862,0.54960996,0.30066276653684915,0.26759458,Sube,,0.2807017543859649,0.19298245614035092,0.33333333333333337,0.2690058479532164,0.7854077253218884,0.8358369098712446,59.4,S&P 500
141,TXN,Texas Instruments Incorporated,United States,USD,Technology,Semiconductors,288.98,235698.30723597697,1648.6824144205598,43.86078097180821,28.46232312061765,74.44053669759094,3166.262868220356,0.35176,0.7406512403361345,0.6367291,Sube,,0.30000000000000004,0.34444444444444444,0.18888888888888888,0.2777777777777778,0.6706008583690988,0.9388412017167382,59.4,S&P 500
142,WTS,"Watts Water Technologies, Inc.",United States,USD,Industrials,Specialty Industrial Machinery,348.26,8543.014130216006,61.2563134818057,24.92332943616467,16.229731217900174,41.80986142320081,204.33012307176372,0.18805,-0.23425129087779686,0.29275596,Sube,,0.5,0.45255474452554745,0.24087591240875916,0.39781021897810226,0.601931330472103,0.8454935622317596,59.3,S&P 400 MidCap
143,IMB.L,IMPERIAL BRANDS PLC ORD 10P,United Kingdom,GBp,Consumer Defensive,Tobacco,2488.0,22070.772405234235,82.9218654525721,10.753723485799771,7.326935114123505,7.468893381520602,2955.0257685886013,0.37151,2.6730577689243025,-0.20954823,Igual,,0.9189189189189189,0.8918918918918919,0.972972972972973,0.9279279279279279,0.41523605150214593,0.3208154506437768,59.2,FTSE 100
144,PUIG.MC,"PUIG BRANDS, S.A. CLASE B",Spain,EUR,Consumer Defensive,Household & Personal Products,18.16,3085.8337687199996,8.87609952,5.306651721624207,4.795658747667828,6.139936346401795,502.584,0.15607001,1.6316649152412466,0.27583802,Baja,,1.0,1.0,1.0,1.0,0.29828326180257514,0.33798283261802575,59.1,IBEX 35
145,GNTX,Gentex Corporation,United States,USD,Consumer Cyclical,Auto Parts,21.08,4009.14825181626,44.93537491991766,11.183603189528954,7.109840613305719,12.581850115991175,318.64536732326405,0.16354999,-0.3867913415928691,-0.19015408,Igual,,0.8070175438596492,0.8596491228070176,0.7543859649122807,0.8070175438596491,0.5590128755364807,0.33047210300429186,59.0,S&P 400 MidCap
146,MEDP,"Medpace Holdings, Inc.",United States,USD,Healthcare,Diagnostics & Research,604.25,15062.683258926734,149.75445219397307,34.31458297812818,27.00759413244437,33.044147319231676,455.83513211612694,1.6215401,-0.586675392670157,0.13540494,Sube,,0.1724137931034483,0.10344827586206895,0.3275862068965517,0.20114942528735633,0.9227467811158798,0.7757510729613735,59.0,S&P 400 MidCap
147,AA,Alcoa Corporation,United States,USD,Basic Materials,Aluminum,42.48,10012.431035220035,176.40763720551783,8.813579578301885,5.228850205518644,11.668876437052276,858.0458529346907,0.18226999,0.3777585079287995,0.16486776,Baja,,0.8461538461538461,0.8076923076923077,0.9230769230769231,0.8589743589743589,0.5214592274678111,0.296137339055794,58.9,S&P 400 MidCap
148,AGCO,AGCO Corporation,United States,USD,Industrials,Farm & Heavy Construction Machinery,109.15,6826.82366065828,97.77791897892025,14.330639708192725,9.84486278010083,16.97668202050299,402.1294415724712,0.118269995,2.288552756030051,0.06498623,Sube,,0.875,0.8321167883211679,0.7737226277372262,0.8269464720194648,0.1190987124463519,0.7381974248927039,58.8,S&P 400 MidCap
149,APH,Amphenol Corporation,United States,USD,Technology,Electronic Components,87.55,192816.18777198027,970.1050344717039,41.97523156027429,24.228112828091106,56.54117479197914,3410.190688137823,0.38115,1.4151123768447922,0.40901506,Sube,,0.3111111111111111,0.4444444444444444,0.28888888888888886,0.3481481481481481,0.594420600858369,0.8991416309012876,58.7,S&P 500
150,ELV,"Elevance Health, Inc.",United States,USD,Healthcare,Healthcare Plans,404.31,78309.17290500781,431.9205373063847,17.667222654041254,9.756418374044102,20.361073807840608,3846.023723702266,0.11133,-0.7772703977632411,0.10418391,Igual,,0.7586206896551724,0.8275862068965517,0.603448275862069,0.7298850574712644,0.46459227467811154,0.5150214592274678,58.6,S&P 500
151,MANH,"Manhattan Associates, Inc.",United States,USD,Technology,Software - Application,202.11,10524.306545743639,140.21639351191692,56.05218181416549,40.32765910856684,36.697030977155,286.7890471110683,0.96378,-0.45765034887584455,-0.029009104,Sube,,0.19999999999999996,0.2222222222222222,0.4444444444444444,0.28888888888888886,0.8948497854077253,0.6716738197424893,58.6,S&P 400 MidCap
152,ACN,Accenture plc,Ireland,USD,Technology,Information Technology Services,196.64,107468.77554684332,1151.7143149900228,14.38167715796508,8.592890810534168,10.761973153947551,9985.973204869331,0.26025,0.03974904807801059,-0.23551267,Baja,,0.8888888888888888,0.9222222222222223,0.9111111111111111,0.9074074074074074,0.6781115879828326,0.06437768240343347,58.6,S&P 500
153,UNP,Union Pacific Corporation,United States,USD,Industrials,Railroads,274.68,145736.64779040046,657.585183986909,22.262027372466513,14.920495268106707,34.5666800879745,4216.101963494642,0.39696,2.2551226328245417,0.1889534,Sube,,0.6102941176470589,0.5255474452554745,0.35036496350364965,0.49540217546872767,0.48390557939914164,0.8036480686695279,58.4,S&P 500
154,GEHC,GE HealthCare Technologies Inc.,United States,USD,Healthcare,Medical Devices,64.67,26273.083860941944,235.42939104363742,14.820076951690139,10.542680793585184,18.700263456637018,1404.9579526975708,0.19376,2.355134919768615,-0.13789433,Sube,,0.896551724137931,0.7758620689655172,0.6896551724137931,0.7873563218390806,0.27896995708154504,0.6158798283261803,58.3,S&P 500
155,BNZL.L,BUNZL PLC ORD 32 1/7P,United Kingdom,GBp,Consumer Defensive,Food Distribution,2650.0,9850.751888464418,35.69542064785763,17.072889240687676,10.625405537837567,11.886100519329608,828.7622902435302,0.18155001,2.200181870928007,0.09433961,Sube,,0.5945945945945945,0.6216216216216216,0.8378378378378378,0.6846846846846847,0.27145922746781115,0.759656652360515,58.3,FTSE 100
156,CI,The Cigna Group,United States,USD,Healthcare,Healthcare Plans,278.51,65726.46106297488,414.3580111940622,11.470326956960722,7.698277270418441,9.222113194842333,7127.049915168448,0.16758,1.9298480518154608,-0.10558742,Igual,,0.9482758620689655,0.9482758620689655,1.0,0.9655172413793104,0.2757510729613734,0.37875536480686695,58.3,S&P 500
157,FTI,TechnipFMC plc,United Kingdom,USD,Energy,Oil & Gas Equipment & Services,68.4,23956.554201689083,186.18932375627932,22.81732233684927,13.648020615851738,18.330415764634566,1306.9291231194657,0.35814,0.1264744550386303,0.8430908,Sube,,0.09677419354838712,0.032258064516129004,0.3870967741935484,0.17204301075268816,0.7435622317596566,0.9603004291845494,58.0,S&P 400 MidCap
158,CMI,Cummins Inc.,United States,USD,Industrials,Specialty Industrial Machinery,517.32,63753.50166166825,467.05080484214847,26.292634422729797,15.088944303918378,32.0199629532578,1991.0548227283875,0.21114,0.8689242839751758,0.22679043,Sube,,0.4338235294117647,0.5182481751824817,0.4233576642335767,0.45847645627594097,0.5,0.8208154506437768,58.0,S&P 500
159,MIDD,The Middleby Corporation,United States,USD,Industrials,Specialty Industrial Machinery,105.24,4250.441595416286,56.157898794768066,14.870827059330828,9.393452269123689,7.878183825758889,539.520489674135,0.10974,2.618327099625977,-0.025905907,Sube,,0.8602941176470589,0.8613138686131387,0.9854014598540146,0.9023364820380708,0.05472103004291845,0.6738197424892703,57.9,S&P 400 MidCap
160,ANET,"Arista Networks, Inc.",United States,USD,Technology,Computer Hardware,215.83,243110.85826726403,1220.7743184080791,67.3021093483917,55.79507049143698,69.94969448554085,3475.5099368949636,0.31476,-2.875958965401598,0.36858165,Sube,,0.12222222222222223,0.11111111111111116,0.2222222222222222,0.15185185185185188,0.842274678111588,0.880901287553648,57.8,S&P 500
161,DCI,"Donaldson Company, Inc.",United States,USD,Industrials,Specialty Industrial Machinery,87.26,9033.097421324881,52.49462098877272,22.288051689158223,15.760395023178253,31.425565820565648,287.4442252814873,0.28205,1.5867433183856503,0.08500898,Sube,,0.6029411764705883,0.46715328467153283,0.43795620437956206,0.5026835551738943,0.5042918454935623,0.7510729613733906,57.8,S&P 400 MidCap
162,CRM,"Salesforce, Inc.",United States,USD,Technology,Software - Application,224.56,165056.38575281235,2700.4676724023834,19.12780765386469,16.728883969823794,10.42263618019894,15836.337650007263,0.19381,2.401193806622062,-0.06421828,Sube,,0.7,0.6222222222222222,0.9222222222222223,0.7481481481481481,0.27253218884120173,0.6534334763948497,57.7,S&P 500
163,G1A.DE,GEA Group AG                  I,Germany,EUR,Industrials,Specialty Industrial Machinery,67.85,11046.0929024,24.42864615,25.280917708178617,14.596324379982901,38.255399259163376,288.745984,0.18450001,-0.09600880951592523,0.092209816,Sube,,0.47058823529411764,0.5620437956204379,0.26277372262773724,0.4318019178474309,0.5793991416309012,0.7575107296137339,57.4,"DAX, MDAX"
164,AVY,Avery Dennison Corporation,United States,USD,Consumer Cyclical,Packaging & Containers,166.97,11406.315769368352,136.441904052095,18.11831488613431,10.813297561961592,12.713119234969142,897.2082742678718,0.3116,2.278984259891411,0.040071607,Sube,,0.4385964912280702,0.543859649122807,0.7192982456140351,0.5672514619883041,0.434549356223176,0.7178111587982833,57.3,S&P 500
165,HWDN.L,HOWDEN JOINERY GROUP PLC ORD 10,United Kingdom,GBp,Consumer Cyclical,"Furnishings, Fixtures & Appliances",754.5,4842.301302090987,13.683436064717979,15.409836803100339,10.907150782144596,17.96717150637473,269.5082695889525,0.23942,0.9252676923076922,-0.077717066,Sube,,0.543859649122807,0.5263157894736843,0.5614035087719298,0.543859649122807,0.5407725321888412,0.6437768240343348,57.3,FTSE 100
166,AMGN,Amgen Inc.,United States,USD,Healthcare,Drug Manufacturers - General,413.08,199450.90748111665,1004.0862212206445,25.543207936707617,15.441235524584846,25.830899786307082,7721.407660249034,0.91473,2.508396823346725,0.36650598,Sube,,0.3275862068965517,0.39655172413793105,0.43103448275862066,0.3850574712643678,0.5139484978540773,0.8787553648068669,57.2,S&P 500
167,FIVE,"Five Below, Inc.",United States,USD,Consumer Cyclical,Specialty Retail,204.235,10041.981584311554,203.79077291769673,18.159378902608506,14.742886050957507,30.607429135510902,328.0896784846524,0.28250998,1.0370062189707745,0.3652445,Sube,,0.42105263157894735,0.33333333333333337,0.24561403508771928,0.3333333333333333,0.5815450643776824,0.8776824034334765,57.1,S&P 400 MidCap
168,SAP.DE,SAP SE                        I,Germany,EUR,Technology,Software - Application,187.62,216551.79800784,473.7526953,27.777296705852738,18.270901223795917,23.821443479706225,9090.624512,0.18320999,-0.14336731428571428,-0.20489037,Sube,,0.5555555555555556,0.5666666666666667,0.5666666666666667,0.562962962962963,0.5783261802575107,0.572961373390558,57.1,DAX
169,IT,"Gartner, Inc.",United States,USD,Technology,Information Technology Services,185.77,10477.121732607142,209.46022233945322,15.130161223296117,9.807041644110141,11.145457762249514,940.0351206833266,1.13581,1.3301456834786893,-0.24210006,Baja,,0.8333333333333334,0.8666666666666667,0.8888888888888888,0.862962962962963,0.6877682403433476,0.06223175965665236,57.0,S&P 500
170,PR,Permian Resources Corporation,United States,USD,Energy,Oil & Gas E&P,22.17,16583.652051961628,186.67705332790243,15.03749017586358,5.0733661516464705,40.51031954152362,409.3685816267917,0.114029996,0.7095325998464885,0.7126436,Sube,,0.4838709677419355,0.7741935483870968,0.12903225806451613,0.4623655913978495,0.3304721030042918,0.9506437768240343,56.9,S&P 400 MidCap
171,MAS,Masco Corporation,United States,USD,Industrials,Building Products & Equipment,68.87,12128.56460826644,145.67494571580463,15.34496983514124,10.958420583620688,15.137576619981177,801.2223430966537,58.625,1.9529177294429707,0.016276717,Baja,,0.8382352941176471,0.7591240875912408,0.8102189781021898,0.8025261199370259,0.6180257510729614,0.20708154506437768,56.9,S&P 500
172,VLTO,Veralto Corp,United States,USD,Industrials,Pollution & Treatment Controls,95.73,20843.46894640594,142.08289777126703,23.621798401943323,17.850601937496403,28.91539359138071,720.8433418184251,0.34312,1.060431562589928,-0.07259613,Sube,,0.5514705882352942,0.34306569343065696,0.5036496350364963,0.4660619722341492,0.6244635193133047,0.648068669527897,56.8,S&P 500
173,TWLO,Twilio Inc.,United States,USD,Technology,Software - Infrastructure,273.0,37444.1425075422,695.411642837297,36.49734620658291,80.70143745598311,43.91653478379382,852.6206061540155,0.13497,-3.182844228183622,1.4586585,Sube,,0.3555555555555555,0.07777777777777772,0.34444444444444444,0.25925925925925924,0.5622317596566524,0.9839055793991416,56.8,S&P 400 MidCap
174,RRC,Range Resources Corporation,United States,USD,Energy,Oil & Gas E&P,39.83,8312.4882663256,97.54853997615052,10.830039405836885,6.356266257272019,20.479198803780186,405.8990952708182,0.19475001,0.6257345902867856,0.011883736,Sube,,0.6129032258064516,0.5806451612903225,0.29032258064516125,0.49462365591397844,0.5246781115879828,0.7049356223175965,56.7,S&P 400 MidCap
175,REL.L,RELX PLC ORD 14 51/116P,United Kingdom,GBp,Industrials,Specialty Business Services,2599.0,53330.35137367386,129.741729376713,19.96516597075984,16.356989175394897,20.230116880987882,2636.1860234131095,1.31864,2.6385177351154314,-0.24912381,Sube,,0.6764705882352942,0.43795620437956206,0.708029197080292,0.6074853298983828,0.5214592274678111,0.5579399141630901,56.7,FTSE 100
176,AOS,A.O. Smith Corporation,United States,USD,Industrials,Specialty Industrial Machinery,55.34,5438.990538500608,76.06975453833475,12.172722012312612,8.403615020640144,12.566767617341254,432.8074413499287,0.27133,0.6327676665159696,-0.19938087,Baja,,0.9044117647058824,0.8832116788321168,0.8759124087591241,0.8878452840990411,0.6276824034334765,0.07618025751072961,56.6,S&P 500
177,EEFT,"Euronet Worldwide, Inc.",United States,USD,Technology,Software - Infrastructure,62.52,2125.984284350034,36.231540553792776,8.254004427461858,4.5678398459454375,7.638537872771566,278.3234592484441,0.22371,0.9473763310782625,-0.26568818,Baja,,1.0,1.0,0.9777777777777777,0.9925925925925926,0.5160944206008584,0.04721030042918455,56.6,S&P 400 MidCap
178,VRT,"Vertiv Holdings, LLC",United States,USD,Industrials,Electrical Equipment & Parts,246.49,84751.38206439037,1141.5263369069135,54.78968519790417,35.50968322980792,35.19169722045412,2408.2777688576834,0.43943,0.08496346829749278,0.512367,Sube,,0.014705882352941124,0.021897810218978075,0.34306569343065696,0.1265564620008587,0.7907725321888411,0.9259656652360515,56.6,S&P 500
179,LIVN,LivaNova PLC,United Kingdom,USD,Healthcare,Medical Devices,75.93,3736.0606223648574,43.948913847285446,22.18607056901012,15.447877551568784,69.86916067867679,53.472241344743345,0.15404001,-0.6330102330301609,0.40397227,Sube,,0.5344827586206897,0.3793103448275862,0.051724137931034475,0.3218390804597701,0.555793991416309,0.898068669527897,56.5,S&P 400 MidCap
180,UPS,"United Parcel Service, Inc.",United States,USD,Industrials,Integrated Freight & Logistics,92.29,61764.525460463155,401.26672346323977,15.132923090692378,7.710812462215989,12.362791950283764,4996.001365132208,0.29602,1.987752378423089,0.0795362,Baja,,0.8455882352941176,0.9197080291970803,0.8905109489051095,0.8852690711321025,0.45386266094420596,0.24678111587982832,56.4,S&P 500
181,WDAY,"Workday, Inc.",United States,USD,Technology,Software - Application,184.26,32254.271288924167,647.1431166366298,28.868871424773964,23.003757841109707,11.855060865207125,2720.7174771734617,0.16006,0.23266074148802018,-0.21699893,Sube,,0.5111111111111111,0.4666666666666667,0.8666666666666667,0.6148148148148148,0.4881974248927039,0.5697424892703863,56.3,S&P 500
182,FOX,Fox Corporation,United States,USD,Communication Services,Entertainment,55.98,11011.499674878416,57.9364619963997,7.317226277164678,4.042381862479361,22.200362532574744,496.00539895333543,0.14291,0.8663060728715037,0.033854127,,,0.8823529411764706,1.0,0.5555555555555556,0.8126361655773421,0.3626609442060086,0.4313304721030043,56.3,S&P 500
183,PBF,PBF Energy Inc.,United States,USD,Energy,Oil & Gas Refining & Marketing,83.68,8858.80426236681,251.4159692592833,7.330694234910786,11.910478977165164,126.41915704338543,70.07485629196675,0.23228,1.672928217085048,1.7830758,Sube,,0.935483870967742,0.09677419354838712,0.0,0.3440860215053763,0.42167381974248924,0.990343347639485,56.1,S&P 400 MidCap
184,ROST,"Ross Stores, Inc.",United States,USD,Consumer Cyclical,Apparel Retail,225.53,64344.51573841163,467.74694162414573,27.094603931729274,19.823703455871904,35.98639503709614,1788.023381394076,0.42628,0.12332908965149471,0.47487175,Sube,,0.1578947368421053,0.07017543859649122,0.1578947368421053,0.12865497076023394,0.7768240343347639,0.9173819742489271,56.0,S&P 500
185,AIT,Applied Industrial Technologies,United States,USD,Industrials,Industrial Distribution,334.58,10976.580161280484,83.70450681906652,29.649422414318504,20.553712258761717,33.87251710417305,324.05563860290107,0.22368999,0.5790879775046925,0.35189462,Sube,,0.3382352941176471,0.22627737226277367,0.3722627737226277,0.3122584800343495,0.5740343347639485,0.8733905579399142,55.9,S&P 400 MidCap
186,TSCO.L,TESCO PLC ORD 6 1/3P,United Kingdom,GBp,Consumer Defensive,Grocery Stores,475.8,34997.13451110967,79.3186786201775,16.584371726071748,9.220616562903837,13.18926234614028,2653.4565461389325,0.15459,2.4820371010230216,0.05027938,Sube,,0.6216216216216216,0.7837837837837838,0.7567567567567568,0.7207207207207208,0.17274678111587982,0.7296137339055794,55.9,FTSE 100
187,HPE,Hewlett Packard Enterprise Comp,United States,USD,Technology,Communication Equipment,72.09,85466.93482760362,1311.5565566108944,35.774554627491035,15.936420519879803,20.195085163613488,4232.066076234912,0.10936,2.0471697657529364,1.7024541,Sube,,0.37777777777777777,0.6555555555555556,0.6444444444444444,0.5592592592592592,0.1255364806866953,0.9871244635193133,55.8,S&P 500
188,LECO,"Lincoln Electric Holdings, Inc.",United States,USD,Industrials,Tools & Accessories,263.17,12810.876733965353,98.92947869879794,25.913205272155462,17.292271970680194,46.712304940498335,274.2505802332751,0.37736,1.0843576812371012,0.1388303,Sube,,0.4411764705882353,0.36496350364963503,0.18248175182481752,0.32954057535422926,0.6405579399141631,0.7800429184549356,55.8,S&P 400 MidCap
189,RMD,ResMed Inc.,United States,USD,Healthcare,Medical Instruments & Supplies,225.98,28384.19754388758,272.0879340297976,20.863783241154618,14.857673852261895,33.83733313329677,838.842630773311,0.24269,-0.3069580844160247,-0.21838146,Sube,,0.6379310344827587,0.4137931034482759,0.31034482758620685,0.4540229885057472,0.6824034334763949,0.5686695278969958,55.7,S&P 500
190,AUTO.L,AUTOTRADER GROUP PLC ORD 1P,United Kingdom,GBp,Communication Services,Internet Content & Information,470.8,4256.923234612155,19.989763778951332,12.265558761674038,9.381540810415022,14.790636325289121,287.8120414152596,0.60195,0.4762845849802372,-0.4037227,Igual,,0.5882352941176471,0.5,0.7222222222222222,0.6034858387799565,0.7768240343347639,0.26824034334763946,55.5,FTSE 100
191,YETI,"YETI Holdings, Inc.",United States,USD,Consumer Cyclical,Leisure,39.47,2572.903053554612,57.014660293075735,16.112685753060845,10.524207035084356,22.609759907390693,113.79612450964505,0.25320998,0.6614640392199824,0.197204,Igual,,0.5087719298245614,0.5964912280701755,0.45614035087719296,0.52046783625731,0.5965665236051503,0.5590128755364807,55.5,S&P 400 MidCap
192,ODFL,"Old Dominion Freight Line, Inc.",United States,USD,Industrials,Trucking,175.61,32521.251382560833,273.10360223257334,33.42944792658396,20.158982480426882,37.510091297498086,867.0000593874852,0.24818,-0.1471869717726511,0.2295897,Sube,,0.25,0.24087591240875916,0.2846715328467153,0.25851581508515814,0.677038626609442,0.8229613733905579,55.3,S&P 500
193,MSA,MSA Safety Incorporated,United States,USD,Industrials,Security & Protection Services,179.28,6176.961606959003,41.722919139907525,22.030973357372204,14.190428704130914,21.85545028793273,282.6279726832968,0.2366,0.8550216028363001,0.050979257,Igual,,0.6176470588235294,0.583941605839416,0.635036496350365,0.6122083870044368,0.546137339055794,0.48068669527896996,55.3,S&P 400 MidCap
194,DAL,"Delta Air Lines, Inc.",United States,USD,Industrials,Airlines,82.97,48730.200712809165,464.7560160785674,13.81341291923624,9.455439580996991,19.366603048546423,2516.197631079481,0.20125,2.187158750490806,0.46463585,Baja,,0.8823529411764706,0.8540145985401459,0.7445255474452555,0.8269643623872907,0.3154506437768241,0.41523605150214593,55.0,S&P 500
195,ULTA,"Ulta Beauty, Inc.",United States,USD,Consumer Cyclical,Specialty Retail,545.48,20830.0800017833,281.53450032230785,19.275061735712928,13.251944449138525,25.515444476860505,816.3714341983625,0.46117002,1.1944981926764107,-0.03273183,Sube,,0.368421052631579,0.38596491228070173,0.38596491228070173,0.38011695906432746,0.6555793991416309,0.6695278969957081,55.0,S&P 500
196,COP,ConocoPhillips,United States,USD,Energy,Oil & Gas E&P,129.84,139307.2212192736,772.1561964353648,16.85741435607224,6.4070073090801385,20.280074260354265,6869.167214619464,0.1418,0.582449550220049,0.37973332,Sube,,0.32258064516129037,0.5483870967741935,0.32258064516129037,0.39784946236559143,0.40772532188841204,0.8884120171673819,54.8,S&P 500
197,MOG-A,Moog Inc.,United States,USD,Industrials,Aerospace & Defense,360.39,9154.802135958249,87.78495116835288,27.181170728146576,17.914563074344407,30.73892379512754,297.82441952015853,0.18106002,1.7057389153837395,0.7615565,Sube,,0.3970588235294118,0.33576642335766427,0.46715328467153283,0.39999284385286965,0.33369098712446355,0.9570815450643777,54.7,S&P 400 MidCap
198,EHC,Encompass Health Corporation,United States,USD,Healthcare,Medical Care Facilities,122.48,10791.386838039229,100.57643209234665,20.01501923604541,10.12481452157563,52.55221003691499,205.34601362071894,0.24968,1.8685342290446905,0.0023311377,Sube,,0.6724137931034483,0.8103448275862069,0.10344827586206895,0.5287356321839081,0.4195278969957082,0.6995708154506438,54.7,S&P 400 MidCap
199,OXY,Occidental Petroleum Corporatio,United States,USD,Energy,Oil & Gas E&P,58.21,51968.499705324284,449.6222299335612,17.119414613200195,5.005459471643565,15.360869156084496,3383.1744269977967,0.10629,0.7636681759183976,0.295071,Sube,,0.25806451612903225,0.8064516129032258,0.4516129032258065,0.5053763440860215,0.30042918454935624,0.8487124463519313,54.7,S&P 500
200,IMI.L,IMI PLC ORD 28 4/7P,United Kingdom,GBp,Industrials,Specialty Industrial Machinery,3052.0,8463.242704372014,27.074147145464366,21.44477307037702,13.981179546296568,22.73384147140829,372.27508228277196,0.35782,1.2037797085415416,0.36277056,Baja,,0.625,0.6204379562043796,0.6277372262773723,0.6243917274939172,0.6094420600858369,0.37660944206008584,54.6,FTSE 100
201,BDC,Belden Inc,United States,USD,Technology,Communication Equipment,109.41,3818.489190649159,44.302290212995025,17.51253318687485,11.589788427560954,42.869213376790796,89.07299411088499,0.18643999,2.1885439878367845,-0.018296897,Sube,,0.7333333333333334,0.8111111111111111,0.3555555555555555,0.6333333333333333,0.28755364806866957,0.6802575107296137,54.4,S&P 400 MidCap
202,MSI,"Motorola Solutions, Inc.",United States,USD,Technology,Communication Equipment,448.33,66264.29680358438,369.63612176730254,34.768430165904405,22.11411055439964,37.49157532823607,1767.4449852652278,0.91567004,2.3706758958364786,-0.012936413,Sube,,0.4111111111111111,0.48888888888888893,0.4222222222222223,0.4407407407407408,0.5364806866952789,0.6899141630901288,54.4,S&P 500
203,SPM.MI,SAIPEM,Italy,EUR,Energy,Oil & Gas Equipment & Services,4.381,8500.378499938,79.832715547,31.836623595273412,8.820037249699132,7.555892429791214,1124.999936,0.108509995,0.6229509431051109,0.69809854,Sube,,0.0,0.29032258064516125,0.9032258064516129,0.3978494623655913,0.3315450643776824,0.9474248927038627,54.3,FTSE MIB
204,VICR,Vicor Corporation,United States,USD,Technology,Electronic Components,282.78,8684.973754026412,217.0290437979725,66.94519461164082,80.82643439597199,28643.668273696607,0.3032074548217624,0.20131999,-3.8849264434300848,4.811456,Sube,,0.1333333333333333,0.06666666666666665,0.0,0.06666666666666665,0.7167381974248928,0.9989270386266094,54.1,S&P 400 MidCap
205,ZTS,Zoetis Inc.,United States,USD,Healthcare,Drug Manufacturers - Specialty & Generic,71.55,26405.52784451502,348.84828446833154,11.212039985085536,9.135550899274598,14.658477769579859,1801.3826714881225,0.64911,1.8639941718129005,-0.5028922,Baja,,0.9655172413793104,0.8793103448275862,0.8620689655172413,0.9022988505747126,0.5858369098712446,0.01072961373390558,54.0,S&P 500
206,RIO.L,RIO TINTO PLC ORD 10P,United Kingdom,GBp,Basic Materials,Other Industrial Metals & Mining,7022.0,104037.19531121425,235.8211033828399,9.62567966613382,5.666927143430686,32.39882369254016,3211.1411296444335,0.19312,0.5824712622101414,0.41945708,Baja,,0.8076923076923077,0.7692307692307692,0.3846153846153846,0.6538461538461539,0.5246781115879828,0.40236051502145925,54.0,FTSE 100
207,BA.L,BAE SYSTEMS PLC ORD 2.5P,United Kingdom,GBp,Industrials,Aerospace & Defense,1826.0,63097.14267142734,122.27286940216364,25.28723321136911,15.556867466261528,18.18417450374692,3469.893156735046,0.18626,1.319744346513093,-0.08575654,Sube,,0.4632352941176471,0.4744525547445255,0.7591240875912408,0.5656039788178044,0.4012875536480687,0.6405579399141631,53.9,FTSE 100
208,RMBS,"Rambus, Inc.",United States,USD,Technology,Semiconductors,111.48,10766.418091597166,243.60973573846852,50.296683416054734,35.55066870212271,59.589559926258495,180.67624773400752,0.17789,-2.537542813858683,0.14744043,Sube,,0.24444444444444446,0.2777777777777778,0.2666666666666667,0.262962962962963,0.6555793991416309,0.7875536480686696,53.8,S&P 400 MidCap
209,AMS.MC,"AMADEUS IT GROUP, S.A.",Spain,EUR,Technology,Information Technology Services,51.84,21772.10928384,36.40002624,16.632628226377545,9.84115403587407,7.47604376221928,2912.250112,0.26466998,1.0610154849185367,-0.23922473,Baja,,0.7777777777777778,0.8555555555555556,0.9888888888888889,0.8740740740740741,0.5579399141630901,0.06330472103004292,53.6,IBEX 35
210,ALV,"Autoliv, Inc.",Sweden,USD,Consumer Cyclical,Auto Parts,110.52,7228.909792676281,66.8718319338986,12.588144981088648,6.354186499148213,10.906757365799642,662.79184089526,0.25858,1.1622834263078003,-0.081118405,Baja,,0.736842105263158,0.9298245614035088,0.8245614035087719,0.8304093567251463,0.5311158798283262,0.1427038626609442,53.4,S&P 400 MidCap
211,WKL.AS,WOLTERS KLUWER,Netherlands,EUR,Industrials,Specialty Business Services,70.9,15770.7910281,88.49823080000002,11.813326046477254,10.182224259084563,12.638118189589997,1247.874944,1.46141,2.0821777723372485,-0.37428957,Baja,,0.9191176470588235,0.8248175182481752,0.8686131386861313,0.8708494346643767,0.5944206008583691,0.02467811158798283,53.4,AEX
212,FLEX,Flex Ltd.,United States,USD,Technology,Electronic Components,119.34,39378.03824312144,389.49241380255256,45.31491188861255,22.22393203828938,70.4616989855898,558.8573481768398,0.18378,1.4554874134944917,1.028409,Sube,,0.2777777777777778,0.47777777777777775,0.21111111111111114,0.32222222222222224,0.38090128755364805,0.971030042918455,53.4,S&P 500
213,TT,Trane Technologies plc,Ireland,USD,Industrials,Building Products & Equipment,467.27,91819.81779885157,475.06074811733066,34.274645129229036,24.62833696693967,32.93418325960317,2787.979197027093,0.36643,0.7655974668098422,0.11731589,Sube,,0.2279411764705882,0.13138686131386856,0.3868613138686131,0.24872978388435663,0.6716738197424893,0.7660944206008584,53.1,S&P 500
214,IDCC,"InterDigital, Inc.",United States,USD,Technology,Software - Application,330.8,7624.06179818415,66.5499523656319,28.250606071300247,18.433625938537766,14.207637793177767,536.6171286999643,0.26403,-1.6744618758687584,-0.03178954,Baja,,0.5333333333333333,0.5555555555555556,0.7666666666666666,0.6185185185185186,0.7757510729613735,0.17060085836909872,53.1,S&P 400 MidCap
215,KRN.DE,KRONES AG                     I,Germany,EUR,Industrials,Specialty Industrial Machinery,104.6,3304.6353311999997,3.4327628,11.313834636137054,5.505681600964402,21.118190892192167,156.48288,0.14051,-0.6689100589663275,-0.15805948,Baja,,0.9411764705882353,0.9854014598540146,0.6496350364963503,0.8587376556462001,0.5193133047210301,0.10407725321888411,53.1,MDAX
216,UNH,UnitedHealth Group Incorporated,United States,USD,Healthcare,Healthcare Plans,375.98,301401.34810762684,1639.1109324618133,23.897302180887692,14.217522329634626,13.903848977316603,21677.547605655618,0.14152999,1.5689067835692077,0.017301083,Sube,,0.43103448275862066,0.4482758620689655,0.896551724137931,0.5919540229885057,0.2628755364806867,0.7081545064377682,52.8,S&P 500
217,CBT,Cabot Corporation,United States,USD,Basic Materials,Specialty Chemicals,75.41,3476.633885374044,28.6419085610165,20.816957518556148,6.7021345869157605,15.073653653320424,230.643078667806,0.13345,1.4130434782608696,0.055867434,Sube,,0.3076923076923077,0.6923076923076923,0.6923076923076923,0.5641025641025641,0.27253218884120173,0.7317596566523605,52.7,S&P 400 MidCap
218,EXPO,"Exponent, Inc.",United States,USD,Industrials,Engineering & Construction,68.95,2927.852001986803,31.19185862436913,29.330790836539325,23.885103347425503,42.605306907172356,68.72035937602683,0.31204,0.10223224380013528,0.038738728,Sube,,0.34558823529411764,0.13868613138686137,0.22627737226277367,0.23685057964791756,0.7231759656652361,0.7167381974248928,52.7,S&P 400 MidCap
219,HST,"Host Hotels & Resorts, Inc.",United States,USD,Real Estate,REIT - Hotel & Motel,22.24,13608.313737017525,177.83311328081047,14.836579000740016,11.167649660784909,9.00342198013036,1511.4601722600246,0.15558,2.1781711602342453,0.3833846,Igual,,0.5,0.5,1.0,0.6666666666666666,0.21995708154506438,0.6394849785407726,52.4,S&P 500
220,MPWR,"Monolithic Power Systems, Inc.",United States,USD,Technology,Semiconductors,1425.98,62585.71176880448,949.0733549332313,87.38361004124687,68.66274632014165,157.71863932879788,396.8187402272177,0.21979,-1.394433815974836,0.5023856,Sube,,0.0888888888888889,0.0888888888888889,0.07777777777777772,0.08518518518518518,0.7070815450643777,0.9238197424892705,52.3,S&P 500
221,AIR.PA,AIRBUS SE,Netherlands,EUR,Industrials,Aerospace & Defense,187.44,148355.10285816,181.11258791999998,24.979812704880292,16.60396472851455,47.41673162279552,3128.75008,0.23193,0.12738780268644187,-0.0842669,Sube,,0.49264705882352944,0.416058394160584,0.17518248175182483,0.36129597824531273,0.6201716738197425,0.6416309012875536,52.3,"CAC 40, DAX"
222,OSK,Oshkosh Corporation (Holding Co,United States,USD,Industrials,Farm & Heavy Construction Machinery,128.61,7161.770666562816,81.85106021778407,14.414886552604047,8.364387971629652,10.924512449012417,655.5689052475971,0.12387,0.6708241183283395,-0.018204808,Baja,,0.8676470588235294,0.8905109489051095,0.927007299270073,0.895055102332904,0.3648068669527897,0.1813304721030043,52.2,S&P 400 MidCap
223,CVLT,"Commvault Systems, Inc.",United States,USD,Technology,Software - Application,150.28,5562.485063947878,80.72794881455376,91.1901768363104,50.9266513347534,20.50531319075467,271.2704269474832,0.32773998,-0.09980350647222647,-0.12785596,Sube,,0.07777777777777772,0.1333333333333333,0.6111111111111112,0.2740740740740741,0.752145922746781,0.6223175965665236,52.2,S&P 400 MidCap
224,CHRW,"C.H. Robinson Worldwide, Inc.",United States,USD,Industrials,Integrated Freight & Logistics,135.18,14082.880556386346,227.10091333308463,24.897939812814794,18.85668492562472,32.808852054276876,429.2402712868017,0.37123,1.9492826942169768,0.0075351,Sube,,0.5073529411764706,0.2992700729927007,0.3941605839416058,0.400261199370259,0.5064377682403434,0.7006437768240343,52.2,S&P 500
225,SN,"SharkNinja, Inc.",United States,USD,Consumer Cyclical,"Furnishings, Fixtures & Appliances",185.19,23299.195595175235,291.98216342645,37.524869738429246,23.620476282555074,40.84754883868214,570.3939711827011,0.27528,0.11997433782928661,1.0152738,Sube,,0.01754385964912286,0.01754385964912286,0.14035087719298245,0.05847953216374272,0.6856223175965666,0.9699570815450644,52.0,S&P 400 MidCap
226,BYD,Boyd Gaming Corporation,United States,USD,Consumer Cyclical,Resorts & Casinos,69.85,4532.465306579106,62.09039717020873,2.7927905323597857,6.826624916389385,17.872072785964676,253.60602325537468,0.93084997,2.5012196751714826,-0.1577751,Baja,,1.0,0.9122807017543859,0.5789473684210527,0.8304093567251462,0.5203862660944205,0.10515021459227468,52.0,S&P 400 MidCap
227,AXTA,Axalta Coating Systems Ltd.,United States,USD,Basic Materials,Specialty Chemicals,32.79,6267.521992795142,52.46210586083165,20.108067912979944,9.537553684793139,13.00781331859124,481.82748624147087,0.14344,2.4561049445005048,0.22120655,Sube,,0.34615384615384615,0.5384615384615384,0.8461538461538461,0.576923076923077,0.14914163090128757,0.8165236051502146,52.0,S&P 400 MidCap
228,PSX,Phillips 66,United States,USD,Energy,Oil & Gas Refining & Marketing,271.62,96796.02040052153,697.4214644099202,15.297397073651343,12.57914951301998,23.844469526057384,4059.474684255074,0.23452999,1.6590428019610866,1.05476,Sube,,0.4193548387096774,0.06451612903225812,0.25806451612903225,0.24731182795698925,0.4281115879828326,0.9731759656652361,51.9,S&P 500
229,ROVI.MC,LABORATORIOS FARMACEUTICOS ROVI,Spain,EUR,Healthcare,Drug Manufacturers - Specialty & Generic,59.0,3017.444257,6.448405,16.29447925284315,17.032150673470323,18.01035869323042,167.539376,0.2865,-0.11582985779353203,-0.011054397,Baja,,0.8275862068965517,0.2586206896551724,0.7413793103448276,0.6091954022988506,0.7231759656652361,0.19313304721030042,51.9,IBEX 35
230,PNR,Pentair plc.,United Kingdom,USD,Industrials,Specialty Industrial Machinery,52.19,7532.578053122917,157.68650443017265,13.271743131540866,9.76719483648048,15.106580998116696,498.62891239665583,0.17126,1.6166409277155007,-0.52647585,Igual,,0.8970588235294118,0.8394160583941606,0.8175182481751825,0.8513310433662515,0.3315450643776824,0.2575107296137339,51.7,S&P 500
231,MSM,"MSC Industrial Direct Company, ",United States,USD,Industrials,Industrial Distribution,130.38,6502.875845028752,79.27408864543573,31.493798911918894,17.481219166313853,37.30695572808108,174.30733004392567,0.16322,1.0839496275211011,0.45560145,Sube,,0.2941176470588235,0.35036496350364965,0.2992700729927007,0.31458422785172463,0.3916309012875536,0.9109442060085837,51.7,S&P 400 MidCap
232,CAP.PA,CAPGEMINI,France,EUR,Technology,Information Technology Services,110.9,18409.64398,66.20419480000001,13.388831362265304,8.536050520172807,9.679734221263288,1901.874944,0.12202,2.56470974889996,-0.09913969,Igual,,0.9111111111111111,0.9333333333333333,0.9666666666666667,0.9370370370370371,0.09334763948497851,0.3798283261802575,51.7,CAC 40
233,OPCH,"Option Care Health, Inc.",United States,USD,Healthcare,Medical Care Facilities,31.01,4148.5348335246945,88.19768021025831,22.164252937788678,14.11127598016654,18.140094801467328,228.69422012001422,0.15999,2.6445663023568335,0.14012504,Sube,,0.5689655172413793,0.4655172413793104,0.7068965517241379,0.5804597701149425,0.16523605150214593,0.7811158798283262,51.6,S&P 400 MidCap
234,BAH,Booz Allen Hamilton Holding Cor,United States,USD,Industrials,Consulting Services,68.69,7379.127047091657,117.14462671495467,10.702558025090674,9.468027242562755,9.59764741523313,768.8474818714119,0.68637,2.8844620042983524,-0.33799672,Baja,,0.9558823529411765,0.8467153284671532,0.9562043795620438,0.9196006869901246,0.4656652360515021,0.027896995708154508,51.6,S&P 400 MidCap
235,LLY,Eli Lilly and Company,United States,USD,Healthcare,Drug Manufacturers - General,1188.72,946305.527929645,2630.5991666543537,39.668077136316654,26.507108494693092,95.75126896526803,9882.95547574309,1.02286,1.1019253075879267,0.36864448,Sube,,0.13793103448275867,0.12068965517241381,0.0,0.08620689655172416,0.7221030042918455,0.8819742489270386,51.6,S&P 500
236,DCC.L,DCC ENERGY PLC ORD EUR0.25 (CDI,Ireland,GBp,Energy,Oil & Gas Refining & Marketing,6440.0,6496.438811753403,47.96918607482107,20.219920380186,8.482848810435861,4.203805902763004,1545.3707811494191,0.10375,1.5595517827897207,0.31214345,Sube,,0.16129032258064513,0.3548387096774194,1.0,0.5053763440860215,0.1866952789699571,0.8572961373390557,51.5,FTSE 100
237,GBF.DE,Bilfinger SE                  I,Germany,EUR,Industrials,Engineering & Construction,54.95,2029.8377788500002,7.84691495,10.83736133929525,5.731378487088536,15.728652969004237,129.053504,0.14723,-0.02866061293984109,-0.4262213,Baja,,0.9485294117647058,0.9781021897810219,0.8029197080291971,0.909850436524975,0.4892703862660944,0.015021459227467811,51.5,MDAX
238,CSL,Carlisle Companies Incorporated,United States,USD,Industrials,Building Products & Equipment,318.22,11286.847405740815,157.41680448030377,17.295512316687567,12.23950512690096,18.869828748748883,598.1425457551733,0.39183,1.8320019808745256,-0.013297796,Baja,,0.7573529411764706,0.708029197080292,0.7518248175182481,0.7390689852583369,0.5429184549356223,0.1888412017167382,51.5,S&P 400 MidCap
239,KBX.DE,Knorr-Bremse AG               I,Germany,EUR,Consumer Cyclical,Auto Parts,100.0,16120.0,14.7394,27.555555555555557,13.888711526723409,24.22694056952331,665.374976,0.19827999,0.9823858053424271,0.24218273,Sube,,0.1228070175438597,0.368421052631579,0.42105263157894735,0.304093567251462,0.4763948497854077,0.8251072961373391,51.2,MDAX
240,COLM,Columbia Sportswear Company,United States,USD,Consumer Cyclical,Apparel Manufacturing,56.53,2584.587908567401,33.754106505228336,14.046057520826567,7.974680009871264,11.343607018049605,227.84533212891478,0.12658,-0.4770829653512769,0.080090284,Baja,,0.6491228070175439,0.736842105263158,0.8070175438596492,0.7309941520467836,0.4849785407725322,0.2478540772532189,51.2,S&P 400 MidCap
241,CRS,Carpenter Technology Corporatio,United States,USD,Industrials,Metal Fabrication,391.17,17313.47992391663,253.06570037249617,36.60465306310423,23.871232366661946,81.18441684544766,213.26112321378912,0.25752002,0.4045515614885001,0.5223714,Sube,,0.1470588235294118,0.15328467153284675,0.029197080291970767,0.10984685845140978,0.6298283261802575,0.9281115879828326,51.1,S&P 400 MidCap
242,DUOL,"Duolingo, Inc.",United States,USD,Technology,Software - Application,151.72,5472.485931123897,155.61261898946867,14.917258059439867,27.368373397305565,20.411585467107148,268.10685235317436,0.3442,-6.857638784003273,-0.5734443,Baja,,0.8444444444444444,0.3666666666666667,0.6222222222222222,0.6111111111111112,0.8744635193133048,0.001072961373390558,50.7,S&P 400 MidCap
243,CIEN,Ciena Corporation,United States,USD,Technology,Communication Equipment,446.45,56542.5334164886,938.4196450284664,96.74426969966584,62.37333888156696,99.95828270810877,565.66131274584,0.22396,0.6395428071323056,1.7787173,Sube,,0.0444444444444444,0.09999999999999998,0.15555555555555556,0.09999999999999998,0.5643776824034334,0.9892703862660944,50.6,S&P 500
244,CXT,"Crane NXT, Co.",United States,USD,Industrials,Business Equipment & Supplies,48.16,2475.80934838319,23.808823617548274,19.75874840085531,9.322755135240754,11.560870997848161,214.15422322799165,0.11484,2.874389467317981,-0.2777536,Sube,,0.6838235294117647,0.8686131386861313,0.9124087591240876,0.8216151424073278,0.047210300429184573,0.5429184549356223,50.6,S&P 400 MidCap
245,META,"Meta Platforms, Inc.",United States,USD,Communication Services,Internet Content & Information,721.31,1420548.1323451,12391.284827670017,23.357239151433657,14.706481777657308,73.79646061081145,19249.542872209026,0.29848,0.20115818318464132,0.029310107,Sube,,0.17647058823529416,0.33333333333333337,0.11111111111111116,0.2069716775599129,0.6952789699570816,0.7135193133047211,50.5,S&P 500
246,UHS,"Universal Health Services, Inc.",United States,USD,Healthcare,Medical Care Facilities,174.62,8060.869228906068,125.34217734773038,5.914520745756028,5.241156420110313,18.11240343455918,445.0469126325671,0.20948,1.8978184534757128,-0.13703704,Baja,,1.0,1.0,0.7241379310344828,0.9080459770114943,0.3551502145922747,0.11695278969957082,50.5,S&P 500
247,INTU,Intuit Inc.,United States,USD,Technology,Software - Application,297.24,70941.81762653761,1036.3654605851498,17.396676831630607,11.776059218231534,12.50203270413679,5674.4226563304155,0.23596,0.17827423031238865,-0.55942535,Baja,,0.7555555555555555,0.7888888888888889,0.8222222222222222,0.7888888888888888,0.6266094420600858,0.004291845493562232,50.5,S&P 500
248,ILMN,"Illumina, Inc.",United States,USD,Healthcare,Diagnostics & Research,267.76,36109.60543023369,635.9922628947512,49.06766990291262,36.18247424097113,50.690184965912,712.3589202627014,0.32339,1.176623366836454,1.7975047,Sube,,0.03448275862068961,0.03448275862068961,0.13793103448275867,0.0689655172413793,0.594420600858369,0.9924892703862661,50.4,S&P 500
249,DG.PA,VINCI,France,EUR,Industrials,Engineering & Construction,108.0,59654.689812,93.407472,11.73150197827957,6.68526495434837,7.391124517477922,8071.124992,0.16318001,2.017448943625436,-0.065840125,Baja,,0.9338235294117647,0.9416058394160584,0.9927007299270073,0.9560433662516101,0.25214592274678116,0.15236051502145923,50.4,CAC 40
250,PAYX,"Paychex, Inc.",United States,USD,Technology,Software - Application,101.55,32285.402105725494,272.15220977692576,20.016509985132892,12.942337627202983,19.156154192858146,1685.3801541105902,0.47055,1.1977581828092763,-0.20199066,Baja,,0.6777777777777778,0.7555555555555555,0.6888888888888889,0.7074074074074074,0.657725321888412,0.07510729613733906,50.3,S&P 500
251,UNA.AS,UNILEVER PLC,United Kingdom,EUR,Consumer Defensive,Household & Personal Products,54.62,117626.30788142,56.380238739999996,21.012201713443762,13.221157094593947,17.471091839871306,6732.624896,0.31869,2.405939632960597,0.0495615,Sube,,0.2702702702702703,0.29729729729729726,0.6216216216216216,0.39639639639639634,0.41845493562231756,0.7285407725321889,50.3,AEX
252,CSX,CSX Corporation,United States,USD,Industrials,Railroads,46.81,77444.58798889014,469.12478029840287,26.90485545853529,15.338215592903557,44.39490527777527,1744.4476456099121,0.24357,2.643976088828214,0.32127953,Sube,,0.4191176470588235,0.5036496350364963,0.2043795620437956,0.37571561471303844,0.31008583690987124,0.8637339055793991,50.2,S&P 500
253,TOST,"Toast, Inc.",United States,USD,Technology,Software - Infrastructure,30.55,14024.081593018227,252.6291782799054,32.310082304526745,29.328511664570225,33.11059679445345,423.55266744595446,0.25162,-3.591194834381551,-0.1757493,Igual,,0.4444444444444444,0.33333333333333337,0.4666666666666667,0.4148148148148148,0.7789699570815452,0.34227467811158796,50.2,S&P 400 MidCap
254,FCX,"Freeport-McMoRan, Inc.",United States,USD,Basic Materials,Copper,71.86,92160.97243559445,860.2426104680407,35.147213624925065,11.458155823050445,47.79077134469918,1928.4261342188338,0.14755,0.6572116546078179,0.6933489,Sube,,0.038461538461538436,0.34615384615384615,0.3076923076923077,0.23076923076923075,0.417381974248927,0.9463519313304721,50.1,S&P 500
255,MTX.DE,MTU Aero Engines AG           N,Germany,EUR,Industrials,Aerospace & Defense,351.1,18913.972575400003,44.943257700000004,20.078527150106158,13.45626992053925,60.16372833110195,314.375008,0.22635001,0.013503953898896198,-0.07534766,Igual,,0.6617647058823529,0.656934306569343,0.1021897810218978,0.47362959782453123,0.6373390557939914,0.39699570815450647,50.0,DAX
256,AMZN,"Amazon.com, Inc.",United States,USD,Consumer Cyclical,Internet Retail,259.92,2503876.1085856776,9070.65079960964,20.724112139545372,17.35948728731419,870.913254564997,2875.0005760749523,0.30558002,0.7616214837282252,0.137954,Sube,,0.33333333333333337,0.21052631578947367,0.01754385964912286,0.18713450292397663,0.6362660944206009,0.7778969957081545,49.9,S&P 500
257,ADI,"Analog Devices, Inc.",United States,USD,Technology,Semiconductors,410.08,177468.44494005365,1287.3184194324858,48.05572388818716,29.69213008183164,47.912795530796394,3703.988526947549,0.12227,0.9879275418056489,0.76753664,Sube,,0.25555555555555554,0.3111111111111111,0.3222222222222222,0.2962962962962963,0.3111587982832618,0.9581545064377682,49.9,S&P 500
258,INGR,Ingredion Incorporated,United States,USD,Consumer Defensive,Packaged Foods,94.25,5308.3900209486,54.278440718088945,10.040168953969594,5.8706933143414215,12.998972616147757,408.3699672045113,0.13693,0.7201040415944541,-0.20462018,Baja,,0.972972972972973,0.9459459459459459,0.8108108108108107,0.9099099099099099,0.37660944206008584,0.0740343347639485,49.9,S&P 400 MidCap
259,ULVR.L,UNILEVER PLC ORD 3.5P,United Kingdom,GBp,Consumer Defensive,Household & Personal Products,4623.0,117567.03297119883,190.2830563076852,21.001613126651012,13.215707029420546,17.462287709069905,6732.624896,0.31869,2.405939632960597,-0.023036182,Sube,,0.29729729729729726,0.32432432432432434,0.6486486486486487,0.4234234234234234,0.41845493562231756,0.677038626609442,49.8,FTSE 100
260,DY,"Dycom Industries, Inc.",United States,USD,Industrials,Engineering & Construction,282.46,7608.554722785069,146.38964918079017,25.848458276340445,12.034525517148502,26.08777767700384,291.65208386040285,0.19197,2.893517436953698,-0.012445152,Sube,,0.44852941176470584,0.7153284671532847,0.5401459854014599,0.5680012881064834,0.21137339055793988,0.6909871244635193,49.8,S&P 400 MidCap
261,TJX,"TJX Companies, Inc. (The)",United States,USD,Consumer Cyclical,Apparel Retail,138.8,136941.68403001467,892.5826017106721,25.2732787139063,18.1563490821963,34.86325994655847,3927.9655499781475,0.62171,0.9337301894014678,-0.026153088,Sube,,0.24561403508771928,0.17543859649122806,0.19298245614035092,0.20467836257309943,0.7135193133047211,0.6727467811158798,49.8,S&P 500
262,ADSK,"Autodesk, Inc.",United States,USD,Technology,Software - Application,235.05,43873.94009270618,449.43057745807346,29.91805724725944,21.292846520785496,15.558337765194118,2819.9632091069193,0.53854,-0.19685043867154148,-0.2573135,Baja,,0.47777777777777775,0.5111111111111111,0.7333333333333334,0.5740740740740741,0.8379828326180258,0.05257510729613734,49.7,S&P 500
263,LDO.MI,LEONARDO,Italy,EUR,Industrials,Aerospace & Defense,46.005,26535.562178760003,90.37070383500001,23.566218631225578,12.885796373532349,24.29162257200604,1092.37504,0.11893,1.511787412239346,-0.15978646,Sube,,0.5588235294117647,0.6934306569343065,0.5912408759124088,0.61449835408616,0.22961373390557938,0.6008583690987125,49.5,FTSE MIB
264,CR,Crane Company,United States,USD,Industrials,Specialty Industrial Machinery,203.55,10507.556073516394,77.46220794587927,35.0052438673014,16.779007005623995,32.344362738942124,324.8651444557742,0.16521999,1.0247723192287093,0.1579647,Sube,,0.19117647058823528,0.4014598540145985,0.416058394160584,0.3362315729211393,0.4012875536480687,0.7907725321888412,49.2,S&P 400 MidCap
265,PH,Parker-Hannifin Corporation,United States,USD,Industrials,Specialty Industrial Machinery,952.79,107313.69013519686,512.8791583235976,32.93822584645011,22.667840319182556,40.570151848983734,2645.1389813539736,0.25076,1.4533897740112993,0.30739105,Sube,,0.2647058823529411,0.17518248175182483,0.24817518248175185,0.22935451552883926,0.4796137339055794,0.8540772532188841,49.2,S&P 500
266,DGX,Quest Diagnostics Incorporated,United States,USD,Healthcare,Diagnostics & Research,227.06,22382.314477036143,210.11723858114942,23.687500114933837,13.60961015341134,27.551325502672185,812.3861218533859,0.14602,2.54986763918052,0.26259053,Sube,,0.48275862068965514,0.5862068965517242,0.4137931034482759,0.4942528735632184,0.14699570815450644,0.8326180257510729,49.2,S&P 500
267,GME,GameStop Corporation,United States,USD,Consumer Cyclical,Specialty Retail,24.58,11075.006699994527,162.5454359559819,13.881825566347718,23.079348418742583,145.1215252685781,76.31539621360706,0.15786,-1.4375245235270857,0.014338374,Sube,,0.6842105263157895,0.03508771929824561,0.03508771929824561,0.25146198830409355,0.599785407725322,0.7060085836909871,49.2,S&P 400 MidCap
268,UTHR,United Therapeutics Corporation,United States,USD,Healthcare,Drug Manufacturers - Specialty & Generic,545.0,20876.594310724442,313.4967484478881,17.831587238241507,13.843823099856087,41.956300401205105,497.5794841559673,0.19315,-1.779374427135385,0.2064687,Baja,,0.7241379310344828,0.5172413793103448,0.2068965517241379,0.4827586206896551,0.6824034334763949,0.31223175965665234,49.1,S&P 400 MidCap
269,CVX,Chevron Corporation,United States,USD,Energy,Oil & Gas Integrated,205.15,359403.908119956,1524.3495123674627,19.543631703979752,8.506729404890748,18.34699139749636,19589.255825835317,0.12231,0.5634400984036093,0.3502016,Sube,,0.19354838709677424,0.32258064516129037,0.3548387096774194,0.2903225806451613,0.3798283261802575,0.8712446351931331,49.1,S&P 500
270,ROKU,"Roku, Inc.",United States,USD,Communication Services,Entertainment,152.725,18011.5717321256,315.9741349210148,56.77700178866011,31.23405267327354,24.107851490785997,747.1247173979652,0.13122,-3.597752003689256,0.5216652,Sube,,0.0,0.0,0.33333333333333337,0.11111111111111112,0.5622317596566524,0.9270386266094421,49.1,S&P 400 MidCap
271,MSFT,Microsoft Corporation,United States,USD,Technology,Software - Infrastructure,529.76,3513238.4140930315,13247.198053662942,29.41148744214821,20.519915663092878,237.75388723650167,14776.78642788413,0.34039003,0.26755971977394727,0.0084786415,Igual,,0.48888888888888893,0.5222222222222221,0.033333333333333326,0.3481481481481481,0.7178111587982833,0.45171673819742486,49.0,S&P 500
272,MNST,Monster Beverage Corporation,United States,USD,Consumer Defensive,Beverages - Non-Alcoholic,42.88,75024.09830584197,401.91610812959067,39.48175187346345,27.50395278650268,49.96584909740048,1501.5075228601522,0.25704,-1.1339803805461033,0.2585479,Sube,,0.027027027027026973,0.027027027027026973,0.08108108108108103,0.045045045045044994,0.7457081545064377,0.8283261802575107,49.0,S&P 500
273,PLTR,Palantir Technologies Inc.,United States,USD,Technology,Software - Infrastructure,194.12,398871.39077315613,5844.80197964888,148.04775434913742,164.27997546517437,206.85171511766077,1928.2962703319686,0.38097,-3.454366223954893,0.04636085,Sube,,0.011111111111111072,0.0,0.0444444444444444,0.01851851851851849,0.8841201716738197,0.7242489270386266,49.0,S&P 500
274,IEX,IDEX Corporation,United States,USD,Industrials,Specialty Industrial Machinery,232.91,15334.617426739265,133.0435947396443,33.05120496123195,19.049603855479308,30.903015312687,496.2175137791086,0.12955,1.3063967198560453,0.4157828,Sube,,0.25735294117647056,0.2846715328467153,0.45985401459854014,0.333959496207242,0.2789699570815451,0.900214592274678,48.7,S&P 500
275,LDOS,"Leidos Holdings, Inc.",United States,USD,Technology,Information Technology Services,113.55,12756.093617040353,138.6698913191906,10.380043360683139,8.443718914989075,12.456504406710035,1024.050825219388,0.27781,2.447522904583152,-0.41134036,Baja,,0.9777777777777777,0.9444444444444444,0.8333333333333334,0.9185185185185185,0.3809012875536481,0.016094420600858368,48.7,S&P 500
276,CAT,"Caterpillar, Inc.",United States,USD,Industrials,Farm & Heavy Construction Machinery,813.83,334106.22795360116,1919.5651221452133,34.49808244959064,25.43217163681293,74.09332930418758,4509.261914550224,0.56972003,2.412220905491749,0.719589,Sube,,0.22058823529411764,0.1021897810218978,0.058394160583941646,0.1270573922999857,0.5021459227467812,0.951716738197425,48.7,S&P 500
277,SPX.L,SPIRAX GROUP PLC ORD 26 12/13P,United Kingdom,GBp,Industrials,Specialty Industrial Machinery,7140.0,6222.1321214667905,17.57024143930337,26.584389018163474,15.459197722193482,32.37496714838709,192.18960417622458,0.16620001,1.8300567408173825,0.057471275,Sube,,0.42647058823529416,0.4963503649635036,0.4014598540145985,0.44142693573779873,0.296137339055794,0.7339055793991416,48.6,FTSE 100
278,ROK,"Rockwell Automation, Inc.",United States,USD,Industrials,Specialty Industrial Machinery,441.9,43826.57000043451,293.8791058203481,40.92777923688251,24.955262839579344,37.63582554463137,1164.4907310047363,0.30629,1.4980879235181643,0.29482055,Sube,,0.11029411764705888,0.11678832116788318,0.2773722627737226,0.16815156719622157,0.5354077253218884,0.8476394849785407,48.2,S&P 500
279,JD.L,JD SPORTS FASHION PLC ORD 0.05P,United Kingdom,GBp,Consumer Cyclical,Apparel Retail,83.5,4640.744977714888,15.788307692294609,6.992661294190391,5.419001866234318,3.4135726240899142,1359.4979479752967,0.17433001,2.3172848584796912,-0.20534122,Baja,,0.9473684210526316,0.9649122807017544,1.0,0.9707602339181287,0.2392703862660944,0.07188841201716738,48.2,FTSE 100
280,BC8.DE,BECHTLE AG                    I,Germany,EUR,Technology,Information Technology Services,34.38,4331.88,7.07337558,17.643911179882817,11.26688691659969,821.0538286580743,5.276,0.12287,1.3153364128920975,-0.07597643,Sube,,0.7222222222222222,0.8222222222222222,0.011111111111111072,0.5185185185185185,0.26502145922746784,0.6459227467811159,48.1,MDAX
281,JBHT,"J.B. Hunt Transport Services, I",United States,USD,Industrials,Integrated Freight & Logistics,222.64,18671.056014516827,203.783938469838,30.994425921429457,13.324701447348662,23.150874447849006,806.4946339964964,0.18448,0.8358452949125255,0.54165816,Baja,,0.3088235294117647,0.6642335766423357,0.6204379562043796,0.5311650207528267,0.4667381974248927,0.4291845493562232,48.1,S&P 500
282,LVS,Las Vegas Sands Corp.,United States,USD,Consumer Cyclical,Resorts & Casinos,35.81,20714.72195069889,171.24497040277845,13.430329206426713,7.566755477207944,10.48146836815828,1976.3187010732463,1.22869,2.5669324379642866,-0.3183781,Baja,,0.7192982456140351,0.7894736842105263,0.8421052631578947,0.7836257309941521,0.5268240343347639,0.03111587982832618,48.1,S&P 500
283,GE,GE Aerospace,United States,USD,Industrials,Aerospace & Defense,303.62,281348.5910131457,1070.8450262749375,35.14332208765624,28.32968182011312,47.76992308896744,5889.659702594827,0.48231998,0.895671939037622,0.022574067,Sube,,0.18382352941176472,0.07299270072992703,0.16788321167883213,0.1415664806068413,0.7006437768240343,0.7103004291845494,48.0,S&P 500
284,AAF.L,AIRTEL AFRICA PLC ORD USD0.50,United Kingdom,GBp,Communication Services,Telecom Services,312.8,13387.247886505622,13.192375694680907,21.023338306186066,7.004622147073821,11.292694591457074,1185.4786099176965,0.26409,1.9251101554703318,0.30504203,Baja,,0.23529411764705888,0.7777777777777778,0.8333333333333334,0.6154684095860566,0.42703862660944203,0.351931330472103,48.0,FTSE 100
285,HAS,"Hasbro, Inc.",United States,USD,Consumer Cyclical,Leisure,90.75,11431.488504890742,152.97293256768,16.11860709740011,11.767255909363465,18.60028348854968,614.5867890630783,1.5956,1.9227812052438065,0.20457852,Baja,,0.49122807017543857,0.4736842105263158,0.543859649122807,0.5029239766081871,0.6148068669527897,0.3111587982832618,47.9,S&P 500
286,BE,Bloom Energy Corporation,United States,USD,Industrials,Electrical Equipment & Parts,291.29,76621.61396592995,4057.455525214631,350.25790030431693,205.2452562615657,161.37475247859865,474.805462373003,0.22213,0.2345732747084687,2.377255,Sube,,0.0,0.0,0.007299270072992692,0.0024330900243308973,0.594420600858369,0.9957081545064378,47.8,S&P 500
287,MMS,"Maximus, Inc.",United States,USD,Industrials,Specialty Business Services,55.65,2602.2340056115213,32.152084124949134,7.856057095831191,6.633657888102018,8.229103198582125,316.22328008474676,0.21112,2.422097090196077,-0.3938588,Baja,,0.9779411764705882,0.948905109489051,0.9708029197080292,0.9658830685558896,0.2854077253218884,0.02145922746781116,47.8,S&P 400 MidCap
288,FAST,Fastenal Company,United States,USD,Industrials,Industrial Distribution,49.83,51067.28382039759,332.7104439752722,42.28962755407002,29.3736139165265,62.4148501153323,818.1912433665019,0.34334,0.1211439075681153,0.06855941,Sube,,0.09558823529411764,0.06569343065693434,0.0948905109489051,0.08539072563331902,0.7381974248927039,0.7392703862660944,47.7,S&P 500
289,MRVL,"Marvell Technology, Inc.",United States,USD,Technology,Semiconductors,284.68,222956.58498502438,5670.991911902854,94.56550523395906,88.059774974767,103.67038744314736,2150.6294177524255,0.16523,0.4747921319089375,2.1028109,Sube,,0.06666666666666665,0.0444444444444444,0.1444444444444445,0.08518518518518518,0.48068669527896996,0.9946351931330473,47.7,S&P 500
290,IDXX,"IDEXX Laboratories, Inc.",United States,USD,Healthcare,Diagnostics & Research,506.67,35695.10707681219,251.78755620221244,35.06992490230841,25.200206158157503,43.950998069875716,812.1569166657409,0.74211,0.5544529525990705,-0.181772,Sube,,0.15517241379310343,0.13793103448275867,0.18965517241379315,0.16091954022988508,0.7864806866952789,0.5879828326180258,47.7,S&P 500
291,RDDT,"Reddit, Inc.",United States,USD,Communication Services,Internet Content & Information,152.71,19926.32922594203,794.0357805903733,25.613073530112977,24.38617006886861,32.90436276949952,605.5831977518984,0.30712,-3.45031985547725,-0.26368088,Sube,,0.11764705882352944,0.11111111111111116,0.2222222222222222,0.15032679738562094,0.8390557939914163,0.5493562231759657,47.7,S&P 500
292,PCAR,PACCAR Inc.,United States,USD,Industrials,Farm & Heavy Construction Machinery,106.86,50234.517012422075,318.5271310269998,22.46120929442433,19.072092027250342,28.9390360859755,1735.8738854735677,0.12755999,1.879477808847916,0.14196181,Sube,,0.5882352941176471,0.2773722627737226,0.4963503649635036,0.4539859739516244,0.19527896995708158,0.7843347639484979,47.5,S&P 500
293,BOSS.DE,HUGO BOSS AG                  N,Germany,EUR,Consumer Cyclical,Apparel Manufacturing,37.78,2607.4307892600004,10.47057588,11.989290000275888,6.968888697688943,6.04884990450567,431.06224,0.14831,1.617315926788689,-0.09250361,Baja,,0.7719298245614035,0.8771929824561404,0.9824561403508771,0.8771929824561404,0.2789699570815451,0.13626609442060086,47.5,MDAX
294,HAE,Haemonetics Corporation,United States,USD,Healthcare,Medical Devices,101.71,4132.824832316577,61.663381484237114,48.05949979966143,15.544492443746076,14.791922571314409,279.3974084431227,0.111999996,2.646817329408275,1.0306003,Sube,,0.051724137931034475,0.3620689655172413,0.8275862068965517,0.4137931034482758,0.05472103004291843,0.9721030042918455,47.4,S&P 400 MidCap
295,EXE,Expand Energy Corporation,United States,USD,Energy,Oil & Gas E&P,88.12,18827.304017293794,260.47353757050143,7.580311635749711,3.592597292635951,14.377388851777134,1309.5078815348743,0.14893,0.4560333327162823,-0.1881671,Baja,,0.9032258064516129,0.935483870967742,0.5161290322580645,0.7849462365591399,0.44635193133047213,0.08261802575107297,47.3,S&P 500
296,LSTR,"Landstar System, Inc.",United States,USD,Industrials,Integrated Freight & Logistics,166.98,5061.00820795093,63.62386031707165,43.02832775115984,22.28669832141049,58.60666071807981,86.35551225647019,0.14977999,-0.8517362601466675,0.29095078,Sube,,0.08088235294117652,0.1897810218978102,0.11678832116788318,0.1291505653356233,0.5600858369098712,0.8444206008583691,47.3,S&P 400 MidCap
297,KVUE,Kenvue Inc.,United States,USD,Consumer Defensive,Household & Personal Products,17.53,30071.712470827068,341.607004358826,20.308298477991556,11.82825619808055,17.651983387494905,1703.5883056705459,0.15581,2.1554152053853985,0.09390545,Sube,,0.3513513513513513,0.3783783783783784,0.5945945945945945,0.4414414414414414,0.22532188841201717,0.7585836909871244,47.2,S&P 500
298,WST,"West Pharmaceutical Services, I",United States,USD,Healthcare,Medical Instruments & Supplies,366.48,23034.218664407563,207.6978326789428,45.65641833734358,28.142961256040344,92.7953546627518,248.22598876981857,0.19087,-0.13078272308704234,0.3908111,Sube,,0.08620689655172409,0.08620689655172409,0.017241379310344862,0.06321839080459768,0.592274678111588,0.8927038626609443,47.1,S&P 500
299,CPRT,"Copart, Inc.",United States,USD,Industrials,Specialty Business Services,26.62,22022.8787944728,256.42938945775535,16.613498507473658,10.854569242415046,27.859350699658794,790.5022278477769,0.1616,-2.358421693867977,-0.40307146,Baja,,0.7867647058823529,0.7737226277372262,0.5255474452554745,0.6953449262916847,0.6223175965665236,0.019313304721030045,47.1,S&P 500
300,UAL,"United Airlines Holdings, Inc.",United States,USD,Industrials,Airlines,110.17,31936.715433277674,377.70399476029,10.228659657105261,7.4447039422681085,39.29064081918981,812.8326432812867,0.23252001,2.401776974353572,0.14048326,Baja,,0.9705882352941176,0.927007299270073,0.25547445255474455,0.7176899957063118,0.3261802575107296,0.2821888412017167,47.0,S&P 500
301,G24.DE,Scout24 SE                    N,Germany,EUR,Communication Services,Internet Content & Information,69.15,4815.621835350001,31.053397950000004,17.033425187644138,15.00094938990579,18.36174307435681,262.263872,0.22818,1.781678276528461,-0.35296935,Sube,,0.47058823529411764,0.2777777777777778,0.6666666666666667,0.47167755991285404,0.40879828326180256,0.5257510729613734,46.9,"DAX, MDAX"
302,NDSN,Nordson Corporation,United States,USD,Industrials,Specialty Industrial Machinery,327.69,16306.411522198194,107.69095744620452,32.88713692962292,20.84005610387774,29.745872257403473,548.1907331912138,0.17763,1.7792086508447524,0.4263401,,,0.2720588235294118,0.21897810218978098,0.4817518248175182,0.32426291684557035,0.3208154506437768,0.8090128755364807,46.9,S&P 500
303,STLD,"Steel Dynamics, Inc.",United States,USD,Basic Materials,Steel,234.09,29964.998846819522,233.2670282207944,20.87532171897859,13.975818375111933,143.26612290788935,209.15620691491063,0.17568001,1.430515404610016,0.6251792,Sube,,0.2692307692307693,0.1923076923076923,0.11538461538461542,0.19230769230769232,0.361587982832618,0.9377682403433476,46.7,S&P 500
304,RKT.L,RECKITT BENCKISER GROUP PLC ORD,United Kingdom,GBp,Consumer Defensive,Household & Personal Products,5106.0,38214.07876773502,88.9411877395497,11.201262297674209,11.625750613093015,10.459096548912619,3653.669185385611,0.48021,2.611699106880923,-0.15673846,Baja,,0.8918918918918919,0.4054054054054054,0.9189189189189189,0.7387387387387387,0.4656652360515022,0.1072961373390558,46.7,FTSE 100
305,BTSG,"BrightSpring Health Services, I",United States,USD,Healthcare,Health Information Services,63.8,11274.261101336135,182.76663584104995,50.795867396187255,23.07050694927094,12.274659819777193,918.4988640720458,0.13036,2.931106201317925,1.206646,Sube,,0.017241379310344862,0.18965517241379315,0.9310344827586207,0.37931034482758624,0.07296137339055794,0.9763948497854078,46.7,S&P 400 MidCap
306,HL,Hecla Mining Company,United States,USD,Basic Materials,Other Precious Metals & Mining,16.39,9817.827276413513,550.731793274508,19.898519549069647,10.860523238682584,32.11083778770298,305.74808858376485,0.22173999,-0.4784622803114007,0.28185904,Baja,,0.42307692307692313,0.3846153846153846,0.42307692307692313,0.4102564102564103,0.6695278969957081,0.34012875536480686,46.7,S&P 400 MidCap
307,KO,Coca-Cola Company (The),United States,USD,Consumer Defensive,Beverages - Non-Alcoholic,85.82,329772.51472041133,1216.5146224645532,25.792453858018423,23.363618299440486,70.75349066930347,4660.865656250706,0.42054,1.6407812376785502,0.30323648,Sube,,0.21621621621621623,0.05405405405405406,0.027027027027026973,0.09909909909909909,0.5740343347639485,0.8508583690987124,46.7,S&P 500
308,VRTX,Vertex Pharmaceuticals Incorpor,United States,USD,Healthcare,Biotechnology,505.64,114387.01019624162,533.5420196631502,29.074415627332513,23.959182950435025,48.73823797493781,2346.9664671722794,0.23542999,-1.151808678533061,0.1927104,Igual,,0.2931034482758621,0.1724137931034483,0.15517241379310343,0.20689655172413793,0.7221030042918455,0.5568669527896996,46.6,S&P 500
309,AZN.L,ASTRAZENECA PLC ORD SHS $0.25,United Kingdom,GBp,Healthcare,Drug Manufacturers - General,12180.0,223070.21572693682,492.92308585141177,23.910654504129692,13.92447242336729,50.917756175171746,4380.990689367989,0.21965,1.3757033311897107,-0.06621897,Sube,,0.4137931034482759,0.5,0.12068965517241381,0.3448275862068966,0.44313304721030045,0.6512875536480687,46.6,FTSE 100
310,AME,"AMETEK, Inc.",United States,USD,Industrials,Specialty Industrial Machinery,248.62,50892.81342337499,290.2682000958036,36.15145380709509,23.513564986454508,38.187666868840424,1332.702874940533,0.14562,0.7260011451340147,0.38501012,Sube,,0.16176470588235292,0.16058394160583944,0.27007299270072993,0.1974738800629741,0.3975321888412017,0.8905579399141631,46.5,S&P 500
311,DVN,Devon Energy Corporation,United States,USD,Energy,Oil & Gas E&P,47.88,47037.791548019384,472.4458250815308,16.057317073170733,7.1280813948017885,67.29659592382265,698.9624200496633,0.11522,1.2262438231826067,0.37317705,Sube,,0.3870967741935484,0.4193548387096774,0.09677419354838712,0.3010752688172043,0.259656652360515,0.8862660944206009,46.4,S&P 500
312,EMR,Emerson Electric Company,United States,USD,Industrials,Specialty Industrial Machinery,159.22,79645.87512477007,367.2434187963855,34.61922437888199,16.63934046118118,24.06182054232422,3310.051913348564,0.128,1.9184550395447748,0.21408153,Sube,,0.21323529411764708,0.4087591240875912,0.5985401459854014,0.40684485473021326,0.18884120171673818,0.8154506437768241,46.4,S&P 500
313,DOCS,"Doximity, Inc.",United States,USD,Healthcare,Health Information Services,27.69,3149.3421771409653,108.71222005426218,21.109778310225924,13.66673189098115,14.711084965744734,214.07953148760387,0.17206,-3.253868543010665,-0.622059,Baja,,0.603448275862069,0.5689655172413793,0.8448275862068966,0.6724137931034484,0.6491416309012875,0.0,46.4,S&P 400 MidCap
314,CTAS,Cintas Corporation,United States,USD,Industrials,Specialty Business Services,197.19,70359.09540099987,376.13921646359614,38.35056173326095,26.16849052434241,48.540048912668006,1449.506067197998,0.41375,0.7948198786878365,-0.014335275,Sube,,0.11764705882352944,0.0948905109489051,0.15328467153284675,0.12194074710176044,0.6877682403433476,0.6866952789699571,46.1,S&P 500
315,JNJ,Johnson & Johnson,United States,USD,Healthcare,Drug Manufacturers - General,258.45,556256.8877835479,1624.3167606453983,29.60680094839864,18.671607148967283,36.88680350120202,15080.105484483667,0.25742,0.8109085010557135,0.3431388,Igual,,0.27586206896551724,0.22413793103448276,0.27586206896551724,0.25862068965517243,0.5708154506437768,0.619098712446352,46.0,S&P 500
316,NYT,New York Times Company (The),United States,USD,Communication Services,Publishing,64.9,9303.097530730469,143.02251757007835,26.51724293499127,17.497384369613307,22.648202005579403,410.7653900490045,0.19724001,-1.1851876849705671,0.15921843,Igual,,0.05882352941176472,0.16666666666666663,0.5,0.24183006535947713,0.6695278969957081,0.5418454935622318,46.0,S&P 400 MidCap
317,STE,STERIS plc (Ireland),United States,USD,Healthcare,Medical Devices,209.68,18258.378669527097,129.73340559611998,25.396053496645962,13.414217288665013,25.59116537357476,713.4641351026771,0.11389,0.952270648261299,-0.13898402,Sube,,0.3448275862068966,0.6206896551724138,0.4482758620689655,0.47126436781609193,0.2918454935622318,0.6137339055793991,46.0,S&P 500
318,LOPE,"Grand Canyon Education, Inc.",United States,USD,Consumer Defensive,Education & Training Services,155.68,3624.025667550034,46.18836055211129,18.09855650678394,10.83494320988205,19.721513786904723,183.76001491104716,0.30979002,-0.474687328591496,-0.26279622,Baja,,0.5405405405405406,0.5135135135135135,0.5405405405405406,0.5315315315315315,0.7746781115879828,0.05042918454935622,46.0,S&P 400 MidCap
319,PPC,Pilgrim's Pride Corporation,United States,USD,Consumer Defensive,Packaged Foods,28.12,5979.850899792022,39.07450317454704,12.271880255220646,5.316492091129931,13.166720897090492,454.16402052795206,0.1452,1.5374928804402324,-0.26566613,,,0.8378378378378378,0.972972972972973,0.7837837837837838,0.8648648648648649,0.2800429184549356,0.09656652360515021,45.9,S&P 400 MidCap
320,GGG,Graco Inc.,United States,USD,Industrials,Specialty Industrial Machinery,77.44,11200.996137127191,124.92636986152398,23.50623398562079,16.44404591503006,23.37152518710035,479.2582446998134,0.21240999,-0.6195431798281208,-0.055661976,Baja,,0.5661764705882353,0.4233576642335767,0.6058394160583942,0.5317911836267354,0.6620171673819742,0.15665236051502146,45.8,S&P 400 MidCap
321,ADS.DE,adidas AG                     N,Germany,EUR,Consumer Cyclical,Footwear & Accessories,146.75,25690.47749325,99.8654295,18.602808605235158,11.301230242210961,26.97729353142561,952.300032,0.24324,1.6576576096096096,-0.24870598,Sube,,0.38596491228070173,0.49122807017543857,0.29824561403508776,0.39181286549707606,0.44313304721030045,0.5590128755364807,45.7,DAX
322,BAB.L,BABCOCK INTERNATIONAL GROUP PLC,United Kingdom,GBp,Industrials,Engineering & Construction,891.0,5150.873439253548,21.32926611030998,20.652758662500002,13.19956001543624,23.280340103496485,221.25421778008885,0.33682,1.0019575838926174,-0.28501576,Baja,,0.6397058823529411,0.6788321167883211,0.6131386861313868,0.6438922284242163,0.6255364806866952,0.0407725321888412,45.7,FTSE 100
323,XOM,ExxonMobil Holdings Corporation,United States,USD,Energy,Oil & Gas Integrated,164.05,602448.7927310913,2067.885437667643,20.59282452862526,10.396972805358729,32.63311587447754,18461.270908006318,0.12584,0.46778631755035605,0.442554,Sube,,0.12903225806451613,0.19354838709677424,0.16129032258064513,0.16129032258064516,0.39270386266094426,0.907725321888412,45.5,S&P 500
324,NBIX,"Neurocrine Biosciences, Inc.",United States,USD,Healthcare,Drug Manufacturers - Specialty & Generic,143.47,13024.620510200593,166.24918450874185,20.67130735164871,16.046653357673172,22.849813598653707,570.0099238869938,0.22089,0.07861601063802948,0.046232343,Baja,,0.6551724137931034,0.3275862068965517,0.5344827586206897,0.5057471264367815,0.6180257510729614,0.22317596566523606,45.5,S&P 400 MidCap
325,CW,Curtiss-Wright Corporation,United States,USD,Industrials,Aerospace & Defense,509.1,16793.250217876226,159.86450957824843,34.7447918645045,23.099846363007405,33.99992177133666,493.92026048817644,0.19746,0.7968724273087694,-0.006535113,Sube,,0.19852941176470584,0.16788321167883213,0.36496350364963503,0.243792042364391,0.49356223175965663,0.6952789699570816,45.4,S&P 400 MidCap
326,COST,Costco Wholesale Corporation,United States,USD,Consumer Defensive,Discount Stores,942.25,373018.7506012878,1776.4897449146624,45.27068839324254,28.20129441486992,58.435451085003926,6383.432380091856,0.28402,-0.8862037840575916,0.022824645,Sube,,0.0,0.0,0.05405405405405406,0.018018018018018018,0.7768240343347639,0.7113733905579399,45.4,S&P 500
327,SGE.L,THE SAGE GROUP PLC ORD 1 4/77P,United Kingdom,GBp,Technology,Software - Application,1022.0,10868.428844797721,35.34399984873542,23.905462025818185,17.104796932811503,14.55690488390744,746.6167383433752,0.75564003,2.4025559105431316,-0.095002234,Baja,,0.5666666666666667,0.6111111111111112,0.7555555555555555,0.6444444444444445,0.5214592274678111,0.13412017167381973,45.4,FTSE 100
328,AEIS,"Advanced Energy Industries, Inc",United States,USD,Industrials,Electrical Equipment & Parts,292.25,10453.504955733013,154.6099386757875,53.03462471454463,33.10210078895184,342.3690434954296,30.53285673554934,0.16267,-0.055807637393767824,0.73090553,Sube,,0.03676470588235292,0.03649635036496346,0.0,0.024420352082438795,0.5257510729613735,0.953862660944206,45.4,S&P 400 MidCap
329,ATI,ATI Inc.,United States,USD,Industrials,Metal Fabrication,189.19,23008.10933383749,278.7300331522237,54.14475569518706,29.63686164896379,74.30921406592556,309.62660045664296,0.25357,1.5368673647469462,1.3196712,Sube,,0.02941176470588236,0.058394160583941646,0.051094890510948954,0.046300271933590986,0.4699570815450644,0.9806866952789699,45.4,S&P 400 MidCap
330,DPLM.L,DIPLOMA PLC ORD 5P,United Kingdom,GBp,Industrials,Industrial Distribution,7700.0,12193.031153734633,63.83074703254628,54.51585323653644,26.8950065075,42.26917312392433,288.46154898718333,0.18952999,1.0817499999999998,0.44751382,Sube,,0.022058823529411797,0.08759124087591241,0.23357664233576647,0.11440890224703022,0.4495708154506438,0.9087982832618026,45.3,FTSE 100
331,SFM,"Sprouts Farmers Market, Inc.",United States,USD,Consumer Defensive,Grocery Stores,65.26,5434.817247125537,114.4245550848427,12.10145966571213,9.458788403414218,15.26295952134141,356.0788613457509,0.35197,2.2346324516833653,-0.37564665,Baja,,0.8648648648648649,0.7567567567567568,0.6756756756756757,0.7657657657657658,0.4656652360515022,0.023605150214592276,45.3,S&P 400 MidCap
332,CMC,Commercial Metals Company,United States,USD,Industrials,Metal Fabrication,63.25,6249.011143847645,62.476929829290576,11.757471728975235,8.353566554536012,52.19248137052998,119.73010249281026,0.13791999,2.5446562286040493,0.09441912,Igual,,0.9264705882352942,0.8978102189781022,0.13868613138686137,0.6543223128667526,0.12339055793991419,0.5107296137339056,45.2,S&P 400 MidCap
333,CHE,Chemed Corp,United States,USD,Healthcare,Medical Care Facilities,501.45,5853.316711777677,71.6981934597019,23.83308714808994,16.330555826711986,21.288711892647594,274.9493131051868,0.27106002,0.610602042201026,0.17215371,Baja,,0.4482758620689655,0.2931034482758621,0.5517241379310345,0.4310344827586207,0.6298283261802575,0.30042918454935624,45.1,S&P 400 MidCap
334,A,"Agilent Technologies, Inc.",United States,USD,Healthcare,Diagnostics & Research,169.09,42575.28329316053,340.9106628783054,33.10510411309723,24.067956693682692,44.95706802011518,947.0209061256182,0.20971,1.1490384615384615,0.20254242,Sube,,0.18965517241379315,0.15517241379310343,0.1724137931034483,0.1724137931034483,0.4645922746781116,0.8100858369098712,45.1,S&P 500
335,AMD,"Advanced Micro Devices, Inc.",United States,USD,Technology,Semiconductors,645.86,941640.2952566406,13468.535793175963,162.98505168232958,109.34064929672773,119.25016938326975,7896.343461200554,0.10196,-0.9239698503655697,1.7569196,Sube,,0.0,0.011111111111111072,0.1333333333333333,0.04814814814814813,0.45171673819742486,0.9881974248927039,45.1,S&P 500
336,TXRH,"Texas Roadhouse, Inc.",United States,USD,Consumer Cyclical,Restaurants,162.48,9525.213212477174,140.17523359559533,25.81324980815784,16.373465045127368,45.21303851911923,210.67403396144786,0.27714002,1.2547197910014536,-0.013866305,Sube,,0.21052631578947367,0.2807017543859649,0.1228070175438597,0.20467836257309943,0.5407725321888412,0.6877682403433476,45.0,S&P 400 MidCap
337,WWD,"Woodward, Inc.",United States,USD,Industrials,Aerospace & Defense,324.25,17098.942004184755,194.17375175350182,34.68218499010025,24.9642555188372,102.25790654211079,167.21388675352205,0.22339001,1.1315394152267058,0.32125545,Sube,,0.20588235294117652,0.10948905109489049,0.014598540145985384,0.10998998139401746,0.490343347639485,0.8626609442060086,45.0,S&P 400 MidCap
338,PUB.PA,PUBLICIS GROUPE SA,France,EUR,Communication Services,Advertising Agencies,95.26,23788.429985540002,57.45511640000001,14.6661097321455,9.265354980032319,11.784471956263632,2018.625024,0.16179001,1.1353382524527353,0.13631988,Baja,,0.5294117647058824,0.5555555555555556,0.7777777777777778,0.6209150326797386,0.38090128755364805,0.27682403433476394,44.6,CAC 40
339,BSY,"Bentley Systems, Incorporated",United States,USD,Technology,Software - Application,35.15,9121.952368425353,81.77790629737973,35.220149216165595,24.233340721110444,25.66414942794457,355.4356007019215,0.24517,2.3956179167822365,-0.29345906,Sube,,0.38888888888888884,0.43333333333333335,0.5333333333333333,0.4518518518518519,0.3465665236051502,0.5375536480686696,44.6,S&P 400 MidCap
340,TREX,"Trex Company, Inc.",United States,USD,Industrials,Building Products & Equipment,43.82,4066.1435270609436,71.99670679871102,25.67136412768514,15.502597392935417,65.34949461086983,62.22149920627859,0.17740999,0.9490560974347338,-0.16259098,Sube,,0.4558823529411765,0.4890510948905109,0.08029197080291972,0.34174180621153577,0.43240343347639487,0.5976394849785408,44.6,S&P 400 MidCap
341,PHM,"PulteGroup, Inc.",United States,USD,Consumer Cyclical,Residential Construction,112.33,19109.957542113287,162.55031023686044,11.223676186593512,8.185575528359964,19.839662661289122,963.2198827352227,0.14901,0.4154020960412088,-0.090553045,Baja,,0.7894736842105263,0.7017543859649122,0.5263157894736843,0.672514619883041,0.44849785407725323,0.13733905579399142,44.5,S&P 500
342,BJ,"BJ's Wholesale Club Holdings, I",United States,USD,Consumer Defensive,Discount Stores,95.9,10818.637543720271,152.269900446265,20.376180996324045,12.801895050855325,49.10868873573415,220.29986591452285,0.27673,2.363879171601444,0.07257426,Sube,,0.32432432432432434,0.3513513513513513,0.10810810810810811,0.26126126126126126,0.3927038626609442,0.7414163090128756,44.5,S&P 400 MidCap
343,SGO.PA,SAINT GOBAIN,France,EUR,Industrials,Building Products & Equipment,64.76,31626.212768960002,62.96465852,11.840588547795708,6.557023404188145,10.196658806804184,3101.625088,0.11038999,1.7506079027592132,-0.252172,Baja,,0.9117647058823529,0.9562043795620438,0.948905109489051,0.938958064977816,0.17274678111587985,0.05686695278969957,44.4,CAC 40
344,HO.PA,THALES,France,EUR,Industrials,Aerospace & Defense,216.4,44504.3226012,52.1110676,29.7528551256968,14.676159436053785,10.464588085252725,4252.84992,0.19353001,0.16924188185948222,-0.15974319,Baja,,0.3308823529411765,0.5547445255474452,0.9416058394160584,0.6090775726348934,0.5643776824034334,0.10193133047210301,44.4,CAC 40
345,SMTC,Semtech Corporation,United States,USD,Technology,Semiconductors,193.78,16151.39206783649,508.9283780925653,117.41213467108314,102.63068502091024,136.32862399290454,118.47396089523444,0.23663999,1.7895927466571506,1.795577,Sube,,0.022222222222222254,0.022222222222222254,0.09999999999999998,0.04814814814814816,0.4206008583690987,0.9914163090128756,44.3,S&P 400 MidCap
346,ALLE,Allegion plc,Ireland,USD,Industrials,Security & Protection Services,147.91,11233.225336151487,168.55428541591277,19.097769537291224,13.799191234951033,25.963033197788274,432.66228759082037,0.3373,1.812351054984498,-0.12941045,Baja,,0.7132352941176471,0.6277372262773723,0.5474452554744526,0.6294725919564906,0.5139484978540773,0.12124463519313304,44.2,S&P 500
347,GLW,Corning Incorporated,United States,USD,Technology,Electronic Components,163.25,125333.97189422527,1506.457968200977,73.86098680592104,36.03693453062761,191.0631464197014,655.9819318525653,0.16813,1.6829866408105616,0.94062245,Sube,,0.09999999999999998,0.2666666666666667,0.05555555555555558,0.14074074074074075,0.3154506437768241,0.9667381974248928,44.1,S&P 500
348,TOL,"Toll Brothers, Inc.",United States,USD,Consumer Cyclical,Residential Construction,133.86,11016.207750987458,116.36279644180362,10.29286769507647,8.435077702802701,22.115776757420385,498.1153441644889,0.14393,1.102638664709333,0.044267893,Baja,,0.8771929824561404,0.6842105263157895,0.4736842105263158,0.6783625730994153,0.34012875536480686,0.22103004291845493,44.0,S&P 400 MidCap
349,COR,"Cencora, Inc.",United States,USD,Healthcare,Medical Distribution,317.25,54068.20171158149,382.8526422595215,23.064643980139127,13.015052166414913,29.62829828117053,1824.8838052890499,0.96871,2.1000283302044562,0.018544197,Baja,,0.5,0.6551724137931034,0.3620689655172413,0.5057471264367815,0.5772532188841202,0.2092274678111588,43.8,S&P 500
350,DOV,Dover Corporation,United States,USD,Industrials,Specialty Industrial Machinery,188.29,22648.069285886133,201.50694165177597,22.45441722539359,14.071809100709965,27.975421176159976,809.5702703910068,0.14914,0.7878596823707561,0.1646738,Baja,,0.5955882352941176,0.6058394160583942,0.5182481751824817,0.5732252755116645,0.398068669527897,0.29506437768240346,43.7,S&P 500
351,CNM,"Core & Main, Inc.",United States,USD,Industrials,Industrial Distribution,40.7,6704.368243511346,80.86127439279798,16.3547940087146,10.635134102673797,15.737631970649897,426.00870677461165,0.23561001,2.6064170438502674,-0.18678772,Baja,,0.8014705882352942,0.8029197080291971,0.7956204379562044,0.8000035780735653,0.30686695278969955,0.08369098712446352,43.7,S&P 400 MidCap
352,RS,"Reliance, Inc.",United States,USD,Basic Materials,Steel,396.22,18065.823265638104,112.88087463268029,22.63170693667487,14.194060555025539,58.5582614098555,308.51023972849,0.12229,1.1360144365422102,0.42752004,Sube,,0.23076923076923073,0.15384615384615385,0.1923076923076923,0.1923076923076923,0.29291845493562235,0.9055793991416309,43.6,S&P 400 MidCap
353,HQY,"HealthEquity, Inc.",United States,USD,Healthcare,Health Information Services,91.9,6788.9316437745565,68.8507567115305,32.14261546762286,16.192436171743203,19.122849160378667,355.0167439400606,0.11434,1.3921402567778047,-0.011293292,Sube,,0.2068965517241379,0.31034482758620685,0.6724137931034483,0.39655172413793105,0.2339055793991416,0.6920600858369099,43.6,S&P 400 MidCap
354,VEEV,Veeva Systems Inc.,United States,USD,Healthcare,Health Information Services,282.5,40849.72493625104,423.18127939639845,45.07342690510742,35.94022365774901,36.367092990918714,1123.2606616770743,0.14425,-6.59442139257445,-0.060636163,Sube,,0.10344827586206895,0.051724137931034475,0.2931034482758621,0.14942528735632185,0.5954935622317596,0.6555793991416309,43.5,S&P 500
355,VAL,Valaris Limited,United States,USD,Energy,Oil & Gas Drilling,81.85,5075.773889832236,78.97508284214777,6.04865985839719,14.848448293196798,71.28655757855125,71.20239863229752,0.33619,1.4696328436911488,0.59688413,Baja,,0.967741935483871,0.0,0.06451612903225812,0.3440860215053763,0.5568669527896996,0.4334763948497854,43.5,S&P 400 MidCap
356,KPN.AS,KPN KON,Netherlands,EUR,Communication Services,Telecom Services,3.957,14926.285598556,41.315361474,18.026914974101448,9.0684240112183,18.787018501876137,794.499968,0.26111,2.8517284691839326,-0.01619023,Igual,,0.3529411764705882,0.6111111111111112,0.6111111111111112,0.5250544662309369,0.315450643776824,0.434549356223176,43.5,AEX
357,LYV,"Live Nation Entertainment, Inc.",United States,USD,Communication Services,Entertainment,170.84,35544.310483368106,296.6029181641456,,27.089137892799027,23.479694419284886,1513.831902947341,0.17677,1.4255719531276636,0.14571524,Sube,,,0.05555555555555558,0.38888888888888884,0.2222222222222222,0.36480686695278974,0.7854077253218884,43.4,S&P 500
358,CVNA,Carvana Co.,United States,USD,Consumer Cyclical,Auto & Truck Dealerships,62.76,40352.00394254126,485.089811511658,28.815021814668366,19.02268992290665,106.46704766695404,379.0093256720031,0.58773,1.0219122729861472,-0.11501485,Sube,,0.08771929824561409,0.1228070175438597,0.052631578947368474,0.08771929824561409,0.6995708154506437,0.6255364806866953,43.3,S&P 500
359,FNTN.DE,freenet AG                    N,Germany,EUR,Communication Services,Telecom Services,22.94,2706.4749181200004,6.9799538000000005,11.305241930325817,8.561154880336385,4.514271491807605,599.537472,0.17708999,1.8669304971555776,-0.15563911,Baja,,0.6470588235294117,0.6666666666666667,1.0,0.7712418300653594,0.30364806866952787,0.10944206008583691,43.2,MDAX
360,EVD.DE,CTS Eventim AG & Co. KGaA     I,Germany,EUR,Communication Services,Entertainment,55.8,5356.31454,16.892613,17.393286245453982,7.782177516268734,37.5367071459975,142.695376,0.29787,-2.3386656236537195,-0.29716402,Baja,,0.4117647058823529,0.7222222222222222,0.16666666666666663,0.43355119825708055,0.8218884120171674,0.03648068669527897,43.1,MDAX
361,HWM,Howmet Aerospace Inc.,United States,USD,Industrials,Aerospace & Defense,222.75,79336.76394595139,538.4751098558107,47.50428429264706,33.2619956638459,74.65743528359397,1062.6773293856468,0.34732,1.4677881846373975,0.20845294,Sube,,0.05147058823529416,0.029197080291970767,0.04379562043795615,0.04148776298840703,0.5686695278969958,0.8133047210300429,43.1,S&P 500
362,CLH,"Clean Harbors, Inc.",United States,USD,Industrials,Waste Management,315.54,14875.909878278397,123.07857495788943,37.937218717798956,16.201490780400288,43.40362295890127,342.73428953993863,0.15562001,2.283202420582783,0.3505733,Sube,,0.13235294117647056,0.45985401459854014,0.21167883211678828,0.2679619292972663,0.20600858369098715,0.8723175965665235,43.1,S&P 400 MidCap
363,SSD,"Simpson Manufacturing Company, ",United States,USD,Basic Materials,Lumber & Wood Production,171.22,6267.23758546179,42.23617228638955,18.519664654013027,12.10673929966898,15.720451480772393,398.6677859174221,0.18722,-0.0069463747602051314,0.011033416,Baja,,0.5,0.3076923076923077,0.6538461538461539,0.4871794871794872,0.5793991416309012,0.20386266094420602,43.0,S&P 400 MidCap
364,ZBRA,Zebra Technologies Corporation,United States,USD,Technology,Communication Equipment,386.05,16423.10093483564,229.81601786243365,34.11664375064935,17.90022876148649,31.883607232704442,515.0954474809153,0.15286,2.3690877297297295,0.2554673,Igual,,0.4222222222222223,0.5888888888888889,0.48888888888888893,0.5,0.18776824034334766,0.5772532188841202,43.0,S&P 500
365,ITX.MC,INDUSTRIA DE DISE...O TEXTIL S.,Spain,EUR,Consumer Cyclical,Apparel Retail,53.34,166154.59126140003,83.60730294000001,25.92519783439112,16.573846652768058,25.609928131633893,6487.8976,0.36824,-0.4299177279849869,0.119617224,Baja,,0.19298245614035092,0.24561403508771928,0.368421052631579,0.2690058479532164,0.8047210300429184,0.26824034334763946,42.9,IBEX 35
366,AD.AS,KONINKLIJKE AHOLD DELHAIZE N.V.,Netherlands,EUR,Consumer Defensive,Grocery Stores,31.9,27873.0077681,81.51595209999999,12.454426351176688,8.152005437488235,9.571774645638735,2912.0,0.15675999,2.9788416580208863,-0.09670961,Baja,,0.8108108108108107,0.8648648648648649,0.9459459459459459,0.8738738738738738,0.13090128755364808,0.13197424892703863,42.8,AEX
367,WMS,"Advanced Drainage Systems, Inc.",United States,USD,Industrials,Building Products & Equipment,126.08,8490.796074365464,79.32206356682863,20.76662295077842,11.727141628061602,29.050496687271767,292.27713955354284,0.26354,1.693796974148228,-0.076272964,Baja,,0.6323529411764706,0.7226277372262774,0.4890510948905109,0.6146772577644196,0.4592274678111588,0.14484978540772533,42.7,S&P 400 MidCap
368,SLB,SLB Limited,United States,USD,Energy,Oil & Gas Equipment & Services,47.96,63570.42081923839,542.9283076527479,22.953728096678038,10.817487342603387,24.08680159094942,2639.2221723254816,0.12909001,1.176486564906523,0.471887,Sube,,0.06451612903225812,0.16129032258064513,0.22580645161290325,0.15053763440860216,0.29935622317596566,0.9163090128755365,42.5,S&P 500
369,CDE,"Coeur Mining, Inc.",United States,USD,Basic Materials,Gold,16.5,15147.804561665953,506.3845196857896,19.944482989518654,10.200920905043441,21.28781094243496,711.5717347653832,0.12848,-0.208119102128387,-0.18277013,Igual,,0.3846153846153846,0.46153846153846156,0.5384615384615384,0.4615384615384615,0.46673819742489264,0.33583690987124465,42.5,S&P 400 MidCap
370,BESI.AS,BE Semiconductor Industries N.V,Netherlands,EUR,Technology,Semiconductor Equipment & Materials,175.75,13905.559336,82.05714775,66.64027362387739,49.35705542645482,80.7486257084456,172.208,0.44873002,-0.5421444787875246,0.31226516,Baja,,0.1444444444444445,0.1444444444444445,0.1777777777777778,0.15555555555555559,0.8487124463519313,0.3583690987124464,42.4,AEX
371,LH,Labcorp Holdings Inc.,United States,USD,Healthcare,Diagnostics & Research,311.97,22596.115367035163,205.36664733903507,25.242707963916345,13.786518743711875,28.362499247575798,796.6898533797757,0.11728,2.880075816740731,0.1232388,Sube,,0.3620689655172413,0.5517241379310345,0.39655172413793105,0.43678160919540227,0.05257510729613735,0.7736051502145922,42.3,S&P 500
372,NVT,nVent Electric plc,United Kingdom,USD,Industrials,Electrical Equipment & Parts,167.82,24259.275081137028,327.12159014940937,45.96108176477157,27.19121502570503,60.02209338775054,404.17242571695976,0.15748,1.311833048780488,0.7605349,Sube,,0.05882352941176472,0.08029197080291972,0.10948905109489049,0.08286818376985831,0.34120171673819744,0.9560085836909871,42.2,S&P 400 MidCap
373,GWW,"W.W. Grainger, Inc.",United States,USD,Industrials,Industrial Distribution,1263.51,53277.20972504779,295.7304801795296,31.900667373096255,19.23577360811256,47.809454796825264,1114.3655570108197,0.46091,0.686567144278607,0.31883085,Baja,,0.2867647058823529,0.27007299270072993,0.16058394160583944,0.23914054672964077,0.7274678111587982,0.3594420600858369,42.2,S&P 500
374,OLED,Universal Display Corporation,United States,USD,Technology,Electronic Components,77.22,3170.111192151724,50.893546518055594,18.143040402956796,12.03681397968455,31.738645852028668,99.8817406051713,0.115159996,-1.7458472147799549,-0.4502036,Baja,,0.7111111111111111,0.7777777777777778,0.5,0.662962962962963,0.509656652360515,0.013948497854077254,42.2,S&P 400 MidCap
375,CPG.L,COMPASS GROUP PLC ORD 11 1/20P,United Kingdom,USD,Consumer Cyclical,Restaurants,30.5,46315.97050684136,54.76560645781111,25.69860271679881,15.870808955895946,26.26975435263408,1763.0911155511903,0.26883,2.25931761081172,-0.12263107,Sube,,0.22807017543859653,0.29824561403508776,0.3508771929824561,0.2923976608187135,0.3927038626609442,0.6244635193133047,42.2,FTSE 100
376,JCI,Johnson Controls International ,Ireland,USD,Industrials,Building Products & Equipment,155.93,84356.21447168833,454.85817731614895,43.327186888577984,23.881448127598144,31.651914613509103,2665.1220155789542,0.14332,2.0425433359148393,0.46417046,Sube,,0.07352941176470584,0.14598540145985406,0.43065693430656937,0.21672391584370976,0.1995708154506438,0.9141630901287554,42.1,S&P 500
377,REC.MI,RECORDATI ORD,Italy,EUR,Healthcare,Drug Manufacturers - General,53.0,11024.0,17.501925,22.173190186564387,12.765864190436991,20.378210115258447,540.969984,0.24851999,1.8954092790960426,-0.017576337,Baja,,0.5517241379310345,0.6724137931034483,0.5862068965517242,0.603448275862069,0.41416309012875535,0.18240343347639484,42.0,FTSE MIB
378,FLS,Flowserve Corporation,United States,USD,Industrials,Specialty Industrial Machinery,70.52,8049.466774100452,107.89843414460492,24.27619725618065,14.786369438412265,21.041765656465934,382.54711631706283,0.16936001,2.2141816720974865,0.39908433,Baja,,0.5147058823529411,0.5401459854014599,0.656934306569343,0.5705953914412479,0.2446351931330472,0.3959227467811159,42.0,S&P 400 MidCap
379,GAW.L,GAMES WORKSHOP GROUP PLC ORD 5P,United Kingdom,GBp,Consumer Cyclical,Leisure,16540.0,6454.387258727797,19.183446849080806,26.532544650485438,18.264810803968526,30.645944479955148,210.611464853024,0.66872,-0.43414300376325693,0.13814437,Baja,,0.17543859649122806,0.1578947368421053,0.22807017543859653,0.18713450292397663,0.8723175965665236,0.27896995708154504,42.0,FTSE 100
380,LII,"Lennox International, Inc.",United States,USD,Industrials,Building Products & Equipment,358.43,11063.350321252417,164.93097234407597,15.710314829397687,12.26527397698155,44.60176447848397,248.04736876697805,0.71757007,1.6848309121967884,-0.34070826,Baja,,0.8161764705882353,0.7007299270072993,0.1897810218978102,0.5688958064977816,0.6137339055793991,0.02682403433476395,42.0,S&P 500
381,RSG,"Republic Services, Inc.",United States,USD,Industrials,Waste Management,216.18,59120.650226873404,280.08948964902453,30.28230807876278,15.29106384376414,34.07611904830482,1734.9584365246099,0.18152,2.698877731924705,-0.047082305,Sube,,0.3161764705882353,0.5109489051094891,0.35766423357664234,0.3949298697581223,0.20600858369098715,0.6641630901287554,41.9,S&P 500
382,HXL,Hexcel Corporation,United States,USD,Industrials,Aerospace & Defense,83.9,5666.547778035065,69.49866201129382,41.334251614332246,18.61621496863753,25.08076854295425,225.93198323768772,0.10764,2.3056555269922883,0.31132793,Sube,,0.1029411764705882,0.3138686131386861,0.5766423357664234,0.3311507084585659,0.09120171673819744,0.8562231759656652,41.7,S&P 400 MidCap
383,REN.AS,RELX,United Kingdom,EUR,Industrials,Specialty Business Services,30.76,53449.74057360001,29.38388988,20.00986144210486,16.387700342437256,20.275405490693647,2636.1860234131095,1.31864,2.6385177351154314,-0.23026317,Baja,,0.6691176470588236,0.43065693430656937,0.7007299270072993,0.6001681694575641,0.5214592274678111,0.06545064377682404,41.6,AEX
384,BZU.MI,BUZZI,Italy,EUR,Basic Materials,Building Materials,37.06,6541.52167488,17.64515544,7.615177935973552,5.057539656306096,328.95937617258807,19.8855,0.12303001,-0.6130278510653832,-0.19727892,Baja,,0.9615384615384616,0.8461538461538461,0.038461538461538436,0.6153846153846154,0.48819742489270385,0.07725321888412018,41.6,FTSE MIB
385,FCN,"FTI Consulting, Inc.",United States,USD,Industrials,Consulting Services,137.73,3396.4077549356643,51.83783776580121,15.043879207049327,11.142687614236538,13.125310707537816,258.7677983870599,0.15634,2.4619748050158567,-0.15757579,Baja,,0.8529411764705882,0.7518248175182481,0.8613138686131387,0.8220266208673251,0.18240343347639482,0.10622317596566523,41.5,S&P 400 MidCap
386,MTSI,MACOM Technology Solutions Hold,United States,USD,Technology,Semiconductors,335.91,22911.3729132553,409.51097321510713,106.47982962490559,92.0289670939171,245.83986285631306,93.19632970445642,0.17184,-0.9019279266225203,1.6328554,Igual,,0.033333333333333326,0.033333333333333326,0.022222222222222254,0.029629629629629634,0.6062231759656653,0.7360515021459227,41.5,S&P 400 MidCap
387,WSO,"Watsco, Inc.",United States,USD,Industrials,Industrial Distribution,282.65,8983.837620930191,124.82417229293378,22.682436378988402,14.449026892257574,20.79784149253908,431.9600966356537,0.16744,0.10138324862554675,-0.2663589,Baja,,0.5808823529411764,0.5693430656934306,0.6715328467153285,0.6072527551166452,0.5236051502145922,0.046137339055793994,41.4,S&P 400 MidCap
388,CMCSA,Comcast Corporation,United States,USD,Communication Services,Telecom Services,20.94,66188.25349214776,537.5502676738674,6.61761653637041,4.602784768957774,5.836578659460282,11340.248689164124,0.114879996,2.4277287197304207,-0.2523718,Baja,,0.9411764705882353,0.8888888888888888,0.9444444444444444,0.9248366013071895,0.09012875536480686,0.05472103004291846,41.3,S&P 500
389,APG,APi Group Corporation,United States,USD,Industrials,Engineering & Construction,40.21,15519.546792690537,108.76003724526159,,18.85941242071296,26.790772633480753,579.287018146523,0.10348,2.7694443259259254,0.17081451,Sube,,,0.291970802919708,0.5328467153284672,0.4124087591240876,0.02682403433476397,0.7972103004291846,41.2,S&P 400 MidCap
390,CHD,"Church & Dwight Company, Inc.",United States,USD,Consumer Defensive,Household & Personal Products,96.75,20496.17912975036,157.1087476710249,30.812940389701932,18.54368027328757,24.433507478592823,838.8553770967138,0.17041,1.6042958606436373,0.08569503,Sube,,0.16216216216216217,0.1351351351351351,0.3513513513513513,0.2162162162162162,0.3315450643776824,0.752145922746781,41.2,S&P 500
391,RACE.MI,FERRARI,Italy,EUR,Consumer Cyclical,Auto Manufacturers,345.15,60539.2982649,141.52047389999998,37.00183816365026,25.205803775930747,60.41956119530558,1001.98176,0.45439997,0.7019079914498076,-0.17502987,Sube,,0.03508771929824561,0.0,0.07017543859649122,0.03508771929824561,0.7242489270386266,0.5933476394849786,40.9,FTSE MIB
392,TXT,Textron Inc.,United States,USD,Industrials,Aerospace & Defense,73.03,11341.577359797886,110.91284975668873,13.524081237944623,9.210781158589286,28.048838947870962,404.3510457198003,0.12126,1.6517857523809525,-0.12398517,Baja,,0.8897058823529411,0.8759124087591241,0.5109489051094891,0.7588557320738515,0.21459227467811157,0.12339055793991416,40.5,S&P 500
393,MZTI,The Marzetti Company,United States,USD,Consumer Defensive,Packaged Foods,100.43,2447.839893529821,33.07871142626984,14.332513020833332,9.729943176075187,20.64117010257012,118.59017106908247,0.18677999,0.7493102878463029,-0.3941959,Baja,,0.7297297297297297,0.7027027027027026,0.45945945945945943,0.6306306306306306,0.48712446351931327,0.0203862660944206,40.5,S&P 400 MidCap
394,AVGO,Broadcom Inc.,United States,USD,Technology,Semiconductors,376.51,1605185.9642252848,7591.095033075777,46.97032231745069,35.07009931529077,58.74264744095404,27325.73409870161,0.44245,0.6782242813169809,0.087727904,Baja,,0.2666666666666667,0.28888888888888886,0.2777777777777778,0.2777777777777778,0.7221030042918455,0.2553648068669528,40.4,S&P 500
395,LR.PA,LEGRAND,France,EUR,Industrials,Electrical Equipment & Parts,141.15,36997.33365195001,79.03341375,28.141273865847143,19.275365523755944,35.883596385597635,1031.037504,0.18209,2.594120599210127,0.0098673105,Sube,,0.36764705882352944,0.25547445255474455,0.3211678832116789,0.3147631315299843,0.2221030042918455,0.7027896995708154,40.3,CAC 40
396,QIA.DE,Qiagen N.V.                   A,Netherlands,EUR,Healthcare,Diagnostics & Research,40.8,8424.996,25.0826976,23.046813408530625,14.020482647608622,25.3005217477442,332.99692725709,0.11928,1.1716377805058578,-0.055243433,Igual,,0.5172413793103448,0.48275862068965514,0.4655172413793104,0.48850574712643674,0.2800429184549356,0.40772532188841204,40.2,DAX
397,BKR,Baker Hughes Company,United States,USD,Energy,Oil & Gas Equipment & Services,55.41,49124.13594300515,394.83341927269703,17.766172569156975,11.207495192566707,12.458452882620387,3943.0366198626157,0.16463,-0.1593305041956705,0.19393945,Baja,,0.22580645161290325,0.12903225806451613,0.7419354838709677,0.3655913978494623,0.5418454935622318,0.30793991416309013,40.1,S&P 500
398,HLMA.L,HALMA PLC ORD 10P,United Kingdom,GBp,Industrials,Conglomerates,3478.0,15511.738567361715,49.659475776707886,35.282434607843136,22.32763391859345,50.27759669148992,308.52187829390147,0.18306999,1.2363519588953116,-0.00280267,Sube,,0.17647058823529416,0.18248175182481752,0.14598540145985406,0.16831258050665523,0.40772532188841204,0.6963519313304721,39.9,FTSE 100
399,PEP,"Pepsico, Inc.",United States,USD,Consumer Defensive,Beverages - Non-Alcoholic,123.73,150947.4596584449,902.2463383644819,16.172153365698108,11.201841373326456,21.58042339110488,6994.64773803572,0.51508,2.250714798822134,-0.094569266,Baja,,0.6486486486486487,0.45945945945945943,0.4054054054054054,0.5045045045045046,0.5193133047210301,0.1351931330472103,39.8,S&P 500
400,AR,Antero Resources Corporation,United States,USD,Energy,Oil & Gas E&P,35.57,9766.589186226372,132.40830145890354,10.090663147700752,6.711811198901583,27.952519444163613,349.3992448779282,0.14216,1.9919770834424424,0.04597366,Igual,,0.7741935483870968,0.4838709677419355,0.19354838709677424,0.4838709677419355,0.20278969957081544,0.4721030042918455,39.6,S&P 400 MidCap
401,SAF.PA,SAFRAN,France,EUR,Industrials,Aerospace & Defense,319.4,132351.63051999998,156.39133539999997,34.09367204636528,21.356894949156576,37.14872845502462,3562.749952,0.2749,-0.25506210298891274,0.08426595,Baja,,0.23529411764705888,0.21167883211678828,0.3065693430656934,0.25118076427651354,0.7242489270386265,0.25,39.3,CAC 40
402,CL,Colgate-Palmolive Company,United States,USD,Consumer Defensive,Household & Personal Products,87.21,62089.601210084154,369.50795094799633,34.112582147737974,15.236893727057753,20.102344073761888,3088.6746830249085,2.67367,1.2851695600540132,0.11858976,Baja,,0.08108108108108103,0.16216216216216217,0.4864864864864865,0.24324324324324323,0.7113733905579399,0.26716738197424894,39.1,S&P 500
403,EBAY,eBay Inc.,United States,USD,Consumer Cyclical,Internet Retail,107.6,42763.41488004603,424.0993921947687,21.82406690678239,16.7031653126615,30.31225842367039,1410.763074210687,0.46611,1.23740303875969,0.16268468,Baja,,0.3157894736842105,0.22807017543859653,0.26315789473684215,0.2690058479532164,0.6491416309012876,0.2939914163090129,39.1,S&P 500
404,DHI,"D.R. Horton, Inc.",United States,USD,Consumer Cyclical,Residential Construction,133.28,33293.50467306086,306.5319208834938,12.210876115665727,10.26985157606011,15.443301036320632,2155.854152862712,0.12632,1.2378737101380815,-0.13809401,Baja,,0.7543859649122807,0.6140350877192983,0.6666666666666667,0.6783625730994153,0.2811158798283262,0.1148068669527897,39.0,S&P 500
405,HAL,Halliburton Company,United States,USD,Energy,Oil & Gas Equipment & Services,31.75,23688.47589553632,314.7291936460621,16.5567278940387,7.894389380287286,12.924292017560568,1832.8644898575628,0.14917,1.4861077479799718,0.36789298,Baja,,0.3548387096774194,0.3870967741935484,0.6451612903225806,0.4623655913978495,0.30364806866952787,0.3798283261802575,39.0,S&P 500
406,EQT,EQT Corporation,United States,USD,Energy,Oil & Gas E&P,52.31,29222.895109193654,336.6575007830354,12.066883480732038,5.469851866097736,13.296228869943178,2197.833340192687,0.11078,0.7923608466311044,-0.069845796,Baja,,0.5483870967741935,0.7419354838709677,0.6129032258064516,0.6344086021505376,0.30579399141630903,0.14914163090128754,39.0,S&P 500
407,SN.L,SMITH & NEPHEW PLC ORD USD0.20,United Kingdom,GBp,Healthcare,Medical Devices,1019.0,10072.224999091502,34.385768981450816,17.76035315179764,10.353707805637846,10.649503542390466,945.79291504049,0.11851,2.1931982170767004,-0.24711573,Baja,,0.7413793103448276,0.7931034482758621,0.9482758620689655,0.8275862068965517,0.13412017167381973,0.060085836909871244,38.9,FTSE 100
408,USFD,US Foods Holding Corp.,United States,USD,Consumer Defensive,Food Distribution,96.05,18557.337539828783,201.2602711074253,28.541986187019226,14.653710150483763,25.807875982751757,719.05714179002,0.16350001,3.0,0.2701316,Sube,,0.18918918918918914,0.2432432432432432,0.2702702702702703,0.2342342342342342,0.14377682403433475,0.8369098712446352,38.8,S&P 400 MidCap
409,BEI.DE,BEIERSDORF AG                 I,Germany,EUR,Consumer Defensive,Household & Personal Products,77.2,16870.034194800002,27.336906,17.985111081876333,8.948122989113925,30.138514895192074,559.750016,0.10887,-1.7291138430379747,-0.16804528,Baja,,0.5675675675675675,0.8108108108108107,0.21621621621621623,0.5315315315315315,0.49141630901287553,0.0944206008583691,38.8,DAX
410,CMG,"Chipotle Mexican Grill, Inc.",United States,USD,Consumer Cyclical,Restaurants,30.77,34774.55653516905,453.6101595438533,27.431836399682783,19.19906204148975,34.87519388706268,997.1143572070303,0.49560001,2.084086651242287,-0.24597365,Sube,,0.14035087719298245,0.10526315789473684,0.17543859649122806,0.14035087719298245,0.5375536480686696,0.5611587982832618,38.6,S&P 500
411,WAB,Westinghouse Air Brake Technolo,United States,USD,Industrials,Railroads,282.44,42607.283811139714,226.53510968163093,37.683397121990524,20.363326840130927,43.31602024380841,983.6380067079224,0.11553001,2.3674084679312934,0.45966816,Sube,,0.13970588235294112,0.23357664233576647,0.21897810218978098,0.1974202089594962,0.10622317596566526,0.9120171673819742,38.4,S&P 500
412,MONC.MI,MONCLER,Italy,EUR,Consumer Cyclical,Apparel Manufacturing,43.2,11749.956206400002,50.208465600000004,18.419111585908286,13.011741616991705,17.08031229172117,687.923968,0.18122,0.10260981737177728,-0.16094834,Baja,,0.4035087719298246,0.4035087719298246,0.5964912280701755,0.46783625730994155,0.5466738197424893,0.09871244635193133,38.1,FTSE MIB
413,KRYS,"Krystal Biotech, Inc.",United States,USD,Healthcare,Biotechnology,324.57,8579.917346926713,109.83247864597911,39.78603104611868,44.006144604021,63.311654199970185,135.5187675214898,0.20124,-4.198732567575683,0.74596643,Baja,,0.12068965517241381,0.017241379310344862,0.06896551724137934,0.06896551724137934,0.7156652360515021,0.45493562231759654,37.9,S&P 400 MidCap
414,PKG,Packaging Corporation of Americ,United States,USD,Consumer Cyclical,Packaging & Containers,227.25,18083.121530252713,124.55145022658182,29.455322152676754,12.028442882185978,46.76657281322285,386.66766543859,0.14887,1.905154660749437,0.0771755,Sube,,0.07017543859649122,0.45614035087719296,0.08771929824561409,0.20467836257309943,0.23927038626609443,0.7435622317596566,37.7,S&P 500
415,KMB,Kimberly-Clark Corporation,United States,USD,Consumer Defensive,Household & Personal Products,96.48,28602.068854929767,336.1470166127684,19.006294872262835,10.803966142721583,34.029067249932304,840.5187437215654,1.04913,1.603849442874566,-0.19108921,Baja,,0.45945945945945943,0.5405405405405406,0.16216216216216217,0.3873873873873874,0.6555793991416309,0.07939914163090128,37.5,S&P 500
416,EXPN.L,EXPERIAN PLC ORD USD0.10,Ireland,GBp,Industrials,Consulting Services,2543.0,26346.740697620535,85.09983976458162,19.640695754774608,13.686742110106875,32.37347110194458,813.8373736524645,0.28258,2.0724409196850395,-0.30181313,Baja,,0.6985294117647058,0.635036496350365,0.4087591240875912,0.5807750107342207,0.4356223175965665,0.03540772532188841,37.4,FTSE 100
417,PPG,"PPG Industries, Inc.",United States,USD,Basic Materials,Specialty Chemicals,105.08,20862.176872161166,158.0148950547829,14.90700896359376,10.830350473789792,21.1467995858113,986.5406246228813,0.19297001,2.1723500630321753,0.048528433,Baja,,0.6153846153846154,0.42307692307692313,0.5769230769230769,0.5384615384615384,0.29935622317596566,0.22639484978540772,37.3,S&P 500
418,PHIA.AS,KON.PHILIPS N.V.,Netherlands,EUR,Healthcare,Medical Devices,21.53,21044.01347216,35.50365896,18.95857069563964,11.059608225231788,13.776767941933503,1527.500032,0.10154,2.3493377483443707,-0.113122165,Baja,,0.6896551724137931,0.7413793103448276,0.9137931034482758,0.7816091954022989,0.07403433476394847,0.12660944206008584,37.3,AEX
419,PWR,"Quanta Services, Inc.",United States,USD,Industrials,Engineering & Construction,701.07,94133.85120096387,635.2514079698727,79.43563678035447,36.61668271265856,53.9001329340132,1746.4493328097442,0.15337,2.002198980339478,0.6226406,Sube,,0.007352941176470562,0.014598540145985384,0.12408759124087587,0.04867969085444394,0.23390557939914164,0.9356223175965666,37.0,S&P 500
420,APP,Applovin Corporation,United States,USD,Communication Services,Advertising Agencies,281.29,76482.20181611668,1480.971899907767,19.419439218433908,15.900283337816166,26.93017307083533,2840.0189488178557,2.03686,0.08527680818094717,-0.55728126,Baja,,0.2941176470588235,0.2222222222222222,0.2777777777777778,0.2647058823529412,0.869098712446352,0.00536480686695279,36.8,S&P 500
421,SPXC,"SPX Technologies, Inc.",United States,USD,Industrials,Building Products & Equipment,170.62,7632.119630160849,83.6876462339664,29.98473485333333,17.23639222920659,36.515969342282894,209.00772367894936,0.14684,0.8591414948256036,-0.067020416,Igual,,0.32352941176470584,0.3722627737226277,0.3138686131386861,0.3365535995420066,0.37875536480686695,0.40021459227467815,36.8,S&P 400 MidCap
422,ERF.PA,EUROFINS SCIENT.,Luxembourg,EUR,Healthcare,Diagnostics & Research,76.52,13093.50730396,21.83299248,27.86445478603958,11.025507175293585,38.55993361516579,339.562496,0.11328,2.5071888932209716,0.22215092,Igual,,0.31034482758620685,0.7586206896551724,0.24137931034482762,0.43678160919540227,0.07403433476394851,0.5675965665236051,36.7,CAC 40
423,RPM,RPM International Inc.,United States,USD,Basic Materials,Specialty Chemicals,98.33,11199.82046664523,109.10002650617027,19.034878873335398,12.674955805348459,26.117925396990188,428.8173848576767,0.21371001,2.198065531935007,-0.13092291,Igual,,0.46153846153846156,0.23076923076923073,0.5,0.3974358974358974,0.32296137339055797,0.36909871244635195,36.7,S&P 400 MidCap
424,ANTO.L,ANTOFAGASTA PLC ORD 5P,United Kingdom,GBp,Basic Materials,Copper,3692.0,42981.778082105826,45.772089210131476,29.08648745308669,9.601614965505236,83.74741336595734,513.2311119184676,0.17846,0.7310244133808912,0.37092733,Baja,,0.15384615384615385,0.5,0.15384615384615385,0.2692307692307692,0.4688841201716738,0.38412017167381973,36.4,FTSE 100
425,CGNX,Cognex Corporation,United States,USD,Technology,Scientific & Technical Instruments,61.21,9196.234206736433,102.83972549637572,58.911260320044846,37.26576211760394,52.623851169830786,174.75410868463058,0.111490004,-1.241157580607765,0.41925132,Baja,,0.16666666666666663,0.24444444444444446,0.30000000000000004,0.23703703703703705,0.48283261802575106,0.4012875536480687,36.0,S&P 400 MidCap
426,GWRE,"Guidewire Software, Inc.",United States,USD,Technology,Software - Application,163.98,12007.870678061316,198.85845198780237,96.53121407759946,81.89018192099176,39.19508353903247,306.36165543832215,0.10508,-0.38043513272061913,-0.28686607,Sube,,0.05555555555555558,0.05555555555555558,0.4111111111111111,0.17407407407407408,0.4227467811158798,0.5396995708154506,35.8,S&P 400 MidCap
427,ACM,AECOM,United States,USD,Industrials,Engineering & Construction,58.28,6698.632039847025,100.29916033338533,20.12586710440168,10.527912386109485,19.744092738433547,339.27271962249097,0.16605,2.4780923781935487,-0.5464415,Baja,,0.6544117647058824,0.8102189781021898,0.7299270072992701,0.7315192500357807,0.20278969957081547,0.006437768240343348,35.5,S&P 400 MidCap
428,HLN.L,HALEON PLC ORD GBP0.01,United Kingdom,GBp,Healthcare,Drug Manufacturers - Specialty & Generic,342.4,35562.49595770286,94.9149324726855,18.555164218591184,13.18154247552809,16.714323544817443,2127.6658826393013,0.100930005,2.607443910112359,-0.019953072,Baja,,0.7068965517241379,0.6379310344827587,0.7758620689655172,0.7068965517241379,0.03755364806866951,0.1781115879828326,34.7,FTSE 100
429,ATR,"AptarGroup, Inc.",United States,USD,Healthcare,Medical Instruments & Supplies,120.43,6838.534117651177,48.510030331124696,21.12191678073732,11.111385685735971,28.78828336095708,237.5457415055757,0.13459,1.5209080924808231,-0.08631563,Baja,,0.5862068965517242,0.7241379310344828,0.3793103448275862,0.5632183908045977,0.25858369098712447,0.13948497854077252,34.5,S&P 400 MidCap
430,MDT,Medtronic plc.,Ireland,USD,Healthcare,Medical Devices,85.51,97686.45877125088,817.5539344662013,20.90978391047101,12.366745476717306,20.208606304032408,4833.903798292048,0.106479995,1.8576095856164594,-0.110146105,Baja,,0.6206896551724138,0.7068965517241379,0.6206896551724138,0.6494252873563218,0.15236051502145923,0.1276824034334764,34.4,S&P 500
431,MC.PA,LVMH,France,EUR,Consumer Cyclical,Luxury Goods,388.45,191492.34242815,205.2189119,17.605254027933373,10.79232798865084,16.597925062555028,11537.125376,0.16586,1.243492539618088,-0.32997394,Baja,,0.4736842105263158,0.5614035087719298,0.6140350877192983,0.5497076023391814,0.36909871244635195,0.028969957081545063,33.9,CAC 40
432,HEI.DE,Heidelberg Materials AG       I,Germany,EUR,Basic Materials,Building Materials,141.65,24902.340409850003,59.53025395,12.243640305842723,8.009319219371319,20.152007348995603,1235.725056,0.11698,1.9086454609185295,-0.2224868,Baja,,0.7307692307692308,0.6538461538461539,0.6153846153846154,0.6666666666666666,0.16523605150214596,0.06759656652360516,33.7,DAX
433,PRY.MI,PRYSMIAN,Italy,EUR,Industrials,Electrical Equipment & Parts,124.3,37199.7666524,142.6853373,27.292564127421787,18.685389813043358,78.83394123810007,471.875008,0.22361,1.8757342648201505,0.43013823,Baja,,0.3897058823529411,0.3065693430656934,0.03649635036496346,0.244257191927866,0.3830472103004292,0.40665236051502146,33.5,FTSE MIB
434,CASY,"Caseys General Stores, Inc.",United States,USD,Consumer Cyclical,Specialty Retail,633.25,20903.02883219184,276.44526612290116,30.285497261347796,16.473824736754192,46.50249516309016,449.50338167623613,0.19983,1.5113281004514318,0.12110376,Igual,,0.052631578947368474,0.26315789473684215,0.10526315789473684,0.14035087719298248,0.40450643776824036,0.5203862660944206,33.4,S&P 500
435,BSX,Boston Scientific Corporation,United States,USD,Healthcare,Medical Devices,41.58,53817.28132833389,730.5500306884579,16.401460476447177,12.667477303512772,24.581698489453203,2189.3231401981534,0.15338999,2.116091729043973,-0.5641079,Baja,,0.8103448275862069,0.6896551724137931,0.48275862068965514,0.6609195402298851,0.22210300429184548,0.003218884120171674,33.2,S&P 500
436,ISRG,"Intuitive Surgical, Inc.",United States,USD,Healthcare,Medical Instruments & Supplies,414.52,130786.29155546436,1077.736042159698,46.655029418859506,33.7793274300995,55.99602795646985,2335.6351571424834,0.17423001,-1.2476559969383851,-0.0966993,Igual,,0.06896551724137934,0.06896551724137934,0.08620689655172409,0.07471264367816093,0.6212446351931331,0.3830472103004292,33.1,S&P 500
437,PG,Procter & Gamble Company (The),United States,USD,Consumer Defensive,Household & Personal Products,147.82,306867.1062212286,1135.3212506176742,21.81018703529822,14.89498539353325,25.871616739747555,11861.149200999755,0.30290002,1.0133725657040438,-0.015130401,Baja,,0.2432432432432432,0.21621621621621623,0.2432432432432432,0.2342342342342342,0.6030042918454935,0.18562231759656653,33.0,S&P 500
438,WM,"Waste Management, Inc.",United States,USD,Industrials,Waste Management,208.94,74588.57889185009,382.7241478700801,29.27321851330039,13.675776826660737,35.56352333950885,2097.3337815768905,0.29841,2.9327244508118433,-0.055005014,Baja,,0.3529411764705882,0.6423357664233577,0.3284671532846716,0.44124803205953916,0.34442060085836906,0.15879828326180256,32.7,S&P 500
439,ABT,Abbott Laboratories,United States,USD,Healthcare,Medical Devices,98.73,153585.70629978616,843.732727381356,31.84025453290063,17.043592520065967,23.85438120973292,6438.4695184262855,0.10576,2.321462043316925,-0.26893574,Sube,,0.22413793103448276,0.24137931034482762,0.5172413793103448,0.3275862068965517,0.08583690987124465,0.5450643776824035,32.0,S&P 500
440,OR.PA,L'OREAL,France,EUR,Consumer Defensive,Household & Personal Products,374.4,199330.26197759996,113.5600128,31.60811648858747,20.483506740273555,31.153201548534103,6398.387712,0.19409001,1.223614574904714,-0.024797678,Igual,,0.1351351351351351,0.10810810810810811,0.18918918918918914,0.14414414414414412,0.434549356223176,0.4259656652360515,31.6,CAC 40
441,CDNS,"Cadence Design Systems, Inc.",United States,USD,Technology,Software - Application,356.12,87723.49312497654,761.0446213750067,71.28013261340915,46.07932943523532,61.020702753061926,1437.6021443078957,0.23229,0.5192801960400842,0.027285695,Baja,,0.11111111111111116,0.16666666666666663,0.25555555555555554,0.17777777777777778,0.592274678111588,0.21244635193133046,31.3,S&P 500
442,CRH,CRH PLC,Ireland,USD,Basic Materials,Building Materials,81.46,48400.730282911725,341.29820579426126,14.209248675216614,9.18029977343724,26.84037713404718,1803.2805590319037,0.15812,2.171236392632762,-0.29062366,Baja,,0.6538461538461539,0.6153846153846154,0.46153846153846156,0.576923076923077,0.23068669527896993,0.03862660944206009,31.2,S&P 500
443,AKZA.AS,AKZO NOBEL,Netherlands,EUR,Basic Materials,Specialty Chemicals,57.74,9896.636,27.425749380000003,15.511968652037618,12.194415790262171,12.001377246587172,824.625024,0.14142999,2.92790268164794,-0.019686341,Baja,,0.5769230769230769,0.2692307692307693,0.8846153846153846,0.576923076923077,0.09012875536480688,0.1791845493562232,31.2,AEX
444,EXP,Eagle Materials Inc,United States,USD,Basic Materials,Building Materials,167.5,4588.852309855562,66.51588756627018,12.763160892877895,9.50502090028288,203.26236735137917,22.57600543401536,0.2703,2.215764347041386,-0.28111643,Baja,,0.6923076923076923,0.5769230769230769,0.07692307692307687,0.4487179487179487,0.398068669527897,0.04184549356223176,31.1,S&P 400 MidCap
445,EFX,"Equifax, Inc.",United States,USD,Industrials,Consulting Services,142.43,14944.57632242118,203.29500992037683,24.202160453109634,11.448512981825903,17.659854340071945,846.245729700639,0.14275,2.7526893269832886,-0.4055407,Baja,,0.5294117647058824,0.7445255474452555,0.7664233576642336,0.6801202232717906,0.1094420600858369,0.017167381974248927,31.0,S&P 500
446,HD,"Home Depot, Inc. (The)",United States,USD,Consumer Cyclical,Home Improvement Retail,285.77,254631.5346545889,1071.2861002660948,20.040047656512595,14.046282556220248,26.490727288764823,9612.100561791014,1.0429599,2.479024752566564,-0.25300294,Baja,,0.3508771929824561,0.3508771929824561,0.3157894736842105,0.33918128654970764,0.528969957081545,0.0536480686695279,31.0,S&P 500
447,BATS.L,BRITISH AMERICAN TOBACCO PLC OR,United Kingdom,GBp,Consumer Defensive,Tobacco,4084.0,103741.08225543196,166.02365291994036,13.836827892645935,10.749176615297001,24.919341501299634,4163.074784701734,0.13424,2.904723855104588,0.042220473,Baja,,0.7567567567567568,0.5675675675675675,0.32432432432432434,0.5495495495495496,0.08154506437768241,0.21995708154506438,31.0,FTSE 100
448,PODD,Insulet Corporation,United States,USD,Healthcare,Medical Devices,134.36,8322.290123995665,201.20867200403677,24.829283713402614,15.82685100682913,39.33486778235543,211.57539336458177,0.26016,0.6724671028117537,-0.57295,Baja,,0.3793103448275862,0.3448275862068966,0.22413793103448276,0.3160919540229885,0.6030042918454936,0.002145922746781116,30.8,S&P 500
449,KR,Kroger Company (The),United States,USD,Consumer Defensive,Grocery Stores,59.25,31251.69549920319,377.76482228398737,32.460464262523196,7.145888468358893,13.800978123986866,2264.4551145897412,0.14442,2.795225617391933,-0.1425426,Baja,,0.10810810810810811,0.9189189189189189,0.7027027027027026,0.5765765765765766,0.11587982832618024,0.11266094420600858,29.9,S&P 500
450,CCEP.L,COCA-COLA EUROPACIFIC PARTNERS ,United Kingdom,GBp,Consumer Defensive,Beverages - Non-Alcoholic,7700.0,39976.792444172876,18.528028457834512,20.028453128343124,14.208946818125256,25.25381606312612,1583.000064,0.23544,2.8872839125499374,0.17121208,Baja,,0.3783783783783784,0.2702702702702703,0.29729729729729726,0.3153153153153153,0.2778969957081545,0.2982832618025751,29.9,FTSE 100
451,RTX,RTX Corporation,United States,USD,Industrials,Aerospace & Defense,180.26,216975.86469120052,708.382676098029,31.396599516180505,17.20653548211524,24.589764215332057,8823.828597588305,0.12274,1.9220509234972472,0.08732283,Baja,,0.30147058823529416,0.3795620437956204,0.583941605839416,0.4216580792901102,0.1791845493562232,0.2542918454935622,29.9,S&P 500
452,SAIA,"Saia, Inc.",United States,USD,Industrials,Trucking,334.72,7953.289096249558,128.9799779218266,32.037463178828915,14.768040754681513,65.61869706918733,121.20461776105876,0.10767,0.3008327512612371,0.059708476,Baja,,0.27941176470588236,0.5474452554744526,0.07299270072992703,0.29994990697008733,0.3583690987124464,0.2349785407725322,29.8,S&P 400 MidCap
453,LIN,Linde plc,United Kingdom,USD,Basic Materials,Specialty Chemicals,483.98,199255.23879143398,898.8583136434856,30.798615599709336,17.81364331070711,53.62138436556613,3715.9659555412204,0.18400998,1.6723340050601396,0.0472821,Igual,,0.07692307692307687,0.038461538461538436,0.23076923076923073,0.11538461538461535,0.3508583690987125,0.47532188841201717,29.4,S&P 500
454,BN.PA,DANONE,France,EUR,Consumer Defensive,Packaged Foods,58.78,37859.93313732,73.01046165999999,19.465261893623012,10.407433376024,18.22379424989583,2077.500032,0.121929996,2.014630760155981,-0.18824178,Baja,,0.4054054054054054,0.6756756756756757,0.5675675675675675,0.5495495495495496,0.16094420600858367,0.0815450643776824,29.3,CAC 40
455,XPO,"XPO, Inc.",United States,USD,Industrials,Trucking,180.36,18860.231412276135,161.38428101068862,52.271571354950495,18.00486308161567,44.5756498452551,423.10614601805366,0.21587,2.713251346595283,0.33369672,Baja,,0.044117647058823484,0.3284671532846716,0.1970802919708029,0.18988836410476598,0.2553648068669528,0.36587982832618027,26.2,S&P 400 MidCap
456,ROL,"Rollins, Inc.",United States,USD,Consumer Cyclical,Personal Services,30.87,13265.177555793529,171.94549975429962,27.934007292389172,18.333502537627204,29.603046419826732,448.10177194834705,0.37008998,1.1632067277838574,-0.47780454,Baja,,0.10526315789473684,0.14035087719298245,0.2807017543859649,0.17543859649122806,0.6223175965665235,0.011802575107296138,26.0,S&P 500
457,PEN,"Penumbra, Inc.",United States,USD,Healthcare,Medical Devices,316.35,11128.779640522704,96.91588683301677,77.59463145331904,58.81457319636581,77.34844040409453,143.87852660483105,0.1137,-2.1836726094320595,0.22436762,Baja,,0.0,0.0,0.03448275862068961,0.011494252873563204,0.5075107296137339,0.3186695278969957,25.2,S&P 400 MidCap
458,AI.PA,AIR LIQUIDE,France,EUR,Basic Materials,Specialty Chemicals,168.62,107607.2094645,129.1949578,30.40267034250746,16.106617524115375,442.25928069267763,243.312496,0.13967,1.9932715600376643,0.0954653,Igual,,0.11538461538461542,0.07692307692307687,0.0,0.0641025641025641,0.19527896995708155,0.5118025751072961,23.8,CAC 40
459,WEIR.L,WEIR PLC ORD 12.5P,United Kingdom,GBp,Industrials,Specialty Industrial Machinery,2560.0,7848.265931424825,34.57578057848633,25.15544485692657,15.512971504791107,53.575723750100764,146.48921903570297,0.1393,2.7761594480643925,-0.04996431,Baja,,0.4779411764705882,0.4817518248175182,0.13138686131386856,0.3636932875339916,0.09871244635193133,0.1630901287553648,22.4,FTSE 100
460,RHM.DE,RHEINMETALL AG                I,Germany,EUR,Industrials,Aerospace & Defense,926.2,43223.9599506,177.6229312,35.72228095090909,19.890457695507106,67.24691059496905,642.764992,0.25688,1.1787877580585138,-0.50711143,Baja,,0.16911764705882348,0.24817518248175185,0.06569343065693434,0.16099542006583656,0.5214592274678111,0.009656652360515022,22.4,DAX
461,BWXT,"BWX Technologies, Inc.",United States,USD,Industrials,Aerospace & Defense,141.54,11581.877320621546,136.0756481749776,36.51165963389367,30.17861580299354,89.05230080076768,130.05702510183434,0.28289,2.9626813293822356,-0.26044363,Igual,,0.15441176470588236,0.04379562043795615,0.021897810218978075,0.07336839845427219,0.33261802575107297,0.30150214592274677,22.0,S&P 400 MidCap
462,WMT,Walmart Inc.,United States,USD,Consumer Defensive,Discount Stores,108.16,766381.6197166592,2287.9036186498633,38.870899776934664,20.91250820644277,120.39269285655999,6365.682181639983,0.22313999,1.442220848307762,0.0417881,Baja,,0.05405405405405406,0.08108108108108103,0.0,0.04504504504504503,0.44313304721030045,0.21888412017167383,21.7,S&P 500
463,OLLI,Ollie's Bargain Outlet Holdings,United States,USD,Consumer Defensive,Discount Stores,86.13,4569.393476120176,138.29079150283897,18.701399847905545,15.15790011704866,42.76324980729357,106.85327931603634,0.14862001,1.4425983222042444,-0.3120345,Baja,,0.4864864864864865,0.18918918918918914,0.1351351351351351,0.27027027027027023,0.30472103004291845,0.033261802575107295,21.0,S&P 400 MidCap
464,ECL,Ecolab Inc.,United States,USD,Basic Materials,Specialty Chemicals,278.1,69625.52739908063,316.5373112865707,36.835846009402765,20.97417243549424,52.86009296608325,1317.1661927222608,0.21956,2.1238242241851144,-0.0018837452,Baja,,0.0,0.0,0.2692307692307693,0.08974358974358976,0.33583690987124465,0.19742489270386265,19.6,S&P 500
465,VMC,Vulcan Materials Company (Holdi,United States,USD,Basic Materials,Building Materials,244.13,28252.37724903769,235.20452864412152,28.318016870372805,15.545851823528068,37.498882826066854,753.4191719812629,0.13234,2.0287569555526117,-0.1825707,Baja,,0.1923076923076923,0.11538461538461542,0.34615384615384615,0.21794871794871795,0.17918454935622316,0.08690987124463519,16.7,S&P 500
466,BROS,Dutch Bros Inc.,United States,USD,Consumer Cyclical,Restaurants,38.18,4703.582375968094,133.65775664887903,57.01489269085871,19.264470511148346,3062.632648187832,1.5357971119230431,0.14562,2.9130513702682483,-0.18506157,Igual,,0.0,0.08771929824561409,0.0,0.02923976608187136,0.10890557939914161,0.33476394849785407,14.5,S&P 400 MidCap
467,PSA,Public Storage,United States,USD,Real Estate,REIT - Industrial,281.99,47057.867245880996,246.37620105639832,28.551824861223896,18.21904707048123,22.572860069400672,2084.710005785741,0.21929,2.8866928540082895,-0.024868667,Baja,,0.0,0.0,0.0,0.0,0.24678111587982834,0.17489270386266095,12.7,S&P 500
